date,hour_utc,dow,session,direction_fwd,or_range,atr,or_atr_ratio,er,pnl_forward,pnl_fade,er_band,or_atr_band
2024-01-04,13,Thu,NY,SHORT,0.10000000000000142,0.03315000000000001,3.016591251885411,0.1582491582491461,-13.999999999999858,-34.00000000000014,low,expanded
2024-01-05,6,Fri,LON,SHORT,0.0940000000000012,0.024000000000000375,3.916666666666655,0.4631578947368427,-33.40000000000012,-14.59999999999988,mid,expanded
2024-01-05,13,Fri,NY,SHORT,0.08599999999999852,0.030900000000000104,2.7831715210355417,0.09644670050761732,-15.400000000000148,-32.59999999999985,low,expanded
2024-01-08,13,Mon,NY,SHORT,0.10100000000000264,0.0355000000000004,2.8450704225352537,0.19887955182072295,-34.100000000000264,-13.899999999999736,low,expanded
2024-01-09,6,Tue,LON,LONG,0.0329999999999977,0.01790000000000038,1.8435754189942455,0.04918032786885055,-27.29999999999977,-20.70000000000023,low,expanded
2024-01-09,13,Tue,NY,LONG,0.10099999999999909,0.02995000000000019,3.3722871452420184,0.0364372469635652,-34.09999999999991,-13.900000000000091,low,expanded
2024-01-10,6,Wed,LON,SHORT,0.05799999999999983,0.021700000000000587,2.672811059907754,0.4299516908212479,-29.799999999999983,-18.200000000000017,mid,expanded
2024-01-10,13,Wed,NY,SHORT,0.125,0.03204999999999991,3.9001560062402603,0.030508474576273637,-11.5,-36.5,low,expanded
2024-01-11,6,Thu,LON,LONG,0.05299999999999727,0.018899999999999827,2.8042328042326856,0.35714285714285865,-29.299999999999727,-18.700000000000273,mid,expanded
2024-01-11,13,Thu,NY,SHORT,0.11399999999999721,0.03329999999999966,3.4234234234233742,0.2829131652661157,-35.39999999999972,-35.39999999999972,low,expanded
2024-01-12,6,Fri,LON,SHORT,0.03500000000000014,0.017200000000000236,2.034883720930213,0.042424242424248686,-20.499999999999986,-27.500000000000014,low,expanded
2024-01-12,13,Fri,NY,LONG,0.12599999999999767,0.03929999999999971,3.206106870228972,0.29153605015674705,-11.400000000000233,-36.59999999999977,low,expanded
2024-01-15,6,Mon,LON,LONG,0.03999999999999915,0.01799999999999944,2.222222222222244,0.03267973856208604,-27.999999999999915,-20.000000000000085,low,expanded
2024-01-17,7,Wed,LON,SHORT,0.10999999999999943,0.02635000000000005,4.174573055028433,0.6492537313432972,-34.99999999999994,-13.000000000000057,high,expanded
2024-01-17,13,Wed,NY,SHORT,0.10299999999999798,0.03395000000000046,3.033873343151593,0.022388059701493327,-13.700000000000202,-34.2999999999998,low,expanded
2024-01-18,13,Thu,NY,SHORT,0.11999999999999744,0.03214999999999968,3.732503888024841,0.21771217712175564,-12.000000000000256,-35.999999999999744,low,expanded
2024-01-19,6,Fri,LON,SHORT,0.04400000000000048,0.02015000000000029,2.1836228287841117,0.06666666666667456,-28.40000000000005,-19.59999999999995,low,expanded
2024-01-22,6,Mon,LON,SHORT,0.1869999999999976,0.04489999999999981,4.164810690423127,0.5866388308977225,-21.299999999999898,-26.700000000000102,mid,expanded
2024-01-22,13,Mon,NY,SHORT,0.1410000000000018,0.03360000000000003,4.196428571428621,0.20645161290322447,-9.899999999999821,-38.10000000000018,low,expanded
2024-01-23,7,Tue,LON,SHORT,0.0849999999999973,0.027899999999999637,3.046594982078796,0.4980988593155938,-15.50000000000027,-32.49999999999973,mid,expanded
2024-01-24,6,Wed,LON,LONG,0.09100000000000108,0.0225000000000005,4.0444444444444025,0.3497536945812656,-14.899999999999892,-33.10000000000011,mid,expanded
2024-01-24,13,Wed,NY,LONG,0.14499999999999957,0.03780000000000019,3.8359788359788056,0.4301675977653537,-38.49999999999996,-9.500000000000043,mid,expanded
2024-01-25,6,Thu,LON,LONG,0.04100000000000037,0.026749999999999476,1.5327102803738757,0.17209302325580672,-28.100000000000037,-19.899999999999963,low,expanded
2024-01-25,13,Thu,NY,LONG,0.06800000000000139,0.028950000000000385,2.3488773747841276,0.1178707224334683,-30.80000000000014,-17.19999999999986,low,expanded
2024-01-29,6,Mon,LON,LONG,0.06899999999999906,0.020899999999999606,3.301435406698582,0.08108108108108628,-17.100000000000094,-30.899999999999906,low,expanded
2024-01-29,13,Mon,NY,LONG,0.053999999999998494,0.02455000000000034,2.1995926680243483,0.12500000000000464,-29.39999999999985,-18.60000000000015,low,expanded
2024-01-30,14,Tue,NY,LONG,0.06499999999999773,0.025049999999999704,2.5948103792414567,0.05737704918032608,-17.500000000000227,-30.499999999999773,low,expanded
2024-01-31,6,Wed,LON,SHORT,0.04499999999999815,0.015449999999999875,2.912621359223205,0.36206896551727835,-28.499999999999815,-19.500000000000185,mid,expanded
2024-01-31,13,Wed,NY,LONG,0.07600000000000051,0.028500000000000726,2.666666666666617,0.06617647058823645,-16.39999999999995,-31.60000000000005,low,expanded
2024-02-01,7,Thu,LON,SHORT,0.06599999999999895,0.021999999999999707,2.999999999999992,0.5666666666666581,-17.400000000000105,-30.599999999999895,mid,expanded
2024-02-05,6,Mon,LON,SHORT,0.054000000000002046,0.02425000000000015,2.226804123711411,0.01714285714285807,-29.400000000000205,-18.599999999999795,low,expanded
2024-02-05,13,Mon,NY,SHORT,0.16900000000000048,0.03469999999999977,4.87031700288189,0.660919540229868,-40.90000000000005,-7.099999999999952,high,expanded
2024-02-06,6,Tue,LON,SHORT,0.04800000000000182,0.02364999999999995,2.0295983086681573,0.22869955156951643,-19.199999999999818,-28.800000000000182,low,expanded
2024-02-06,14,Tue,NY,SHORT,0.07499999999999929,0.026349999999999697,2.846299810246685,0.05599999999999659,-31.49999999999993,-16.50000000000007,low,expanded
2024-02-07,6,Wed,LON,SHORT,0.031999999999996476,0.019749999999999802,1.6202531645567997,0.5000000000000099,-27.199999999999648,-20.800000000000352,mid,expanded
2024-02-07,13,Wed,NY,SHORT,0.0730000000000004,0.028349999999999476,2.5749559082893034,0.18248175182481713,-31.30000000000004,-16.69999999999996,low,expanded
2024-02-08,13,Thu,NY,SHORT,0.07700000000000173,0.02845000000000013,2.706502636203915,0.34586466165414165,-16.299999999999827,-31.700000000000173,mid,expanded
2024-02-09,6,Fri,LON,LONG,0.07400000000000162,0.013149999999999728,5.627376425855753,0.2151898734177033,-27.200000000000003,-20.799999999999997,low,expanded
2024-02-09,13,Fri,NY,LONG,0.0470000000000006,0.023199999999999932,2.025862068965549,0.4273127753304217,-28.70000000000006,-28.70000000000006,mid,expanded
2024-02-12,6,Mon,LON,LONG,0.037000000000002586,0.017200000000000236,2.1511627906977955,0.49438202247192314,-20.29999999999974,-27.70000000000026,mid,expanded
2024-02-13,6,Tue,LON,LONG,0.027999999999998693,0.01125000000000025,2.4888888888887175,0.6129032258064836,-21.20000000000013,-26.79999999999987,high,expanded
2024-02-13,13,Tue,NY,LONG,0.06099999999999994,0.02655000000000012,2.2975517890772004,0.049999999999989345,-30.099999999999994,-17.900000000000006,low,expanded
2024-02-14,6,Wed,LON,SHORT,0.04400000000000048,0.015600000000000414,2.8205128205127767,0.3109243697478916,-19.59999999999995,-28.40000000000005,mid,expanded
2024-02-15,6,Thu,LON,LONG,0.05999999999999872,0.015699999999999114,3.821656050955548,0.6479999999999777,-18.000000000000128,-29.999999999999872,high,expanded
2024-02-15,13,Thu,NY,LONG,0.10000000000000142,0.03520000000000003,2.840909090909129,0.07301587301587173,-13.999999999999858,-34.00000000000014,low,expanded
2024-02-16,7,Fri,LON,LONG,0.053000000000000824,0.017800000000000437,2.9775280898876137,0.24812030075189737,-23.899999999999878,-24.100000000000122,low,expanded
2024-02-16,13,Fri,NY,LONG,0.05699999999999861,0.024200000000000266,2.3553719008263627,0.3513513513513607,-18.30000000000014,-29.69999999999986,mid,expanded
2024-02-19,6,Mon,LON,LONG,0.0470000000000006,0.02500000000000018,1.8800000000000106,0.2511415525114413,-28.70000000000006,-19.29999999999994,low,expanded
2024-02-20,6,Tue,LON,SHORT,0.030000000000001137,0.01814999999999962,1.6528925619835682,0.25373134328360664,-27.000000000000114,-20.999999999999886,low,expanded
2024-02-20,13,Tue,NY,LONG,0.07399999999999807,0.02895000000000003,2.5561312607944036,0.309644670050768,-31.399999999999807,-16.600000000000193,mid,expanded
2024-02-21,6,Wed,LON,LONG,0.05099999999999838,0.027000000000000312,1.8888888888888071,0.13793103448275862,-29.099999999999838,-18.900000000000162,low,expanded
2024-02-21,14,Wed,NY,LONG,0.10800000000000054,0.030199999999999783,3.5761589403973946,0.05405405405405751,-34.800000000000054,-13.199999999999946,low,expanded
2024-02-22,13,Thu,NY,LONG,0.07400000000000162,0.02545000000000037,2.907662082514756,0.2903225806451528,-31.400000000000162,-16.599999999999838,low,expanded
2024-02-23,6,Fri,LON,SHORT,0.05600000000000094,0.024499999999999744,2.2857142857143478,0.6363636363636437,-29.600000000000094,-18.399999999999906,high,expanded
2024-02-23,13,Fri,NY,SHORT,0.09199999999999875,0.034699999999999065,2.651296829971217,0.11254019292604935,-14.800000000000125,-33.199999999999875,low,expanded
2024-02-26,6,Mon,LON,SHORT,0.03500000000000014,0.022050000000000302,1.5873015873015721,0.003663003662994987,-27.500000000000014,-20.499999999999986,low,expanded
2024-02-26,14,Mon,NY,SHORT,0.06499999999999773,0.03249999999999957,1.9999999999999565,0.12087912087912088,-30.499999999999773,-17.500000000000227,low,expanded
2024-02-27,13,Tue,NY,SHORT,0.09500000000000242,0.03245000000000005,2.927580893682659,0.18072289156625337,-14.499999999999758,-33.50000000000024,low,expanded
2024-02-28,6,Wed,LON,SHORT,0.045999999999999375,0.018450000000000168,2.493224932249266,0.14018691588785667,-19.400000000000063,-28.599999999999937,low,expanded
2024-02-29,6,Thu,LON,LONG,0.028999999999999915,0.013599999999999923,2.1323529411764763,0.17355371900826785,-21.10000000000001,-26.89999999999999,low,expanded
2024-03-01,14,Fri,NY,LONG,0.07900000000000063,0.02930000000000028,2.6962457337883916,0.3696498054474592,-31.900000000000063,-16.099999999999937,mid,expanded
2024-03-04,6,Mon,LON,LONG,0.05099999999999838,0.018699999999999585,2.7272727272727013,0.03333333333333596,-18.900000000000162,-29.099999999999838,low,expanded
2024-03-04,13,Mon,NY,LONG,0.0779999999999994,0.024450000000000038,3.190184049079725,0.19665271966526188,-16.20000000000006,-31.79999999999994,low,expanded
2024-03-05,7,Tue,LON,LONG,0.04100000000000037,0.02759999999999998,1.4855072463768262,0.3444816053511763,-19.899999999999963,-28.100000000000037,mid,normal
2024-03-05,13,Tue,NY,LONG,0.19400000000000261,0.03895000000000035,4.98074454428757,0.37815126050420433,-43.40000000000026,-4.5999999999997385,mid,expanded
2024-03-06,7,Wed,LON,LONG,0.06499999999999773,0.024150000000000206,2.691511387163444,0.3247863247863245,-30.499999999999773,-17.500000000000227,mid,expanded
2024-03-06,13,Wed,NY,LONG,0.14300000000000068,0.03855000000000004,3.7094682230869136,0.06583072100312634,-9.699999999999932,-38.30000000000007,low,expanded
2024-03-07,6,Thu,LON,LONG,0.05999999999999872,0.032250000000000514,1.8604651162790005,0.617021276595735,-18.000000000000128,-29.999999999999872,high,expanded
2024-03-07,13,Thu,NY,LONG,0.16300000000000026,0.03469999999999977,4.697406340057675,0.6416666666666895,-7.699999999999974,-40.300000000000026,high,expanded
2024-03-08,6,Fri,LON,LONG,0.07000000000000028,0.02660000000000018,2.631578947368414,0.08943089430895436,-16.99999999999997,-31.00000000000003,low,expanded
2024-03-08,13,Fri,NY,LONG,0.14199999999999946,0.0335999999999995,4.226190476190523,0.4393939393939333,-38.199999999999946,-9.800000000000054,mid,expanded
2024-03-10,23,Sun,ASIA,LONG,0.10199999999999676,0.02285000000000039,4.4638949671770245,0.495238095238098,-34.199999999999676,-13.800000000000324,mid,expanded
2024-03-11,7,Mon,LON,LONG,0.08099999999999952,0.028050000000000175,2.887700534759323,0.13071895424835828,-32.09999999999995,-15.900000000000048,low,expanded
2024-03-11,13,Mon,NY,LONG,0.09499999999999886,0.04799999999999986,1.9791666666666488,0.25882352941176495,-33.499999999999886,-14.500000000000114,low,expanded
2024-03-11,22,Mon,ASIA,LONG,0.03500000000000014,0.022450000000000258,1.5590200445434184,0.17131474103585523,-20.499999999999986,-27.500000000000014,low,expanded
2024-03-12,13,Tue,NY,SHORT,0.2630000000000017,0.10510000000000037,2.5023786869648026,0.09246901811249,-37.200000000000145,-10.799999999999855,low,expanded
2024-03-12,22,Tue,ASIA,SHORT,0.03399999999999892,0.03210000000000015,1.0591900311526095,0.04587155963302618,-27.399999999999892,-20.600000000000108,low,normal
2024-03-13,6,Wed,LON,SHORT,0.06299999999999883,0.0291500000000001,2.1612349914236235,0.2100840336134519,-30.299999999999883,-17.700000000000117,low,expanded
2024-03-13,13,Wed,NY,LONG,0.10999999999999943,0.052300000000000145,2.1032504780114554,0.2746113989637211,-13.000000000000057,-34.99999999999994,low,expanded
2024-03-14,6,Thu,LON,LONG,0.129999999999999,0.034949999999999905,3.719599427753916,0.11235955056179932,-16.39999999999995,-31.60000000000005,low,expanded
2024-03-14,23,Thu,ASIA,LONG,0.0259999999999998,0.016149999999999488,1.6099071207430729,0.2640000000000041,-21.40000000000002,-26.59999999999998,low,expanded
2024-03-15,14,Fri,NY,LONG,0.1490000000000009,0.06244999999999958,2.385908726981616,0.014373716632446139,-9.099999999999909,-38.90000000000009,low,expanded
2024-03-18,6,Mon,LON,LONG,0.06499999999999773,0.02684999999999942,2.4208566108007123,0.06329113924049608,-17.500000000000227,-30.499999999999773,low,expanded
2024-03-19,13,Tue,NY,SHORT,0.0779999999999994,0.04610000000000021,1.6919739696312157,0.0751445086705181,-16.20000000000006,-31.79999999999994,low,expanded
2024-03-19,23,Tue,ASIA,SHORT,0.028000000000002245,0.021550000000000402,1.2993039443156251,0.012765957446809025,-26.800000000000225,-21.199999999999775,low,normal
2024-03-20,6,Wed,LON,SHORT,0.038000000000000256,0.025899999999999857,1.4671814671814851,0.15021459227467837,-27.800000000000026,-20.199999999999974,low,normal
2024-03-21,7,Thu,LON,LONG,0.08699999999999974,0.032549999999999635,2.6728110599078563,0.09036144578313189,-32.699999999999974,-15.300000000000026,low,expanded
2024-03-22,6,Fri,LON,SHORT,0.09600000000000009,0.030900000000000104,3.1067961165048468,0.023076923076923498,-14.399999999999991,-33.60000000000001,low,expanded
2024-03-24,22,Sun,ASIA,SHORT,0.06799999999999784,0.023049999999999925,2.950108459869764,0.09941520467836598,-30.799999999999784,-17.200000000000216,low,expanded
2024-03-25,6,Mon,LON,SHORT,0.15700000000000003,0.035050000000000206,4.479315263908676,0.44966442953019975,-39.7,-8.299999999999997,mid,expanded
2024-03-26,6,Tue,LON,SHORT,0.0710000000000015,0.0346999999999996,2.0461095100865223,0.13793103448275826,-16.89999999999985,-31.10000000000015,low,expanded
2024-03-31,23,Sun,ASIA,LONG,0.11299999999999955,0.04740000000000037,2.38396624472571,0.5578947368420957,-12.700000000000045,-35.299999999999955,mid,expanded
2024-04-01,7,Mon,LON,LONG,0.07399999999999807,0.03485000000000031,2.123385939741676,0.2709030100334533,-31.399999999999807,-16.600000000000193,low,expanded
2024-04-02,6,Tue,LON,LONG,0.11299999999999955,0.028499999999999838,3.964912280701761,0.35433070866143473,-12.700000000000045,-35.299999999999955,mid,expanded
2024-04-02,14,Tue,NY,LONG,0.17999999999999972,0.07330000000000023,2.4556616643928946,0.005347593582889478,-6.000000000000028,-41.99999999999997,low,expanded
2024-04-03,6,Wed,LON,LONG,0.125,0.04715000000000007,2.651113467656412,0.19057815845825077,-36.5,-11.5,low,expanded
2024-04-03,13,Wed,NY,LONG,0.19500000000000028,0.08599999999999977,2.2674418604651256,0.2540983606557336,-4.499999999999972,-43.50000000000003,low,expanded
2024-04-04,7,Thu,LON,LONG,0.08000000000000185,0.03634999999999984,2.2008253094911194,0.0915492957746441,-15.999999999999815,-32.000000000000185,low,expanded
2024-04-04,14,Thu,NY,LONG,0.12599999999999767,0.06099999999999959,2.065573770491779,0.2123287671232931,-11.400000000000233,-36.59999999999977,low,expanded
2024-04-05,13,Fri,NY,LONG,0.2480000000000011,0.11629999999999985,2.132416165090296,0.025868440502584293,0.8000000000001108,-48.80000000000011,low,expanded
2024-04-08,6,Mon,LON,LONG,0.1559999999999988,0.06205000000000034,2.5141015310233352,0.014586709886548428,-18.399999999999906,-29.600000000000094,low,expanded
2024-04-08,22,Mon,ASIA,LONG,0.0730000000000004,0.025349999999999893,2.879684418145984,0.07023411371236798,-31.30000000000004,-16.69999999999996,low,expanded
2024-04-09,7,Tue,LON,LONG,0.16199999999999903,0.05400000000000027,2.999999999999967,0.13543599257885186,-7.800000000000097,-40.1999999999999,low,expanded
2024-04-09,13,Tue,NY,LONG,0.16199999999999903,0.07370000000000054,2.198100407055602,0.2724458204334422,-40.1999999999999,-7.800000000000097,low,expanded
2024-04-09,22,Tue,ASIA,LONG,0.045999999999999375,0.02364999999999995,1.9450317124735508,0.3723404255318976,-28.599999999999937,-19.400000000000063,mid,expanded
2024-04-10,7,Wed,LON,LONG,0.12099999999999866,0.04834999999999941,2.5025853154084827,0.054166666666666204,-36.099999999999866,-11.900000000000134,low,expanded
2024-04-10,14,Wed,NY,LONG,0.4140000000000015,0.12345000000000006,3.3535844471446032,0.3016129032258096,17.400000000000148,-65.40000000000015,mid,expanded
2024-04-11,7,Thu,LON,LONG,0.18100000000000094,0.05075000000000003,3.5665024630542033,0.16269841269841487,-23.80000000000011,-24.19999999999989,low,expanded
2024-04-11,13,Thu,NY,LONG,0.17800000000000082,0.07229999999999955,2.461964038727551,0.24671052631579277,-41.80000000000008,-6.199999999999918,low,expanded
2024-04-11,23,Thu,ASIA,LONG,0.12299999999999756,0.03714999999999975,3.3109017496634823,0.12244897959183206,-36.299999999999756,-11.700000000000244,low,expanded
2024-04-12,6,Fri,LON,LONG,0.12900000000000134,0.05424999999999969,2.3778801843318353,0.182004089979549,-11.099999999999866,-36.900000000000134,low,expanded
2024-04-12,13,Fri,NY,LONG,0.245000000000001,0.07970000000000006,3.0740276035131844,0.35782312925170845,0.5000000000000995,-48.5000000000001,mid,expanded
2024-04-15,23,Mon,ASIA,LONG,0.15500000000000114,0.03190000000000026,4.858934169278992,0.3333333333333424,-39.500000000000114,-8.499999999999886,mid,expanded
2024-04-16,13,Tue,NY,SHORT,0.3019999999999996,0.07560000000000003,3.9947089947089878,0.2402684563758343,-31.79999999999994,-16.20000000000006,low,expanded
2024-04-17,13,Wed,NY,LONG,0.16400000000000148,0.0627500000000003,2.6135458167330787,0.24168514412417214,-7.599999999999852,-40.40000000000015,low,expanded
2024-04-17,22,Wed,ASIA,SHORT,0.05999999999999872,0.03515000000000033,1.7069701280227074,0.2970297029703005,-29.999999999999872,-18.000000000000128,low,expanded
2024-04-18,22,Thu,ASIA,SHORT,0.04100000000000037,0.019949999999999867,2.055137844611561,0.3413173652694568,-28.100000000000037,-19.899999999999963,mid,expanded
2024-04-22,6,Mon,LON,SHORT,0.13799999999999812,0.07210000000000036,1.9140083217752766,0.2395437262357471,-10.200000000000188,-37.79999999999981,low,expanded
2024-04-22,13,Mon,NY,SHORT,0.19099999999999895,0.07420000000000027,2.5741239892183057,0.2539267015706796,-43.099999999999895,-4.900000000000105,low,expanded
2024-04-23,6,Tue,LON,SHORT,0.19699999999999918,0.05449999999999999,3.6146788990825542,0.3145161290322588,-22.699999999999832,-25.300000000000168,mid,expanded
2024-04-23,22,Tue,ASIA,SHORT,0.05100000000000193,0.022249999999999836,2.292134831460778,0.19565217391304598,-29.100000000000193,-18.899999999999807,low,expanded
2024-04-24,6,Wed,LON,SHORT,0.18900000000000006,0.049350000000000095,3.829787234042547,0.2439560439560444,-5.099999999999994,-42.900000000000006,low,expanded
2024-04-24,13,Wed,NY,SHORT,0.1769999999999996,0.056700000000000014,3.121693121693114,0.13907284768211958,-41.69999999999996,-6.30000000000004,low,expanded
2024-04-26,6,Fri,LON,LONG,0.09299999999999997,0.045650000000000544,2.0372398685651447,0.13554987212276365,-21.40000000000002,-26.59999999999998,low,expanded
2024-04-29,6,Mon,LON,SHORT,0.09800000000000253,0.0442000000000002,2.217194570135794,0.10123456790123608,-33.80000000000025,-14.199999999999747,low,expanded
2024-04-29,13,Mon,NY,SHORT,0.07600000000000051,0.05014999999999965,1.5154536390827724,0.4020618556701056,-16.39999999999995,-31.60000000000005,mid,expanded
2024-04-29,22,Mon,ASIA,SHORT,0.06500000000000128,0.01990000000000016,3.266331658291495,0.5316455696202825,-25.399999999999935,-22.600000000000065,mid,expanded
2024-05-01,6,Wed,LON,SHORT,0.08800000000000097,0.032950000000000125,2.67071320182096,0.3161290322580667,-30.299999999999883,-17.700000000000117,mid,expanded
2024-05-03,13,Fri,NY,SHORT,0.2049999999999983,0.1087499999999995,1.8850574712643609,0.05465004793863743,-3.5000000000001705,-44.49999999999983,low,expanded
2024-05-06,6,Mon,LON,LONG,0.0799999999999983,0.04025000000000016,1.9875776397515026,0.3181818181818178,-16.00000000000017,-31.99999999999983,mid,expanded
2024-05-06,13,Mon,NY,LONG,0.16600000000000037,0.06590000000000007,2.518968133535663,0.39044481054366087,-40.60000000000004,-7.399999999999963,mid,expanded
2024-05-08,14,Wed,NY,LONG,0.19399999999999906,0.06064999999999987,3.198680956306669,0.0592334494773495,-25.500000000000057,-22.499999999999943,low,expanded
2024-05-09,13,Thu,NY,LONG,0.3290000000000006,0.06555,5.0190694126621,0.04229607250755096,-7.099999999999952,-40.90000000000005,low,expanded
2024-05-09,23,Thu,ASIA,LONG,0.08699999999999974,0.028800000000000027,3.0208333333333215,0.10576923076923947,-32.699999999999974,-15.300000000000026,low,expanded
2024-05-10,6,Fri,LON,LONG,0.15800000000000125,0.047799999999999974,3.305439330543961,0.47752808988765255,-8.199999999999875,-39.800000000000125,mid,expanded
2024-05-10,13,Fri,NY,LONG,0.18200000000000216,0.0692499999999999,2.628158844765378,0.30203442879499415,-42.200000000000216,-5.799999999999784,mid,expanded
2024-05-12,23,Sun,ASIA,LONG,0.06899999999999906,0.02125000000000039,3.247058823529308,0.39285714285715945,-30.899999999999906,-17.100000000000094,mid,expanded
2024-05-13,6,Mon,LON,LONG,0.08299999999999841,0.042850000000000145,1.9369894982496645,0.12110726643598156,-19.10000000000005,-28.89999999999995,low,expanded
2024-05-13,14,Mon,NY,LONG,0.11599999999999966,0.057099999999999616,2.031523642732057,0.1183970856101948,-35.599999999999966,-12.400000000000034,low,expanded
2024-05-13,22,Mon,ASIA,LONG,0.12199999999999989,0.020300000000000297,6.0098522167486745,0.14893617021276837,-27.999999999999915,-20.000000000000085,low,expanded
2024-05-14,13,Tue,NY,LONG,0.1599999999999966,0.08019999999999979,1.995012468827893,0.09638554216867354,-39.99999999999966,-8.000000000000341,low,expanded
2024-05-14,22,Tue,ASIA,LONG,0.04900000000000304,0.02190000000000012,2.2374429223745556,0.05325443786982323,-28.900000000000304,-19.099999999999696,low,expanded
2024-05-15,6,Wed,LON,LONG,0.1180000000000021,0.03475000000000002,3.395683453237469,0.1818181818181757,-12.19999999999979,-35.80000000000021,low,expanded
2024-05-15,23,Wed,ASIA,LONG,0.18100000000000094,0.03965000000000014,4.564943253467851,0.05660377358490819,-42.100000000000094,-5.899999999999906,low,expanded
2024-05-16,7,Thu,LON,LONG,0.10800000000000054,0.04734999999999996,2.2808870116156417,0.3394077448747173,-13.199999999999946,-34.800000000000054,mid,expanded
2024-05-16,14,Thu,NY,LONG,0.21699999999999875,0.09625000000000039,2.254545454545432,0.10970464135021009,-12.69999999999969,-35.30000000000031,low,expanded
2024-05-16,22,Thu,ASIA,LONG,0.11299999999999955,0.025750000000000384,4.388349514563024,0.3475935828877052,-35.299999999999955,-12.700000000000045,mid,expanded
2024-05-17,6,Fri,LON,LONG,0.10300000000000153,0.03705000000000016,2.7800269905533357,0.5099999999999766,-34.30000000000015,-13.699999999999847,mid,expanded
2024-05-17,14,Fri,NY,LONG,0.28500000000000014,0.10244999999999979,2.781844802342613,0.6471600688468134,4.500000000000014,-52.500000000000014,high,expanded
2024-05-21,7,Tue,LON,LONG,0.26200000000000045,0.08365000000000009,3.1320980274955192,0.07068062827225438,-27.800000000000026,-20.199999999999974,low,expanded
2024-05-21,13,Tue,NY,LONG,0.3810000000000002,0.10224999999999991,3.7261613691931594,0.11131554737810585,14.100000000000023,-62.10000000000002,low,expanded
2024-05-22,6,Wed,LON,LONG,0.12300000000000111,0.06375000000000082,1.9294117647058748,0.16998468606431894,-36.30000000000011,-11.69999999999989,low,expanded
2024-05-23,13,Thu,NY,SHORT,0.31899999999999906,0.08354999999999997,3.818073010173539,0.20953575909661507,7.899999999999906,-55.899999999999906,low,expanded
2024-05-24,6,Fri,LON,SHORT,0.14999999999999858,0.0548,2.737226277372237,0.17467248908296631,-38.99999999999986,-9.000000000000142,low,expanded
2024-05-24,13,Fri,NY,SHORT,0.12599999999999767,0.05835000000000008,2.15938303341898,0.057943925233643,-11.400000000000233,-36.59999999999977,low,expanded
2024-05-27,6,Mon,LON,LONG,0.0920000000000023,0.050899999999999855,1.8074656188605611,0.1442080378250535,-33.20000000000023,-14.79999999999977,low,expanded
2024-05-27,13,Mon,NY,LONG,0.4289999999999985,0.05324999999999989,8.056338028169003,0.6801346801346908,18.89999999999985,-66.89999999999985,high,expanded
2024-05-27,22,Mon,ASIA,LONG,0.052000000000003155,0.042750000000000024,1.2163742690059212,0.3827893175074161,-29.200000000000315,-18.799999999999685,mid,normal
2024-05-28,23,Tue,ASIA,LONG,0.15700000000000003,0.05320000000000018,2.951127819548863,0.0734463276836044,-39.7,-8.299999999999997,low,expanded
2024-05-29,6,Wed,LON,LONG,0.11700000000000443,0.06539999999999893,1.7889908256881704,0.06613226452905938,-12.299999999999557,-35.70000000000044,low,expanded
2024-05-29,13,Wed,NY,LONG,0.33200000000000074,0.0961500000000001,3.452938117524705,0.12228571428571351,-5.099999999999639,-42.90000000000036,low,expanded
2024-05-29,23,Wed,ASIA,LONG,0.11000000000000298,0.03240000000000069,3.3950617283950812,0.18300653594771493,-35.0000000000003,-12.999999999999702,low,expanded
2024-05-31,13,Fri,NY,SHORT,0.33500000000000085,0.0977000000000002,3.4288638689866957,0.19260065288356484,9.500000000000085,-57.500000000000085,low,expanded
2024-06-02,22,Sun,ASIA,SHORT,0.129999999999999,0.04064999999999976,3.198031980319797,0.17933130699088626,-36.9999999999999,-11.0000000000001,low,expanded
2024-06-03,13,Mon,NY,SHORT,0.19500000000000028,0.07819999999999983,2.493606138107426,0.07170795306388461,-4.499999999999972,-43.50000000000003,low,expanded
2024-06-04,7,Tue,LON,SHORT,0.26099999999999923,0.062249999999999694,4.192771084337358,0.10662824207492477,2.0999999999999233,-50.09999999999992,low,expanded
2024-06-04,13,Tue,NY,SHORT,0.3249999999999993,0.10880000000000009,2.9871323529411673,0.16160626836435177,8.499999999999929,-56.49999999999993,low,expanded
2024-06-05,6,Wed,LON,SHORT,0.21699999999999875,0.04510000000000005,4.81152993348112,0.35784313725489725,-30.299999999999883,-17.700000000000117,mid,expanded
2024-06-05,13,Wed,NY,SHORT,0.1579999999999977,0.0700000000000001,2.2571428571428207,0.13362701908957486,-8.20000000000023,-39.79999999999977,low,expanded
2024-06-05,22,Wed,ASIA,LONG,0.03999999999999915,0.02315000000000058,1.7278617710582351,0.12041884816753382,-27.999999999999915,-20.000000000000085,low,expanded
2024-06-06,13,Thu,NY,LONG,0.3299999999999983,0.08619999999999983,3.8283062645011476,0.2056338028168983,8.99999999999983,-56.99999999999983,low,expanded
2024-06-06,23,Thu,ASIA,LONG,0.0730000000000004,0.02545000000000037,2.868369351669915,0.428571428571415,-31.30000000000004,-16.69999999999996,mid,expanded
2024-06-07,6,Fri,LON,LONG,0.1410000000000018,0.06400000000000042,2.2031250000000138,0.5577557755775644,-38.10000000000018,-9.899999999999821,mid,expanded
2024-06-07,13,Fri,NY,SHORT,0.22600000000000264,0.14504999999999962,1.558083419510536,0.4046028210838852,-1.3999999999997357,-46.600000000000264,mid,expanded
2024-06-10,6,Mon,LON,SHORT,0.15399999999999991,0.05290000000000052,2.911153119092597,0.1391162029459906,-39.39999999999999,-8.600000000000009,low,expanded
2024-06-10,13,Mon,NY,SHORT,0.16400000000000148,0.06470000000000038,2.534775888717164,0.09595959595959727,-7.599999999999852,-40.40000000000015,low,expanded
2024-06-10,22,Mon,ASIA,SHORT,0.14199999999999946,0.02685000000000013,5.28864059590312,0.17842323651453212,-9.800000000000054,-38.199999999999946,low,expanded
2024-06-11,13,Tue,NY,SHORT,0.25900000000000034,0.0788000000000002,3.286802030456849,0.03059975520195637,-18.599999999999795,-29.400000000000205,low,expanded
2024-06-11,22,Tue,ASIA,SHORT,0.027000000000001023,0.015950000000000308,1.692789968652069,0.6111111111111112,-26.700000000000102,-21.299999999999898,high,expanded
2024-06-12,6,Wed,LON,SHORT,0.10600000000000165,0.0370000000000001,2.8648648648649013,0.0839160839160867,-24.30000000000001,-23.69999999999999,low,expanded
2024-06-13,13,Thu,NY,SHORT,0.1930000000000014,0.09154999999999962,2.1081376297105647,0.3483386923901373,-4.699999999999861,-43.30000000000014,mid,expanded
2024-06-13,22,Thu,ASIA,SHORT,0.036000000000001364,0.019350000000000023,1.860465116279138,0.01149425287357824,-20.399999999999864,-27.600000000000136,low,expanded
2024-06-14,7,Fri,LON,SHORT,0.14599999999999724,0.047900000000000456,3.0480167014612913,0.4406779661016903,-38.599999999999724,-9.400000000000276,mid,expanded
2024-06-14,13,Fri,NY,SHORT,0.14000000000000057,0.06635000000000009,2.1100226073850847,0.2746268656716441,-38.00000000000006,-9.999999999999943,low,expanded
2024-06-17,22,Mon,ASIA,LONG,0.06199999999999761,0.020100000000000406,3.0845771144276797,0.145299145299144,-17.80000000000024,-30.19999999999976,low,expanded
2024-06-19,7,Wed,LON,LONG,0.07700000000000173,0.029149999999999565,2.641509433962363,0.12230215827337486,-16.299999999999827,-31.700000000000173,low,expanded
2024-06-20,13,Thu,NY,LONG,0.14300000000000068,0.07795000000000005,1.8345093008338755,0.1938895417156279,-9.699999999999932,-38.30000000000007,low,expanded
2024-06-20,23,Thu,ASIA,LONG,0.062000000000001165,0.02610000000000028,2.3754789272030843,0.18803418803419153,-17.799999999999883,-30.200000000000117,low,expanded
2024-06-23,23,Sun,ASIA,SHORT,0.08699999999999974,0.023100000000000342,3.7662337662336993,0.3519553072625652,-15.300000000000026,-32.699999999999974,mid,expanded
2024-06-24,6,Mon,LON,SHORT,0.08999999999999986,0.03544999999999998,2.5387870239774304,0.10791366906475004,-32.999999999999986,-15.000000000000014,low,expanded
2024-06-24,23,Mon,ASIA,SHORT,0.08299999999999841,0.030399999999999493,2.73026315789473,0.10112359550562067,-15.70000000000016,-32.29999999999984,low,expanded
2024-06-25,13,Tue,NY,SHORT,0.27099999999999724,0.06280000000000019,4.315286624203765,0.2975970425138629,3.0999999999997243,-51.099999999999724,low,expanded
2024-06-25,23,Tue,ASIA,SHORT,0.09800000000000253,0.022399999999999663,4.3750000000001785,0.04000000000001033,-14.199999999999747,-33.80000000000025,low,expanded
2024-06-26,13,Wed,NY,SHORT,0.3169999999999966,0.06280000000000037,5.0477707006368595,0.3868613138686055,-55.69999999999966,7.699999999999662,mid,expanded
2024-06-26,22,Wed,ASIA,SHORT,0.0470000000000006,0.020050000000000345,2.3441396508728074,0.014705882352958848,-19.29999999999994,-28.70000000000006,low,expanded
2024-06-27,7,Thu,LON,SHORT,0.11299999999999955,0.0386000000000001,2.9274611398963537,0.08203991130820305,-35.299999999999955,-12.700000000000045,low,expanded
2024-06-27,13,Thu,NY,SHORT,0.1960000000000015,0.07395000000000049,2.650439486139286,0.23200000000000148,-9.39999999999992,-38.60000000000008,low,expanded
2024-06-28,6,Fri,LON,LONG,0.10200000000000031,0.03825000000000038,2.6666666666666483,0.5598705501618227,-13.799999999999969,-34.20000000000003,mid,expanded
2024-07-01,13,Mon,NY,LONG,0.16900000000000048,0.06145000000000049,2.7502034174125165,0.03235747303543502,-40.90000000000005,-7.099999999999952,low,expanded
2024-07-02,13,Tue,NY,LONG,0.22100000000000009,0.06550000000000011,3.374045801526713,0.2341085271317896,-1.8999999999999915,-46.10000000000001,low,expanded
2024-07-02,22,Tue,ASIA,LONG,0.14999999999999858,0.030350000000000144,4.942339373970276,0.1562500000000073,-27.699999999999903,-20.300000000000097,low,expanded
2024-07-03,6,Wed,LON,LONG,0.12099999999999866,0.039349999999999774,3.0749682337992215,0.17816091954022356,-11.900000000000134,-36.099999999999866,low,expanded
2024-07-03,13,Wed,NY,LONG,0.2630000000000017,0.08665000000000038,3.035199076745534,0.22080924855491568,-24.200000000000244,-23.799999999999756,low,expanded
2024-07-03,22,Wed,ASIA,LONG,0.05600000000000094,0.018549999999999935,3.018867924528363,0.3896103896103956,-18.399999999999906,-29.600000000000094,mid,expanded
2024-07-04,7,Thu,LON,LONG,0.15899999999999892,0.042149999999999466,3.7722419928825843,0.4568527918781738,-21.59999999999991,-26.40000000000009,mid,expanded
2024-07-04,13,Thu,NY,LONG,0.07900000000000063,0.03895,2.0282413350449455,0.036458333333331934,-16.099999999999937,-31.900000000000063,low,expanded
2024-07-05,13,Fri,NY,LONG,0.32099999999999795,0.1423499999999999,2.255005268703886,0.20521172638436308,8.099999999999795,-56.099999999999795,low,expanded
2024-07-08,7,Mon,LON,LONG,0.16900000000000048,0.05015000000000001,3.3698903290129705,0.3181818181818235,-24.500000000000256,-23.499999999999744,mid,expanded
2024-07-08,13,Mon,NY,LONG,0.12299999999999756,0.0561,2.1925133689839136,0.03067484662576072,-11.700000000000244,-36.299999999999756,low,expanded
2024-07-09,13,Tue,NY,LONG,0.21499999999999986,0.06295000000000002,3.415409054805398,0.06867671691791828,-45.499999999999986,-2.500000000000014,low,expanded
2024-07-10,13,Wed,NY,LONG,0.15500000000000114,0.05250000000000021,2.952380952380962,0.18787878787877352,-39.500000000000114,-8.499999999999886,low,expanded
2024-07-12,6,Fri,LON,SHORT,0.13100000000000023,0.0549000000000003,2.3861566484517214,0.4784053156146294,-10.899999999999977,-37.10000000000002,mid,expanded
2024-07-15,6,Mon,LON,SHORT,0.1269999999999989,0.04024999999999945,3.1552795031056053,0.5943661971830878,-22.900000000000077,-25.099999999999923,mid,expanded
2024-07-15,13,Mon,NY,SHORT,0.13599999999999923,0.0570999999999998,2.3817863397548114,0.0699432892249514,-37.59999999999992,-10.400000000000077,low,expanded
2024-07-15,22,Mon,ASIA,SHORT,0.03999999999999915,0.013899999999999224,2.877697841726718,0.35714285714291755,-20.000000000000085,-27.999999999999915,mid,expanded
2024-07-16,6,Tue,LON,LONG,0.10199999999999676,0.0322499999999998,3.1627906976743376,0.17261904761904787,-34.199999999999676,-13.800000000000324,low,expanded
2024-07-16,22,Tue,ASIA,LONG,0.036999999999999034,0.01940000000000026,1.9072164948452854,0.5340909090909316,-27.699999999999903,-20.300000000000097,mid,expanded
2024-07-17,6,Wed,LON,LONG,0.12199999999999989,0.05645000000000024,2.16120460584587,0.5200000000000043,-36.19999999999999,-11.800000000000011,mid,expanded
2024-07-17,13,Wed,NY,SHORT,0.14700000000000202,0.0636000000000001,2.311320754717009,0.15047021943573474,-38.7000000000002,-9.299999999999798,low,expanded
2024-07-18,13,Thu,NY,SHORT,0.14000000000000057,0.06074999999999999,2.304526748971203,0.04477611940298613,-9.999999999999943,-38.00000000000006,low,expanded
2024-07-18,22,Thu,ASIA,SHORT,0.07099999999999795,0.028050000000000175,2.5311942959000895,0.00925925925926992,-16.900000000000205,-31.099999999999795,low,expanded
2024-07-19,6,Fri,LON,SHORT,0.1889999999999965,0.04434999999999967,4.26155580608789,0.5428571428571397,-14.199999999999747,-33.80000000000025,mid,expanded
2024-07-22,7,Mon,LON,SHORT,0.11400000000000077,0.04599999999999973,2.478260869565249,0.1807228915662666,-35.40000000000008,-12.599999999999923,low,expanded
2024-07-22,22,Mon,ASIA,SHORT,0.06700000000000017,0.018199999999999862,3.6813186813187184,0.5853658536585445,-30.700000000000017,-17.299999999999983,mid,expanded
2024-07-23,6,Tue,LON,SHORT,0.20700000000000074,0.044250000000000254,4.6779661016949055,0.7134146341463713,-44.700000000000074,-3.299999999999926,high,expanded
2024-07-23,13,Tue,NY,SHORT,0.12599999999999767,0.047499999999999785,2.6526315789473314,0.1007371007371034,-36.59999999999977,-11.400000000000233,low,expanded
2024-07-24,13,Wed,NY,LONG,0.19900000000000162,0.05415000000000063,3.674976915974133,0.139534883720932,-43.90000000000016,-4.099999999999838,low,expanded
2024-07-25,7,Thu,LON,SHORT,0.20599999999999952,0.0677999999999999,3.0383480825958675,0.1131782945736386,-20.90000000000012,-27.09999999999988,low,expanded
2024-07-26,6,Fri,LON,SHORT,0.21600000000000108,0.051750000000000365,4.173913043478252,0.05882352941176555,-37.10000000000002,-10.899999999999977,low,expanded
2024-07-29,6,Mon,LON,SHORT,0.13500000000000156,0.04145000000000039,3.2569360675512735,0.059633027522934846,-29.49999999999997,-18.50000000000003,low,expanded
2024-07-29,13,Mon,NY,SHORT,0.11499999999999844,0.0464000000000004,2.478448275862014,0.2386058981233223,-12.500000000000156,-35.499999999999844,low,expanded
2024-07-30,6,Tue,LON,SHORT,0.11100000000000065,0.03984999999999985,2.78544542032625,0.07204610951008061,-35.100000000000065,-12.899999999999935,low,expanded
2024-07-30,14,Tue,NY,SHORT,0.25900000000000034,0.047249999999999834,5.481481481481508,0.5107526881720612,-49.900000000000034,1.900000000000034,mid,expanded
2024-07-31,6,Wed,LON,LONG,0.0779999999999994,0.041549999999999976,1.8772563176895174,0.07579462102689083,-31.79999999999994,-16.20000000000006,low,expanded
2024-07-31,13,Wed,NY,LONG,0.17700000000000315,0.05640000000000036,3.1382978723404613,0.29305135951661754,-21.70000000000003,-26.29999999999997,low,expanded
2024-07-31,22,Wed,ASIA,LONG,0.09099999999999753,0.033849999999999804,2.6883308714918184,0.31034482758620846,-18.599999999999795,-29.400000000000205,mid,expanded
2024-08-01,6,Thu,LON,LONG,0.1479999999999997,0.048050000000000107,3.080124869927146,0.08396946564885631,-38.79999999999997,-9.200000000000031,low,expanded
2024-08-01,22,Thu,ASIA,SHORT,0.07700000000000173,0.032549999999999454,2.3655913978495553,0.07142857142856754,-31.700000000000173,-16.299999999999827,low,expanded
2024-08-02,6,Fri,LON,LONG,0.10699999999999932,0.05435000000000016,1.9687212511499357,0.15138592750533217,-34.69999999999993,-13.300000000000068,low,expanded
2024-08-05,6,Mon,LON,SHORT,0.21599999999999753,0.08439999999999959,2.559241706161121,0.5322939866369648,-45.59999999999975,-2.4000000000002473,mid,expanded
2024-08-05,22,Mon,ASIA,SHORT,0.07199999999999918,0.036199999999999476,1.9889502762431,0.11572700296736231,-31.199999999999918,-16.800000000000082,low,expanded
2024-08-06,22,Tue,ASIA,SHORT,0.0870000000000033,0.029549999999999875,2.944162436548347,0.343848580441638,-15.29999999999967,-32.70000000000033,mid,expanded
2024-08-07,6,Wed,LON,SHORT,0.120000000000001,0.05069999999999979,2.366863905325473,0.24696356275303988,-11.9999999999999,-36.0000000000001,low,expanded
2024-08-07,13,Wed,NY,SHORT,0.1509999999999998,0.05774999999999988,2.6147186147186168,0.06396255850234049,-8.90000000000002,-39.09999999999998,low,expanded
2024-08-09,6,Fri,LON,LONG,0.09199999999999875,0.048900000000000256,1.8813905930469994,0.5336538461538443,-14.800000000000125,-33.199999999999875,mid,expanded
2024-08-09,14,Fri,NY,LONG,0.09299999999999997,0.05024999999999995,1.8507462686567178,0.0165975103734423,-14.700000000000003,-33.3,low,expanded
2024-08-12,6,Mon,LON,LONG,0.08299999999999841,0.042549999999999776,1.9506462984723583,0.4551971326164952,-15.70000000000016,-32.29999999999984,mid,expanded
2024-08-12,13,Mon,NY,LONG,0.14299999999999713,0.0484499999999997,2.9514963880288545,0.222222222222224,-38.29999999999971,-9.700000000000287,low,expanded
2024-08-12,23,Mon,ASIA,LONG,0.06599999999999895,0.020500000000000008,3.2195121951218986,0.10982658959539233,-30.599999999999895,-17.400000000000105,low,expanded
2024-08-13,6,Tue,LON,LONG,0.10899999999999821,0.04205000000000059,2.592152199762109,0.089514066496162,-24.39999999999978,-23.60000000000022,low,expanded
2024-08-13,22,Tue,ASIA,LONG,0.12199999999999989,0.031950000000000325,3.8184663536775787,0.08108108108108887,-22.39999999999982,-25.60000000000018,low,expanded
2024-08-14,6,Wed,LON,LONG,0.1180000000000021,0.040999999999999835,2.878048780487868,0.2249322493224847,-18.30000000000014,-29.69999999999986,low,expanded
2024-08-15,6,Thu,LON,LONG,0.20199999999999818,0.04719999999999924,4.279661016949182,0.3711790393013151,-16.299999999999827,-31.700000000000173,mid,expanded
2024-08-15,13,Thu,NY,LONG,0.5640000000000001,0.11544999999999987,4.885231702035519,0.037135278514589504,-7.299999999999841,-40.70000000000016,low,expanded
2024-08-15,22,Thu,ASIA,LONG,0.08500000000000085,0.02524999999999995,3.3663366336634066,0.13310580204778694,-15.499999999999915,-32.500000000000085,low,expanded
2024-08-16,6,Fri,LON,LONG,0.08600000000000207,0.042300000000000004,2.0330969267139967,0.34793187347933124,-32.60000000000021,-15.399999999999793,mid,expanded
2024-08-16,13,Fri,NY,LONG,0.2660000000000018,0.07880000000000038,3.3756345177665037,0.19848293299620548,2.600000000000179,-50.60000000000018,low,expanded
2024-08-19,6,Mon,LON,LONG,0.13000000000000256,0.041250000000000855,3.1515151515151483,0.19565217391304202,-37.000000000000256,-10.999999999999744,low,expanded
2024-08-19,13,Mon,NY,LONG,0.14099999999999824,0.054050000000000153,2.608695652173873,0.07352941176470973,-38.099999999999824,-9.900000000000176,low,expanded
2024-08-19,22,Mon,ASIA,LONG,0.07900000000000063,0.029500000000000172,2.677966101694921,0.5838150289017346,-31.900000000000063,-16.099999999999937,mid,expanded
2024-08-20,6,Tue,LON,LONG,0.17300000000000182,0.04134999999999991,4.183796856106462,0.26621923937360387,-6.699999999999818,-41.30000000000018,low,expanded
2024-08-20,13,Tue,NY,LONG,0.2069999999999972,0.06980000000000022,2.9656160458452225,0.16165951359084385,-44.69999999999972,-3.3000000000002814,low,expanded
2024-08-21,6,Wed,LON,LONG,0.12599999999999767,0.03279999999999994,3.8414634146340823,0.25905292479108244,-36.59999999999977,-11.400000000000233,low,expanded
2024-08-21,22,Wed,ASIA,LONG,0.08099999999999952,0.028850000000000087,2.8076256499133194,0.005555555555562354,-32.09999999999995,-15.900000000000048,low,expanded
2024-08-23,6,Fri,LON,SHORT,0.10999999999999943,0.03554999999999975,3.0942334739803155,0.11666666666666026,-34.99999999999994,-13.000000000000057,low,expanded
2024-08-23,14,Fri,NY,LONG,0.16300000000000026,0.056549999999999837,2.8824049513704812,0.341991341991337,-7.699999999999974,-40.300000000000026,mid,expanded
2024-08-26,6,Mon,LON,LONG,0.08999999999999986,0.033350000000000254,2.6986506746626437,0.6226415094339628,-15.000000000000014,-32.999999999999986,high,expanded
2024-08-26,13,Mon,NY,LONG,0.14800000000000324,0.05384999999999973,2.748375116063212,0.036468330134354285,-38.800000000000324,-9.199999999999676,low,expanded
2024-08-27,14,Tue,NY,LONG,0.17900000000000205,0.05179999999999989,3.4555984555985026,0.21005385996409545,-26.59999999999998,-21.40000000000002,low,expanded
2024-08-27,22,Tue,ASIA,LONG,0.08399999999999963,0.0196499999999995,4.274809160305433,0.05699481865284745,-30.19999999999976,-17.80000000000024,low,expanded
2024-08-28,13,Wed,NY,SHORT,0.13100000000000023,0.06944999999999997,1.8862491000719983,0.047337278106509034,-10.899999999999977,-37.10000000000002,low,expanded
2024-08-29,13,Thu,NY,SHORT,0.19599999999999795,0.06445000000000026,3.0411171450736565,0.4505494505494551,-43.599999999999795,-4.400000000000205,mid,expanded
2024-08-30,13,Fri,NY,SHORT,0.2680000000000007,0.07169999999999935,3.737796373779681,0.4258064516129015,2.800000000000068,-50.80000000000007,mid,expanded
2024-09-02,6,Mon,LON,SHORT,0.08099999999999952,0.03685000000000045,2.1981004070555907,0.006211180124220313,-32.09999999999995,-15.900000000000048,low,expanded
2024-09-02,13,Mon,NY,SHORT,0.10999999999999943,0.0416500000000001,2.6410564225690076,0.27322404371583875,-25.4999999999997,-22.5000000000003,low,expanded
2024-09-02,22,Mon,ASIA,SHORT,0.046999999999997044,0.015649999999999942,3.003194888178736,0.1333333333333349,-28.699999999999704,-19.300000000000296,low,expanded
2024-09-03,6,Tue,LON,SHORT,0.09799999999999898,0.040199999999999035,2.437810945273665,0.17274939172750148,-33.7999999999999,-14.200000000000102,low,expanded
2024-09-03,13,Tue,NY,SHORT,0.17299999999999827,0.07220000000000013,2.3961218836564817,0.12656467315716402,-6.700000000000173,-41.29999999999983,low,expanded
2024-09-04,6,Wed,LON,SHORT,0.06499999999999773,0.03449999999999971,1.8840579710144425,0.3958944281524938,-17.500000000000227,-30.499999999999773,mid,expanded
2024-09-05,13,Thu,NY,LONG,0.2170000000000023,0.07385000000000037,2.938388625592433,0.42946708463949634,-2.29999999999977,-45.70000000000023,mid,expanded
2024-09-05,23,Thu,ASIA,LONG,0.04199999999999804,0.020599999999999417,2.0388349514562734,0.15000000000000355,-28.199999999999804,-19.800000000000196,low,expanded
2024-09-06,6,Fri,LON,LONG,0.1319999999999979,0.04459999999999997,2.959641255605336,0.05623471882640672,-37.19999999999979,-10.80000000000021,low,expanded
2024-09-09,13,Mon,NY,SHORT,0.15000000000000213,0.05225000000000026,2.870813397129213,0.0814196242171142,-39.00000000000021,-8.999999999999787,low,expanded
2024-09-10,6,Tue,LON,LONG,0.11700000000000088,0.042150000000000354,2.77580071174377,0.3229974160206774,-35.70000000000009,-12.299999999999912,mid,expanded
2024-09-10,22,Tue,ASIA,LONG,0.07199999999999918,0.016499999999999914,4.363636363636337,0.03225806451614197,-31.199999999999918,-16.800000000000082,low,expanded
2024-09-11,6,Wed,LON,LONG,0.17499999999999716,0.04374999999999964,3.9999999999999676,0.8068535825545233,-19.099999999999696,-28.900000000000304,high,expanded
2024-09-12,7,Thu,LON,LONG,0.08200000000000074,0.035250000000000094,2.326241134751788,0.22171945701356868,-32.200000000000074,-15.799999999999926,low,expanded
2024-09-12,13,Thu,NY,LONG,0.3769999999999989,0.08634999999999966,4.365952518818765,0.44090441932168606,13.69999999999989,-61.69999999999989,mid,expanded
2024-09-12,22,Thu,ASIA,LONG,0.06299999999999883,0.031549999999999835,1.996830427892208,0.04402515723271284,-17.700000000000117,-30.299999999999883,low,expanded
2024-09-13,6,Fri,LON,LONG,0.10300000000000153,0.04614999999999973,2.231852654387912,0.05263157894736671,-13.699999999999847,-34.30000000000015,low,expanded
2024-09-13,13,Fri,NY,LONG,0.4800000000000004,0.07014999999999975,6.84248039914472,0.6411609498680815,-4.89999999999975,-43.10000000000025,high,expanded
2024-09-15,22,Sun,ASIA,LONG,0.08899999999999864,0.048200000000000284,1.846473029045604,0.2847682119205186,-15.100000000000136,-32.899999999999864,low,expanded
2024-09-17,6,Tue,LON,LONG,0.09700000000000131,0.025699999999999612,3.7743190661479677,0.7365269461077628,-33.70000000000013,-14.29999999999987,high,expanded
2024-09-17,13,Tue,NY,LONG,0.14099999999999824,0.07174999999999976,1.9651567944250692,0.08787878787878618,-9.900000000000176,-38.099999999999824,low,expanded
2024-09-17,22,Tue,ASIA,LONG,0.04100000000000037,0.022250000000000013,1.8426966292134987,0.41304347826087795,-28.100000000000037,-19.899999999999963,mid,expanded
2024-09-18,6,Wed,LON,SHORT,0.07700000000000173,0.043250000000000455,1.7803468208092699,0.10297482837528153,-31.700000000000173,-16.299999999999827,low,expanded
2024-09-18,13,Wed,NY,SHORT,0.07600000000000051,0.04669999999999952,1.6274089935760447,0.027777777777776066,-16.39999999999995,-31.60000000000005,low,expanded
2024-09-19,6,Thu,LON,LONG,0.2789999999999999,0.07250000000000031,3.8482758620689475,0.6945454545454527,-7.900000000000219,-40.09999999999978,high,expanded
2024-09-19,22,Thu,ASIA,LONG,0.06300000000000239,0.04069999999999983,1.5479115479116132,0.20704845814978207,-30.30000000000024,-17.69999999999976,low,expanded
2024-09-20,6,Fri,LON,LONG,0.13700000000000045,0.04500000000000046,3.0444444444444234,0.34963325183374344,-32.500000000000085,-15.499999999999915,mid,expanded
2024-09-23,13,Mon,NY,SHORT,0.12900000000000134,0.05350000000000037,2.4112149532710365,0.3857677902621747,-36.900000000000134,-11.099999999999866,mid,expanded
2024-09-24,6,Tue,LON,LONG,0.13799999999999812,0.07029999999999959,1.9630156472261584,0.4801136363636373,-16.599999999999838,-31.400000000000162,mid,expanded
2024-09-24,13,Tue,NY,LONG,0.17900000000000205,0.06169999999999991,2.901134521880102,0.31481481481481394,-41.900000000000205,-6.099999999999795,mid,expanded
2024-09-24,22,Tue,ASIA,LONG,0.1039999999999992,0.0408499999999993,2.545899632802962,0.1527777777777828,-34.39999999999992,-13.60000000000008,low,expanded
2024-09-25,13,Wed,NY,LONG,0.20199999999999818,0.06720000000000007,3.005952380952351,0.006230529595017662,-3.7999999999998266,-44.20000000000017,low,expanded
2024-09-25,22,Wed,ASIA,LONG,0.08099999999999952,0.026699999999999592,3.0337078651685676,0.04458598726115774,-15.900000000000048,-32.09999999999995,low,expanded
2024-09-26,6,Thu,LON,LONG,0.18700000000000117,0.05445000000000011,3.434343434343449,0.12153518123667141,-5.2999999999998835,-42.70000000000012,low,expanded
2024-09-27,7,Fri,LON,SHORT,0.16900000000000048,0.07014999999999993,2.4091233071988687,0.08478802992518919,-40.90000000000005,-7.099999999999952,low,expanded
2024-09-27,13,Fri,NY,LONG,0.269999999999996,0.08175000000000025,3.3027522935779228,0.18065433854908175,-50.9999999999996,2.999999999999602,low,expanded
2024-09-30,13,Mon,NY,SHORT,0.20700000000000074,0.07289999999999974,2.8395061728395263,0.040000000000001264,-3.299999999999926,-44.700000000000074,low,expanded
2024-10-01,7,Tue,LON,SHORT,0.09499999999999886,0.035050000000000026,2.7104136947217916,0.27218934911242154,-14.500000000000114,-33.499999999999886,low,expanded
2024-10-02,13,Wed,NY,LONG,0.2859999999999978,0.07779999999999951,3.6760925449871418,0.5959595959595965,4.599999999999781,-52.59999999999978,mid,expanded
2024-10-03,6,Thu,LON,LONG,0.15399999999999991,0.04864999999999977,3.1654676258992938,0.10225303292894432,-39.39999999999999,-8.600000000000009,low,expanded
2024-10-03,22,Thu,ASIA,LONG,0.0639999999999965,0.025600000000000556,2.499999999999809,0.2101449275362287,-30.39999999999965,-17.60000000000035,low,expanded
2024-10-04,13,Fri,NY,LONG,0.37499999999999645,0.1207500000000005,3.105590062111759,0.08951798010711383,13.5,-61.5,low,expanded
2024-10-07,7,Mon,LON,LONG,0.09600000000000009,0.04470000000000045,2.14765100671139,0.5621052631579045,-14.399999999999991,-33.60000000000001,mid,expanded
2024-10-07,22,Mon,ASIA,SHORT,0.06899999999999906,0.025,2.7599999999999625,0.19827586206898176,-30.899999999999906,-17.100000000000094,low,expanded
2024-10-08,6,Tue,LON,SHORT,0.20899999999999963,0.058549999999999616,3.569598633646473,0.06405693950177534,-3.100000000000037,-44.89999999999996,low,expanded
2024-10-08,13,Tue,NY,SHORT,0.18999999999999773,0.09405000000000019,2.020202020201992,0.26666666666666694,-42.99999999999977,-5.000000000000227,low,expanded
2024-10-09,7,Wed,LON,SHORT,0.18700000000000117,0.05915000000000017,3.1614539306847105,0.020202020202020925,-42.70000000000012,-5.2999999999998835,low,expanded
2024-10-09,13,Wed,NY,SHORT,0.28699999999999903,0.0715500000000004,4.011180992313031,0.578008915304619,-52.6999999999999,4.699999999999903,mid,expanded
2024-10-10,6,Thu,LON,SHORT,0.125,0.03940000000000001,3.1725888324873086,0.08045977011493737,-36.5,-11.5,low,expanded
2024-10-11,13,Fri,NY,LONG,0.25200000000000244,0.07810000000000024,3.2266325224071917,0.17839195979899364,-9.800000000000054,-38.199999999999946,low,expanded
2024-10-14,6,Mon,LON,LONG,0.18299999999999983,0.0440000000000003,4.159090909090876,0.410199556541031,-40.000000000000014,-7.999999999999986,mid,expanded
2024-10-14,13,Mon,NY,LONG,0.1880000000000024,0.06925000000000026,2.7148014440433457,0.037681159420289885,-5.199999999999761,-42.80000000000024,low,expanded
2024-10-14,22,Mon,ASIA,LONG,0.08099999999999952,0.033800000000000274,2.396449704141978,0.02325581395348501,-32.09999999999995,-15.900000000000048,low,expanded
2024-10-15,22,Tue,ASIA,LONG,0.0470000000000006,0.029300000000000638,1.6040955631399172,0.020408163265295765,-28.70000000000006,-19.29999999999994,low,expanded
2024-10-16,6,Wed,LON,LONG,0.21799999999999997,0.04704999999999941,4.633368756641928,0.28662420382165393,-13.000000000000057,-34.99999999999994,low,expanded
2024-10-16,13,Wed,NY,LONG,0.15900000000000247,0.07030000000000029,2.2617354196301824,0.14393939393939525,-8.099999999999753,-39.90000000000025,low,expanded
2024-10-17,13,Thu,NY,LONG,0.2829999999999977,0.08010000000000055,3.5330836454431434,0.08991825613079164,-52.29999999999977,4.29999999999977,low,expanded
2024-10-18,13,Fri,NY,LONG,0.232999999999997,0.07824999999999953,2.9776357827475834,0.31400966183574813,-0.7000000000003013,-47.2999999999997,mid,expanded
2024-10-21,6,Mon,LON,LONG,0.19699999999999562,0.05925000000000082,3.3248945147678124,0.050259965337961725,-20.799999999999642,-27.200000000000358,low,expanded
2024-10-21,22,Mon,ASIA,LONG,0.06800000000000495,0.0460000000000008,1.4782608695652992,0.08848080133556287,-17.199999999999505,-30.800000000000495,low,normal
2024-10-22,7,Tue,LON,LONG,0.18200000000000216,0.05805000000000078,3.1352282515073164,0.012779552715658978,-23.199999999999733,-24.800000000000267,low,expanded
2024-10-22,13,Tue,NY,LONG,0.19699999999999562,0.08244999999999969,2.389326864766481,0.07978142076502659,-43.69999999999956,-4.300000000000438,low,expanded
2024-10-24,13,Thu,NY,LONG,0.2459999999999951,0.07769999999999974,3.1660231660231135,0.1637630662020912,-48.59999999999951,0.5999999999995111,low,expanded
2024-10-25,13,Fri,NY,SHORT,0.13100000000000023,0.07249999999999979,1.8068965517241464,0.3441176470588191,-37.10000000000002,-10.899999999999977,mid,expanded
2024-10-29,6,Tue,LON,LONG,0.1700000000000017,0.05444999999999887,3.1221303948577637,0.12114989733059164,-6.9999999999998295,-41.00000000000017,low,expanded
2024-10-29,13,Tue,NY,LONG,0.347999999999999,0.07960000000000064,4.371859296482364,0.023909985935296686,-40.499999999999915,-7.500000000000085,low,expanded
2024-10-29,22,Tue,ASIA,LONG,0.06099999999999994,0.029400000000000405,2.074829931972759,0.06607929515419053,-17.900000000000006,-30.099999999999994,low,expanded
2024-10-30,6,Wed,LON,LONG,0.19700000000000273,0.04930000000000021,3.995943204868192,0.11729622266402337,-43.70000000000027,-4.299999999999727,low,expanded
2024-10-30,13,Wed,NY,SHORT,0.46300000000000097,0.09495000000000005,4.8762506582411875,0.43613348676639213,-45.10000000000056,-2.8999999999994373,mid,expanded
2024-10-31,6,Thu,LON,SHORT,0.07600000000000051,0.04054999999999964,1.874229346485849,0.5300859598853876,-16.39999999999995,-31.60000000000005,mid,expanded
2024-10-31,13,Thu,NY,SHORT,0.2259999999999991,0.0888499999999997,2.543612830613392,0.2976338729763284,-1.400000000000091,-46.59999999999991,low,expanded
2024-11-01,6,Fri,LON,SHORT,0.0899999999999963,0.03194999999999944,2.8169014084506383,0.12258064516127316,-15.00000000000037,-32.99999999999963,low,expanded
2024-11-01,14,Fri,NY,SHORT,0.3200000000000003,0.09765000000000157,3.2770097286225823,0.16535433070866848,8.000000000000028,-56.00000000000003,low,expanded
2024-11-04,13,Mon,NY,SHORT,0.24800000000000466,0.04995000000000083,4.964964964964976,0.32635983263597973,-7.00000000000054,-40.99999999999946,mid,expanded
2024-11-06,6,Wed,LON,SHORT,0.3910000000000018,0.0762000000000013,5.131233595800461,0.5245683930942787,15.100000000000179,-63.10000000000018,mid,expanded
2024-11-06,13,Wed,NY,SHORT,0.4569999999999972,0.1317500000000001,3.4686907020872626,0.36124240378122774,-19.79999999999984,-28.20000000000016,mid,expanded
2024-11-08,6,Fri,LON,SHORT,0.26699999999999946,0.048199999999999577,5.539419087136967,0.5238095238095247,-25.4999999999997,-22.5000000000003,mid,expanded
2024-11-11,13,Mon,NY,SHORT,0.2049999999999983,0.07700000000000048,2.6623376623376234,0.4729064039408927,-3.5000000000001705,-44.49999999999983,mid,expanded
2024-11-13,13,Wed,NY,LONG,0.13100000000000023,0.04465000000000004,2.9339305711086254,0.10204081632653315,-10.899999999999977,-37.10000000000002,low,expanded
2024-11-14,6,Thu,LON,SHORT,0.10600000000000165,0.0438500000000003,2.417331812998881,0.46742209631728543,-13.399999999999835,-34.600000000000165,mid,expanded
2024-11-15,6,Fri,LON,LONG,0.1529999999999987,0.04294999999999973,3.5622817229336357,0.5664335664335557,-23.799999999999756,-24.200000000000244,mid,expanded
2024-11-18,6,Mon,LON,LONG,0.1479999999999997,0.03544999999999963,4.1748942172073695,0.19308357348703936,-20.499999999999986,-27.500000000000014,low,expanded
2024-11-18,13,Mon,NY,LONG,0.18100000000000094,0.0539000000000005,3.3580705009276297,0.3240556660039743,-5.899999999999906,-42.100000000000094,mid,expanded
2024-11-21,6,Thu,LON,LONG,0.10699999999999932,0.04194999999999993,2.5506555423122643,0.15422885572138398,-34.69999999999993,-13.300000000000068,low,expanded
2024-11-25,14,Mon,NY,SHORT,0.15600000000000236,0.04580000000000002,3.406113537117954,0.019073569482283236,-8.399999999999764,-39.600000000000236,low,expanded
2024-11-26,6,Tue,LON,SHORT,0.11799999999999855,0.04120000000000026,2.8640776699028594,0.18465227817745297,-12.200000000000145,-35.799999999999855,low,expanded
2024-11-26,13,Tue,NY,SHORT,0.17599999999999838,0.04949999999999992,3.5555555555555287,0.018329938900204373,-6.400000000000162,-41.59999999999984,low,expanded
2024-11-27,6,Wed,LON,LONG,0.12600000000000122,0.037149999999999926,3.3916554508748713,0.34594594594594863,-34.00000000000014,-13.999999999999858,mid,expanded
2024-11-29,13,Fri,NY,LONG,0.1410000000000018,0.043399999999999925,3.248847926267328,0.2888888888888928,-38.10000000000018,-9.899999999999821,low,expanded
2024-12-02,13,Mon,NY,LONG,0.19500000000000028,0.0495000000000001,3.9393939393939372,0.06912442396313552,-43.50000000000003,-4.499999999999972,low,expanded
2024-12-03,6,Tue,LON,LONG,0.277000000000001,0.04814999999999969,5.752855659397773,0.6254826254826124,-22.000000000000043,-25.999999999999957,high,expanded
2024-12-03,13,Tue,NY,LONG,0.14399999999999835,0.04235000000000007,3.40023612750881,0.11274509803921577,-9.600000000000165,-38.399999999999835,low,expanded
2024-12-05,7,Thu,LON,LONG,0.0710000000000015,0.036550000000000436,1.9425444596443409,0.2743362831858331,-31.10000000000015,-16.89999999999985,low,expanded
2024-12-06,13,Fri,NY,LONG,0.17300000000000182,0.058800000000000095,2.9421768707483253,0.15413533834586912,-41.30000000000018,-6.699999999999818,low,expanded
2024-12-09,13,Mon,NY,LONG,0.16900000000000048,0.06140000000000043,2.7524429967426594,0.2473118279569828,-7.099999999999952,-40.90000000000005,low,expanded
2024-12-10,13,Tue,NY,LONG,0.1739999999999995,0.05310000000000024,3.276836158192066,0.11372549019607854,-18.599999999999795,-29.400000000000205,low,expanded
2024-12-11,7,Wed,LON,SHORT,0.13700000000000045,0.07075000000000013,1.9363957597173174,0.3256704980842864,-10.299999999999955,-37.700000000000045,mid,expanded
2024-12-11,13,Wed,NY,SHORT,0.1479999999999997,0.04725000000000055,3.1322751322750895,0.0677966101694956,-38.79999999999997,-38.79999999999997,low,expanded
2024-12-12,6,Thu,LON,LONG,0.07799999999999585,0.03924999999999947,1.9872611464967362,0.20000000000000848,-16.200000000000415,-31.799999999999585,low,expanded
2024-12-12,14,Thu,NY,SHORT,0.2049999999999983,0.05365000000000073,3.821062441752013,0.034013605442170185,-3.5000000000001705,-44.49999999999983,low,expanded
2024-12-13,6,Fri,LON,SHORT,0.10200000000000031,0.038750000000000284,2.632258064516118,0.024096385542177183,-13.799999999999969,-34.20000000000003,low,expanded
2024-12-13,13,Fri,NY,SHORT,0.25800000000000267,0.05355000000000025,4.817927170868375,0.3023255813953555,1.8000000000002672,-49.80000000000027,mid,expanded
2024-12-16,14,Mon,NY,SHORT,0.10099999999999909,0.03680000000000021,2.7445652173912642,0.030303030303026224,-13.900000000000091,-34.09999999999991,low,expanded
2024-12-17,13,Tue,NY,SHORT,0.0990000000000002,0.0370000000000001,2.6756756756756737,0.05376344086022142,-14.09999999999998,-33.90000000000002,low,expanded
2024-12-18,6,Wed,LON,SHORT,0.06099999999999994,0.024749999999999873,2.464646464646475,0.09236947791164578,-30.099999999999994,-17.900000000000006,low,expanded
2024-12-18,13,Wed,NY,SHORT,0.09699999999999775,0.036949999999999504,2.6251691474965915,0.11557788944723779,-14.300000000000225,-33.699999999999775,low,expanded
2024-12-19,13,Thu,NY,SHORT,0.20899999999999963,0.057699999999999994,3.6221837088388154,0.6316916488222656,-3.100000000000037,-44.89999999999996,high,expanded
2024-12-20,13,Fri,NY,SHORT,0.10699999999999932,0.03945000000000025,2.712294043092488,0.02439024390244695,-34.69999999999993,-13.300000000000068,low,expanded
2024-12-23,6,Mon,LON,LONG,0.0779999999999994,0.03334999999999973,2.3388305847076474,0.1187335092348232,-16.20000000000006,-31.79999999999994,low,expanded
2024-12-23,13,Mon,NY,LONG,0.11700000000000088,0.03565000000000022,3.281907433380088,0.24637681159420619,-35.70000000000009,-12.299999999999912,low,expanded
2024-12-24,7,Tue,LON,LONG,0.05699999999999861,0.025349999999999893,2.2485207100591262,0.22435897435897698,-29.69999999999986,-18.30000000000014,low,expanded
2024-12-26,14,Thu,NY,LONG,0.11499999999999844,0.03855000000000004,2.9831387808041065,0.061425061425057395,-35.499999999999844,-12.500000000000156,low,expanded
2024-12-27,7,Fri,LON,LONG,0.07600000000000051,0.023899999999999543,3.179916317991714,0.14666666666666245,-31.60000000000005,-16.39999999999995,low,expanded
2024-12-30,6,Mon,LON,SHORT,0.062000000000001165,0.03159999999999989,1.9620253164557397,0.0815217391304374,-17.799999999999883,-30.200000000000117,low,expanded
2024-12-30,13,Mon,NY,SHORT,0.16000000000000014,0.03114999999999988,5.136436597110779,0.6991869918699654,-7.999999999999986,-40.000000000000014,high,expanded
2024-12-31,14,Tue,NY,SHORT,0.24499999999999744,0.045949999999999845,5.331882480957525,0.14285714285714285,-31.900000000000063,-16.099999999999937,low,expanded
2025-01-02,6,Thu,LON,LONG,0.05799999999999983,0.025249999999999596,2.297029702970327,0.10132158590308853,-29.799999999999983,-18.200000000000017,low,expanded
2025-01-03,6,Fri,LON,LONG,0.054000000000002046,0.027550000000000276,1.9600725952813614,0.12056737588651642,-29.400000000000205,-18.599999999999795,low,expanded
2025-01-03,13,Fri,NY,LONG,0.13200000000000145,0.03719999999999981,3.548387096774251,0.14066496163682599,-37.200000000000145,-10.799999999999855,low,expanded
2025-01-06,7,Mon,LON,LONG,0.12599999999999767,0.03655000000000026,3.4473324213405405,0.1490384615384642,-11.400000000000233,-36.59999999999977,low,expanded
2025-01-07,13,Tue,NY,LONG,0.1609999999999978,0.044949999999999865,3.581757508342565,0.22118380062305662,-40.09999999999978,-7.900000000000219,low,expanded
2025-01-08,14,Wed,NY,LONG,0.11599999999999966,0.04884999999999966,2.374616171954974,0.04032258064516799,-12.400000000000034,-35.599999999999966,low,expanded
2025-01-09,6,Thu,LON,LONG,0.038000000000000256,0.026100000000000102,1.4559386973180117,0.22666666666666876,-27.800000000000026,-20.199999999999974,low,normal
2025-01-10,6,Fri,LON,LONG,0.03999999999999915,0.022699999999999852,1.7621145374449079,0.11570247933883886,-27.999999999999915,-20.000000000000085,low,expanded
2025-01-10,14,Fri,NY,LONG,0.14199999999999946,0.04630000000000027,3.0669546436284802,0.3660933660933651,-9.800000000000054,-38.199999999999946,mid,expanded
2025-01-13,13,Mon,NY,SHORT,0.18499999999999872,0.08984999999999968,2.058987200890366,0.3326086956521756,-22.199999999999932,-25.800000000000068,mid,expanded
2025-01-14,6,Tue,LON,SHORT,0.10500000000000043,0.029550000000000055,3.553299492385795,0.3255813953488483,-34.50000000000004,-13.499999999999957,mid,expanded
2025-01-14,14,Tue,NY,SHORT,0.11599999999999966,0.04510000000000023,2.5720620842571855,0.037681159420283765,-35.599999999999966,-12.400000000000034,low,expanded
2025-01-15,13,Wed,NY,LONG,0.13299999999999912,0.041099999999999956,3.2360097323600794,0.26912181303117527,-10.700000000000088,-37.29999999999991,low,expanded
2025-01-16,6,Thu,LON,LONG,0.10700000000000287,0.03245000000000005,3.297380585516262,0.07491856677525606,-13.299999999999713,-34.70000000000029,low,expanded
2025-01-16,13,Thu,NY,LONG,0.21499999999999986,0.06799999999999962,3.161764705882369,0.17495987158908188,-13.900000000000091,-34.09999999999991,low,expanded
2025-01-17,13,Fri,NY,SHORT,0.2480000000000011,0.06955000000000026,3.5657800143781477,0.3626882966396232,-39.09999999999998,-8.90000000000002,mid,expanded
2025-01-20,6,Mon,LON,SHORT,0.053000000000000824,0.024900000000000234,2.1285140562249127,0.10729613733905108,-29.300000000000082,-18.699999999999918,low,expanded
2025-01-20,13,Mon,NY,SHORT,0.14300000000000068,0.03044999999999991,4.6962233169130085,0.27220630372493326,-9.699999999999932,-38.30000000000007,low,expanded
2025-01-21,14,Tue,NY,LONG,0.13600000000000279,0.04715000000000007,2.884411452810235,0.0021141649048651836,-10.399999999999721,-37.60000000000028,low,expanded
2025-01-22,7,Wed,LON,LONG,0.1670000000000016,0.0400999999999998,4.164588528678364,0.28813559322034343,-23.200000000000088,-24.799999999999912,low,expanded
2025-01-23,7,Thu,LON,SHORT,0.07900000000000063,0.026799999999999713,2.9477611940299058,0.2789699570815584,-16.099999999999937,-31.900000000000063,low,expanded
2025-01-24,13,Fri,NY,LONG,0.09399999999999764,0.038449999999999915,2.444733420025952,0.1672354948805407,-33.399999999999764,-14.600000000000236,low,expanded
2025-01-27,7,Mon,LON,SHORT,0.11200000000000188,0.0333499999999999,3.358320839580276,0.2625000000000015,-35.20000000000019,-12.799999999999812,low,expanded
2025-01-27,13,Mon,NY,SHORT,0.13999999999999702,0.054999999999999896,2.545454545454496,0.0841423948220108,-10.000000000000298,-37.9999999999997,low,expanded
2025-01-28,6,Tue,LON,SHORT,0.08999999999999986,0.027449999999999797,3.278688524590183,0.008264462809917841,-15.000000000000014,-32.999999999999986,low,expanded
2025-01-28,13,Tue,NY,SHORT,0.14299999999999713,0.045449999999999414,3.146314631463124,0.16348195329087167,-38.29999999999971,-9.700000000000287,low,expanded
2025-01-29,6,Wed,LON,LONG,0.053999999999998494,0.020399999999999707,2.647058823529376,0.24890829694323782,-29.39999999999985,-18.60000000000015,low,expanded
2025-01-29,14,Wed,NY,LONG,0.23100000000000165,0.05685000000000038,4.063324538258577,0.0016583747926992426,-0.8999999999998352,-47.100000000000165,low,expanded
2025-01-30,6,Thu,LON,LONG,0.05500000000000327,0.023650000000000303,2.3255813953489457,0.07473309608540862,-18.499999999999673,-29.500000000000327,low,expanded
2025-01-30,13,Thu,NY,LONG,0.16300000000000026,0.04925000000000086,3.3096446700507087,0.2933884297520661,-7.699999999999974,-40.300000000000026,low,expanded
2025-01-31,6,Fri,LON,LONG,0.08000000000000185,0.05100000000000034,1.5686274509804181,0.005217391304347933,-15.999999999999815,-32.000000000000185,low,expanded
2025-02-04,6,Tue,LON,LONG,0.0920000000000023,0.03589999999999982,2.5626740947075977,0.2921348314606764,-14.79999999999977,-33.20000000000023,low,expanded
2025-02-04,13,Tue,NY,LONG,0.19500000000000028,0.04349999999999969,4.482758620689694,0.5784061696658197,-4.499999999999972,-43.50000000000003,mid,expanded
2025-02-06,13,Thu,NY,SHORT,0.10200000000000031,0.05284999999999993,1.9299905392620709,0.11434511434511337,-34.20000000000003,-13.799999999999969,low,expanded
2025-02-07,6,Fri,LON,LONG,0.06899999999999551,0.027999999999998693,2.464285714285669,0.21014492753621788,-17.10000000000045,-30.89999999999955,low,expanded
2025-02-07,13,Fri,NY,LONG,0.09999999999999432,0.0409999999999993,2.4390243902438056,0.2507042253521411,-33.99999999999943,-33.99999999999943,low,expanded
2025-02-11,6,Tue,LON,SHORT,0.10800000000000054,0.040300000000000225,2.679900744416872,0.10638297872340782,-13.199999999999946,-34.800000000000054,low,expanded
2025-02-12,13,Wed,NY,SHORT,0.14499999999999957,0.04369999999999976,3.31807780320367,0.11842105263157761,-9.500000000000043,-38.49999999999996,low,expanded
2025-02-13,6,Thu,LON,LONG,0.07800000000000296,0.02959999999999994,2.6351351351352403,0.03496503496505095,-31.800000000000296,-16.199999999999704,low,expanded
2025-02-14,6,Fri,LON,LONG,0.31099999999999994,0.05984999999999907,5.196324143692644,0.5092724679029892,7.099999999999994,-55.099999999999994,mid,expanded
2025-02-14,13,Fri,NY,LONG,0.2469999999999999,0.07440000000000033,3.3198924731182635,0.23148148148148742,-48.69999999999999,0.6999999999999886,low,expanded
2025-02-17,13,Mon,NY,SHORT,0.0870000000000033,0.043499999999999164,2.000000000000114,0.4342105263157942,-32.70000000000033,-15.29999999999967,mid,expanded
2025-02-18,13,Tue,NY,LONG,0.09599999999999653,0.042950000000000446,2.2351571594876725,0.036144578313253836,-14.400000000000347,-33.59999999999965,low,expanded
2025-02-19,7,Wed,LON,LONG,0.07899999999999352,0.036350000000000195,2.173314993122231,0.5100671140939357,-16.100000000000648,-31.899999999999352,mid,expanded
2025-02-19,13,Wed,NY,LONG,0.17499999999999716,0.0612999999999996,2.8548123980423865,0.07158351409978382,-41.499999999999716,-6.500000000000284,low,expanded
2025-02-20,6,Thu,LON,LONG,0.03999999999999915,0.024749999999999873,1.61616161616159,0.3082706766917506,-27.999999999999915,-20.000000000000085,mid,expanded
2025-02-20,13,Thu,NY,LONG,0.16799999999999926,0.06064999999999969,2.7699917559769185,0.09945750452079692,-40.799999999999926,-7.200000000000074,low,expanded
2025-02-21,6,Fri,LON,LONG,0.10699999999999932,0.04565000000000019,2.343921139101837,0.11111111111110256,-13.300000000000068,-34.69999999999993,low,expanded
2025-02-21,13,Fri,NY,LONG,0.11899999999999977,0.0464500000000001,2.561894510226039,0.27225130890052807,-35.89999999999998,-12.100000000000023,low,expanded
2025-02-24,14,Mon,NY,SHORT,0.11599999999999966,0.04485000000000135,2.586399108138153,0.17695473251028349,-12.400000000000034,-35.599999999999966,low,expanded
2025-02-25,6,Tue,LON,SHORT,0.06700000000000017,0.03275000000000006,2.045801526717559,0.08450704225352254,-30.700000000000017,-17.299999999999983,low,expanded
2025-02-26,6,Wed,LON,SHORT,0.08600000000000207,0.03070000000000004,2.801302931596155,0.057971014492748024,-15.399999999999793,-32.60000000000021,low,expanded
2025-02-26,13,Wed,NY,SHORT,0.0940000000000012,0.037599999999999766,2.5000000000000475,0.003389830508478659,-14.59999999999988,-33.40000000000012,low,expanded
2025-02-27,13,Thu,NY,SHORT,0.09500000000000242,0.05125000000000028,1.8536585365854028,0.006263048016701709,-33.50000000000024,-14.499999999999758,low,expanded
2025-02-28,6,Fri,LON,SHORT,0.06400000000000006,0.031449999999999714,2.0349761526232317,0.0689655172413772,-17.599999999999994,-30.400000000000006,low,expanded
2025-02-28,13,Fri,NY,SHORT,0.1269999999999989,0.05199999999999942,2.4423076923076983,0.0026109660574351982,-11.30000000000011,-36.69999999999989,low,expanded
2025-03-03,6,Mon,LON,SHORT,0.07900000000000063,0.030349999999999787,2.602965403624421,0.18541033434650803,-16.099999999999937,-31.900000000000063,low,expanded
2025-03-03,13,Mon,NY,LONG,0.12400000000000233,0.04700000000000024,2.6382978723404613,0.2592592592592614,-11.599999999999767,-36.40000000000023,low,expanded
2025-03-04,7,Tue,LON,LONG,0.05799999999999983,0.03365000000000009,1.7236255572065282,0.028806584362131012,-29.799999999999983,-18.200000000000017,low,expanded
2025-03-05,7,Wed,LON,LONG,0.08800000000000097,0.0376000000000003,2.3404255319149008,0.3220338983050909,-15.199999999999903,-32.8000000000001,mid,expanded
2025-03-05,13,Wed,NY,LONG,0.15700000000000358,0.06014999999999944,2.6101413133832927,0.12617702448210982,-39.70000000000036,-8.299999999999642,low,expanded
2025-03-06,6,Thu,LON,LONG,0.08300000000000551,0.037150000000000814,2.2341857335128856,0.01799485861182031,-32.30000000000055,-15.699999999999449,low,expanded
2025-03-06,13,Thu,NY,LONG,0.12299999999999756,0.054199999999999804,2.2693726937269005,0.09389671361502261,-11.700000000000244,-36.299999999999756,low,expanded
2025-03-07,7,Fri,LON,LONG,0.060000000000002274,0.031050000000000112,1.9323671497585204,0.20168067226890354,-17.999999999999773,-30.000000000000227,low,expanded
2025-03-07,13,Fri,NY,LONG,0.19599999999999795,0.0511499999999991,3.831867057673537,0.34857142857143864,-43.599999999999795,-4.400000000000205,mid,expanded
2025-03-09,22,Sun,ASIA,LONG,0.09000000000000341,0.04485000000000028,2.006688963210766,0.025210084033613446,-14.999999999999659,-33.00000000000034,low,expanded
2025-03-10,22,Mon,ASIA,SHORT,0.09799999999999898,0.0381000000000002,2.5721784776902483,0.08029197080292387,-14.200000000000102,-33.7999999999999,low,expanded
2025-03-11,13,Tue,NY,LONG,0.11299999999999955,0.048549999999999115,2.3274974253347396,0.0020876826722289895,-12.700000000000045,-35.299999999999955,low,expanded
2025-03-12,22,Wed,ASIA,LONG,0.09999999999999432,0.04149999999999991,2.409638554216736,0.04417670682730637,-33.99999999999943,-14.000000000000568,low,expanded
2025-03-13,6,Thu,LON,LONG,0.07500000000000284,0.03895000000000017,1.9255455712452505,0.36477987421380526,-31.500000000000284,-16.499999999999716,mid,expanded
2025-03-13,13,Thu,NY,LONG,0.1910000000000025,0.0567499999999999,3.365638766519874,0.017857142857133794,-4.89999999999975,-43.10000000000025,low,expanded
2025-03-14,6,Fri,LON,LONG,0.10699999999999932,0.03734999999999929,2.8647925033467567,0.07575757575757848,-18.10000000000025,-29.89999999999975,low,expanded
2025-03-17,6,Mon,LON,LONG,0.0730000000000004,0.030000000000000783,2.433333333333283,0.4105960264900745,-31.30000000000004,-16.69999999999996,mid,expanded
2025-03-17,13,Mon,NY,LONG,0.21600000000000108,0.07509999999999976,2.876165113182447,0.5317919075144647,-20.100000000000563,-27.899999999999437,mid,expanded
2025-03-18,7,Tue,LON,LONG,0.0799999999999983,0.030249999999998778,2.644628099173604,0.10679611650484164,-31.99999999999983,-16.00000000000017,low,expanded
2025-03-18,23,Tue,ASIA,LONG,0.047999999999994714,0.03439999999999941,1.3953488372091725,0.04326923076923126,-28.79999999999947,-19.20000000000053,low,normal
2025-03-19,13,Wed,NY,SHORT,0.1529999999999987,0.05894999999999832,2.595419847328296,0.3504587155963429,-8.70000000000013,-39.29999999999987,mid,expanded
2025-03-21,13,Fri,NY,SHORT,0.18500000000000227,0.057950000000000654,3.1924072476272682,0.07581227436823364,-5.499999999999773,-42.50000000000023,low,expanded
2025-03-24,22,Mon,ASIA,SHORT,0.055999999999997385,0.022700000000001098,2.466960352422673,0.017543859649112967,-18.40000000000026,-29.59999999999974,low,expanded
2025-03-25,6,Tue,LON,SHORT,0.05399999999999494,0.02689999999999877,2.007434944237822,0.027210884353725383,-29.399999999999494,-18.600000000000506,low,expanded
2025-03-25,13,Tue,NY,LONG,0.1769999999999996,0.05850000000000044,3.0256410256409962,0.2027257240204463,-6.30000000000004,-41.69999999999996,low,expanded
2025-03-25,22,Tue,ASIA,LONG,0.04800000000000182,0.02574999999999896,1.8640776699030586,0.3739837398373791,-28.800000000000182,-19.199999999999818,mid,expanded
2025-03-26,6,Wed,LON,LONG,0.11200000000000188,0.03329999999999948,3.363363363363472,0.32121212121212095,-35.20000000000019,-12.799999999999812,mid,expanded
2025-03-27,6,Thu,LON,LONG,0.09900000000000375,0.036600000000000674,2.7049180327869378,0.03188405797102201,-26.199999999999847,-21.800000000000153,low,expanded
2025-03-27,22,Thu,ASIA,LONG,0.055999999999997385,0.030349999999999967,1.845140032948845,0.04605263157895982,-29.59999999999974,-18.40000000000026,low,expanded
2025-03-28,6,Fri,LON,LONG,0.21000000000000085,0.04524999999999864,4.640883977900711,0.327731092436968,-27.900000000000148,-20.099999999999852,mid,expanded
2025-03-31,13,Mon,NY,SHORT,0.3649999999999949,0.07739999999999939,4.71576227390178,0.4341943419434163,-33.899999999999665,-14.100000000000335,mid,expanded
2025-04-01,13,Tue,NY,SHORT,0.12400000000000233,0.06619999999999919,1.8731117824773995,0.015817223198594552,-11.599999999999767,-36.40000000000023,low,expanded
2025-04-01,22,Tue,ASIA,SHORT,0.04800000000000182,0.0244000000000014,1.9672131147540601,0.26872246696032237,-19.199999999999818,-28.800000000000182,low,expanded
2025-04-02,6,Wed,LON,SHORT,0.12400000000000233,0.04450000000000145,2.786516853932546,0.0705882352941047,-36.40000000000023,-11.599999999999767,low,expanded
2025-04-02,13,Wed,NY,SHORT,0.12300000000000466,0.06755000000000137,1.8208734270910756,0.09854014598539063,-36.300000000000466,-11.699999999999534,low,expanded
2025-04-03,6,Thu,LON,SHORT,0.14699999999999847,0.0721499999999999,2.037422037422019,0.08727272727273103,-9.300000000000153,-38.69999999999985,low,expanded
2025-04-03,13,Thu,NY,SHORT,0.2880000000000038,0.12465000000000045,2.3104693140794446,0.4796380090497691,-52.80000000000038,4.800000000000381,mid,expanded
2025-04-04,6,Fri,LON,SHORT,0.19200000000000017,0.05679999999999978,3.380281690140861,0.057046979865770335,-4.799999999999983,-43.20000000000002,low,expanded
2025-04-04,13,Fri,NY,SHORT,0.21799999999999997,0.1676999999999996,1.2999403697078145,0.24296296296296035,-2.200000000000003,-45.8,low,normal
2025-04-07,13,Mon,NY,SHORT,0.267000000000003,0.14910000000000032,1.7907444668008212,0.18490083173384583,-50.7000000000003,2.7000000000003013,low,expanded
2025-04-08,6,Tue,LON,SHORT,0.11899999999999977,0.06709999999999994,1.7734724292101325,0.05726872246696274,-35.89999999999998,-12.100000000000023,low,expanded
2025-04-08,22,Tue,ASIA,SHORT,0.15800000000000125,0.05400000000000009,2.9259259259259442,0.20231213872832376,-8.199999999999875,-39.800000000000125,low,expanded
2025-04-09,13,Wed,NY,LONG,0.21199999999999974,0.10620000000000011,1.996233521657246,0.2233940556088195,-45.199999999999974,-2.8000000000000256,low,expanded
2025-04-10,6,Thu,LON,LONG,0.09999999999999787,0.05029999999999983,1.988071570576505,0.1316306483300592,-33.99999999999979,-14.000000000000213,low,expanded
2025-04-10,14,Thu,NY,LONG,0.18499999999999872,0.08965000000000015,2.0635805911879355,0.06961325966851138,-42.49999999999987,-5.500000000000128,low,expanded
2025-04-10,22,Thu,ASIA,LONG,0.10400000000000276,0.05705000000000045,1.8229623137598938,0.15929203539822903,-34.400000000000276,-13.599999999999724,low,expanded
2025-04-11,6,Fri,LON,LONG,0.11999999999999744,0.06125000000000007,1.9591836734693437,0.026755852842812247,-35.999999999999744,-12.000000000000256,low,expanded
2025-04-11,13,Fri,NY,LONG,0.23799999999999955,0.08570000000000011,2.7771295215869225,0.24861878453038994,-0.20000000000004547,-47.799999999999955,low,expanded
2025-04-14,7,Mon,LON,LONG,0.15200000000000458,0.04960000000000005,3.0645161290323473,0.24723247232471668,-8.799999999999898,-39.2000000000001,low,expanded
2025-04-15,6,Tue,LON,LONG,0.10699999999999932,0.041149999999998244,2.6002430133658296,0.2742857142857291,-21.999999999999687,-26.000000000000313,low,expanded
2025-04-15,22,Tue,ASIA,LONG,0.060000000000002274,0.030500000000000325,1.9672131147541518,0.003257328990243694,-17.999999999999773,-30.000000000000227,low,expanded
2025-04-16,6,Wed,LON,LONG,0.15400000000000347,0.045900000000000316,3.3551198257081136,0.04424778761061084,-8.599999999999653,-39.40000000000035,low,expanded
2025-04-16,13,Wed,NY,LONG,0.14999999999999858,0.07185000000000023,2.087682672233794,0.2789473684210603,-38.99999999999986,-9.000000000000142,low,expanded
2025-04-16,22,Wed,ASIA,LONG,0.17499999999999716,0.054600000000001,3.2051282051280943,0.14330218068535405,-41.499999999999716,-6.500000000000284,low,expanded
2025-04-17,13,Thu,NY,SHORT,0.1319999999999979,0.07160000000000011,1.8435754189943812,0.20644216691070247,-37.19999999999979,-10.80000000000021,low,expanded
2025-04-21,23,Mon,ASIA,LONG,0.13400000000000034,0.03284999999999947,4.079147640791553,0.09634551495016251,-37.400000000000034,-10.599999999999966,low,expanded
2025-04-22,22,Tue,ASIA,SHORT,0.32399999999999807,0.07879999999999968,4.111675126903545,0.475155279503087,-56.39999999999981,8.399999999999807,mid,expanded
2025-04-23,6,Wed,LON,LONG,0.18099999999999739,0.05019999999999989,3.605577689242984,0.10857142857142563,-5.9000000000002615,-42.09999999999974,low,expanded
2025-04-23,13,Wed,NY,LONG,0.17300000000000182,0.07699999999999925,2.2467532467532925,0.2653061224489687,-6.699999999999818,-41.30000000000018,low,expanded
2025-04-24,7,Thu,LON,LONG,0.12700000000000244,0.0439500000000006,2.889647326507411,0.20649651972156902,-36.700000000000244,-11.299999999999756,low,expanded
2025-04-24,22,Thu,ASIA,LONG,0.12399999999999523,0.031000000000000583,3.999999999999771,0.1857707509881534,-36.39999999999952,-11.600000000000477,low,expanded
2025-04-25,6,Fri,LON,LONG,0.12700000000000244,0.05890000000000058,2.156196943972856,0.16739446870451757,-18.40000000000026,-29.59999999999974,low,expanded
2025-04-25,13,Fri,NY,SHORT,0.4239999999999995,0.07750000000000021,5.470967741935462,0.38888888888889833,-37.000000000000256,-10.999999999999744,mid,expanded
2025-04-27,22,Sun,ASIA,SHORT,0.12300000000000466,0.03964999999999961,3.102143757881611,0.0606860158311503,-11.699999999999534,-36.300000000000466,low,expanded
2025-04-28,6,Mon,LON,SHORT,0.1280000000000001,0.03444999999999965,3.7155297532656437,0.18232044198895983,-36.80000000000001,-11.199999999999989,low,expanded
2025-04-28,13,Mon,NY,SHORT,0.1880000000000024,0.0443999999999992,4.234234234234364,0.039024390243915796,-42.80000000000024,-5.199999999999761,low,expanded
2025-04-30,6,Wed,LON,SHORT,0.0940000000000012,0.043499999999999164,2.160919540229954,0.17585301837270048,-33.40000000000012,-14.59999999999988,low,expanded
2025-04-30,13,Wed,NY,SHORT,0.21300000000000097,0.09319999999999914,2.2854077253219196,0.3742071881606765,-45.3000000000001,-2.6999999999999034,mid,expanded
2025-05-01,7,Thu,LON,SHORT,0.10899999999999466,0.04985000000000035,2.186559679036989,0.03103448275862272,-34.899999999999466,-13.100000000000534,low,expanded
2025-05-01,13,Thu,NY,SHORT,0.22399999999999665,0.12069999999999918,1.8558409279204486,0.34514528703047237,-46.399999999999665,-1.6000000000003354,mid,expanded
2025-05-02,6,Fri,LON,LONG,0.15500000000000114,0.038149999999999906,4.062909567496764,0.053435114503814864,-39.500000000000114,-8.499999999999886,low,expanded
2025-05-02,13,Fri,NY,SHORT,0.27300000000000324,0.08960000000000043,3.0468750000000218,0.20884955752212847,3.300000000000324,-51.300000000000324,low,expanded
2025-05-06,7,Tue,LON,LONG,0.10600000000000165,0.04390000000000001,2.4145785876993537,0.29032258064515043,-34.600000000000165,-13.399999999999835,low,expanded
2025-05-06,13,Tue,NY,LONG,0.20199999999999818,0.0732999999999997,2.7557980900409142,0.14115898959880624,-44.19999999999982,-3.800000000000182,low,expanded
2025-05-07,6,Wed,LON,LONG,0.05300000000000438,0.03795000000000037,1.3965744400528026,0.36000000000001364,-29.300000000000438,-18.699999999999562,mid,normal
2025-05-07,22,Wed,ASIA,SHORT,0.08300000000000551,0.03099999999999916,2.67741935483896,0.14414414414416865,-32.30000000000055,-15.699999999999449,low,expanded
2025-05-08,6,Thu,LON,SHORT,0.29399999999999693,0.06080000000000112,4.835526315789334,0.726688102893891,-28.50000000000017,-19.49999999999983,high,expanded
2025-05-08,22,Thu,ASIA,SHORT,0.047999999999994714,0.027050000000000907,1.7744916820699854,0.21991701244814477,-28.79999999999947,-28.79999999999947,low,expanded
2025-05-09,13,Fri,NY,LONG,0.15700000000000358,0.05105000000000111,3.0754162585700326,0.2777777777777744,-8.299999999999642,-39.70000000000036,low,expanded
2025-05-12,6,Mon,LON,LONG,0.07200000000000273,0.040399999999999284,1.7821782178218812,0.19117647058822865,-31.200000000000273,-16.799999999999727,low,expanded
2025-05-12,13,Mon,NY,SHORT,0.24099999999999966,0.09854999999999947,2.4454591577879348,0.30694980694980445,-21.59999999999991,-26.40000000000009,mid,expanded
2025-05-13,6,Tue,LON,LONG,0.12399999999999523,0.044449999999999434,2.7896512935882294,0.07430997876857193,-11.600000000000477,-36.39999999999952,low,expanded
2025-05-13,22,Tue,ASIA,LONG,0.08099999999999596,0.020449999999998525,3.96088019559911,0.13861386138617832,-32.099999999999596,-15.900000000000404,low,expanded
2025-05-14,22,Wed,ASIA,SHORT,0.05799999999999983,0.026899999999999834,2.1561338289962895,0.3513513513513647,-18.200000000000017,-29.799999999999983,mid,expanded
2025-05-15,13,Thu,NY,SHORT,0.10799999999999699,0.062499999999999646,1.7279999999999616,0.07131537242472534,-34.7999999999997,-13.200000000000301,low,expanded
2025-05-15,22,Thu,ASIA,LONG,0.117999999999995,0.031349999999998344,3.7639553429027504,0.5044247787610358,-35.7999999999995,-12.2000000000005,mid,expanded
2025-05-16,6,Fri,LON,SHORT,0.08800000000000097,0.029899999999999594,2.9431438127091023,0.07975460122700402,-15.199999999999903,-32.8000000000001,low,expanded
2025-05-19,6,Mon,LON,LONG,0.10199999999999676,0.03165000000000049,3.2227488151657244,0.3272727272727128,-13.800000000000324,-34.199999999999676,mid,expanded
2025-05-19,23,Mon,ASIA,SHORT,0.045000000000001705,0.018749999999999645,2.4000000000001362,0.10243902439025573,-28.50000000000017,-19.49999999999983,low,expanded
2025-05-20,6,Tue,LON,SHORT,0.10999999999999943,0.04390000000000001,2.505694760820032,0.07420494699646892,-34.99999999999994,-13.000000000000057,low,expanded
2025-05-20,13,Tue,NY,LONG,0.1670000000000016,0.05804999999999936,2.876830318690843,0.08278145695363584,-7.299999999999841,-40.70000000000016,low,expanded
2025-05-20,22,Tue,ASIA,LONG,0.07800000000000296,0.027499999999998793,2.8363636363638682,0.06666666666666667,-31.800000000000296,-16.199999999999704,low,expanded
2025-05-21,13,Wed,NY,LONG,0.07200000000000273,0.05890000000000058,1.2224108658743977,0.1228070175438559,-31.200000000000273,-16.799999999999727,low,normal
2025-05-21,22,Wed,ASIA,LONG,0.06199999999999761,0.03400000000000105,1.8235294117645793,0.21666666666667522,-17.80000000000024,-30.19999999999976,low,expanded
2025-05-22,13,Thu,NY,SHORT,0.18299999999999983,0.08255000000000087,2.2168382798303803,0.3449883449883512,-5.700000000000017,-42.29999999999998,mid,expanded
2025-05-22,22,Thu,ASIA,SHORT,0.04299999999999926,0.020749999999999248,2.0722891566265456,0.015625000000018215,-28.299999999999926,-19.700000000000074,low,expanded
2025-05-23,7,Fri,LON,LONG,0.07500000000000284,0.02869999999999955,2.613240418118607,0.0505836575875708,-31.500000000000284,-16.499999999999716,low,expanded
2025-05-23,13,Fri,NY,SHORT,0.16499999999999915,0.1029000000000007,1.6034985422740333,0.05212355212355403,-40.499999999999915,-7.500000000000085,low,expanded
2025-05-25,22,Sun,ASIA,LONG,0.09299999999999642,0.04324999999999975,2.1502890173409703,0.08333333333332195,-33.29999999999964,-14.700000000000358,low,expanded
2025-05-27,6,Tue,LON,SHORT,0.1180000000000021,0.049549999999999275,2.3814328960646587,0.0607476635514111,-12.19999999999979,-35.80000000000021,low,expanded
2025-05-27,22,Tue,ASIA,LONG,0.07800000000000296,0.021100000000001628,3.696682464454831,0.14666666666664394,-29.100000000000193,-18.899999999999807,low,expanded
2025-05-28,7,Wed,LON,LONG,0.16599999999999682,0.034699999999999065,4.7838616714697775,0.0570570570570536,-12.19999999999979,-35.80000000000021,low,expanded
2025-05-28,23,Wed,ASIA,SHORT,0.08100000000000307,0.02945000000000029,2.750424448217395,0.12133891213389993,-15.899999999999693,-32.10000000000031,low,expanded
2025-05-29,6,Thu,LON,LONG,0.07399999999999807,0.030449999999999734,2.4302134646961813,0.1312499999999885,-31.399999999999807,-16.600000000000193,low,expanded
2025-05-30,7,Fri,LON,SHORT,0.07900000000000063,0.0315499999999993,2.503961965134782,0.23547400611621394,-31.900000000000063,-16.099999999999937,low,expanded
2025-05-30,13,Fri,NY,SHORT,0.2850000000000037,0.07639999999999994,3.730366492146648,0.05828220858895318,-8.70000000000013,-39.29999999999987,low,expanded
2025-06-02,6,Mon,LON,LONG,0.06900000000000261,0.0340499999999988,2.026431718061822,0.2477611940298506,-17.09999999999974,-30.90000000000026,low,expanded
2025-06-02,13,Mon,NY,LONG,0.31700000000000017,0.08959999999999972,3.5379464285714413,0.7420042643923445,7.700000000000017,-55.70000000000002,high,expanded
2025-06-02,23,Mon,ASIA,LONG,0.06800000000000495,0.03230000000000004,2.1052631578948877,0.04150943396224776,-30.800000000000495,-17.199999999999505,low,expanded
2025-06-03,14,Tue,NY,LONG,0.125,0.05575000000000045,2.2421524663676946,0.19166666666666815,-20.399999999999864,-27.600000000000136,low,expanded
2025-06-03,22,Tue,ASIA,LONG,0.08100000000000307,0.022750000000000624,3.5604395604395975,0.16326530612244455,-32.10000000000031,-15.899999999999693,low,expanded
2025-06-04,6,Wed,LON,LONG,0.07200000000000273,0.033300000000000905,2.1621621621621854,0.08219178082191247,-31.200000000000273,-16.799999999999727,low,expanded
2025-06-04,13,Wed,NY,LONG,0.13800000000000523,0.06970000000000062,1.979913916786284,0.14044943820224434,-25.10000000000028,-22.89999999999972,low,expanded
2025-06-05,6,Thu,LON,LONG,0.06700000000000017,0.02635000000000076,2.542694497153633,0.4210526315789651,-30.700000000000017,-17.299999999999983,mid,expanded
2025-06-05,13,Thu,NY,LONG,0.472999999999999,0.12605000000000074,3.752479174930553,0.043175487465178755,-71.2999999999999,23.299999999999898,low,expanded
2025-06-05,23,Thu,ASIA,LONG,0.17300000000000182,0.03275000000000006,5.28244274809165,0.2544802867383472,-6.699999999999818,-41.30000000000018,low,expanded
2025-06-06,6,Fri,LON,LONG,0.13800000000000523,0.05729999999999898,2.4083769633509196,0.04513888888888289,-10.199999999999477,-37.80000000000052,low,expanded
2025-06-09,6,Mon,LON,LONG,0.12700000000000244,0.039300000000000425,3.2315521628499,0.3071895424836453,-11.299999999999756,-36.700000000000244,mid,expanded
2025-06-09,13,Mon,NY,LONG,0.17499999999999716,0.0640500000000003,2.7322404371584126,0.11315789473683728,-6.500000000000284,-41.499999999999716,low,expanded
2025-06-09,22,Mon,ASIA,LONG,0.04000000000000625,0.02184999999999988,1.830663615560937,0.0842105263158249,-19.999999999999375,-28.000000000000625,low,expanded
2025-06-10,6,Tue,LON,LONG,0.13300000000000267,0.05700000000000003,2.333333333333379,0.027559055118116568,-37.30000000000027,-10.699999999999733,low,expanded
2025-06-10,22,Tue,ASIA,LONG,0.06299999999999528,0.0354499999999998,1.77715091678408,0.00546448087430421,-30.299999999999528,-17.700000000000472,low,expanded
2025-06-11,6,Wed,LON,LONG,0.12999999999999545,0.045099999999999696,2.882483370288167,0.42690058479532944,-36.999999999999545,-11.000000000000455,mid,expanded
2025-06-11,13,Wed,NY,SHORT,0.23499999999999943,0.09760000000000062,2.407786885245881,0.04534606205250313,-24.099999999999767,-23.900000000000233,low,expanded
2025-06-12,13,Thu,NY,SHORT,0.3200000000000003,0.07925000000000075,4.0378548895898705,0.12207151664611605,-45.10000000000056,-2.8999999999994373,low,expanded
2025-06-13,6,Fri,LON,SHORT,0.10700000000000642,0.05889999999999951,1.8166383701189697,0.05132743362831364,-13.299999999999358,-34.70000000000064,low,expanded
2025-06-13,14,Fri,NY,SHORT,0.22300000000000608,0.07254999999999931,3.0737422467265088,0.20112517580871345,-43.40000000000026,-4.5999999999997385,low,expanded
2025-06-16,6,Mon,LON,LONG,0.06499999999999773,0.0500999999999987,1.2974051896207468,0.19337016574587154,-17.500000000000227,-30.499999999999773,low,normal
2025-06-16,22,Mon,ASIA,LONG,0.07099999999999795,0.030900000000000462,2.297734627831615,0.07092198581561303,-31.099999999999795,-16.900000000000205,low,expanded
2025-06-17,13,Tue,NY,LONG,0.3089999999999975,0.08799999999999955,3.511363636363626,0.016286644951136145,-6.9999999999998295,-41.00000000000017,low,expanded
2025-06-18,13,Wed,NY,LONG,0.11200000000000188,0.058399999999999966,1.9178082191781154,0.129102844638946,-35.20000000000019,-12.799999999999812,low,expanded
2025-06-19,6,Thu,LON,SHORT,0.3780000000000001,0.06340000000000039,5.96214511041006,0.6006389776357858,-37.50000000000051,-10.499999999999488,high,expanded
2025-06-19,13,Thu,NY,SHORT,0.19200000000000017,0.06280000000000037,3.057324840764316,0.23547400611621713,-37.90000000000029,-10.09999999999971,low,expanded
2025-06-20,6,Fri,LON,SHORT,0.12000000000000455,0.061850000000001515,1.9401778496362427,0.30285714285713344,-36.000000000000455,-11.999999999999545,mid,expanded
2025-06-20,14,Fri,NY,SHORT,0.20900000000000318,0.06594999999999943,3.169067475360197,0.06202723146746858,-38.60000000000008,-9.39999999999992,low,expanded
2025-06-24,13,Tue,NY,SHORT,0.232999999999997,0.08634999999999807,2.6983207874927877,0.291497975708503,-0.7000000000003013,-47.2999999999997,low,expanded
2025-06-25,7,Wed,LON,SHORT,0.07500000000000284,0.027449999999999974,2.732240437158576,0.1809523809523829,-31.500000000000284,-16.499999999999716,low,expanded
2025-06-25,22,Wed,ASIA,LONG,0.0589999999999975,0.02274999999999956,2.5934065934065336,0.2531645569620293,-18.10000000000025,-29.89999999999975,low,expanded
2025-06-26,6,Thu,LON,LONG,0.13700000000000045,0.035500000000000045,3.8591549295774725,0.09150326797385484,-10.299999999999955,-37.700000000000045,low,expanded
2025-06-26,13,Thu,NY,LONG,0.26500000000000057,0.08085000000000057,3.2776747062461187,0.1283676703645085,-7.900000000000574,-40.099999999999426,low,expanded
2025-06-30,6,Mon,LON,SHORT,0.05299999999999727,0.025499999999999544,2.0784313725489496,0.12499999999993215,-29.299999999999727,-18.700000000000273,low,expanded
2025-06-30,14,Mon,NY,SHORT,0.15400000000000347,0.06159999999999961,2.500000000000072,0.17704918032787026,-32.70000000000033,-15.29999999999967,low,expanded
2025-07-01,13,Tue,NY,LONG,0.14700000000000557,0.07755000000000081,1.895551257253437,0.3848857644991091,-38.70000000000056,-9.299999999999443,mid,expanded
2025-07-02,6,Wed,LON,SHORT,0.07699999999999818,0.04135000000000062,1.8621523579201213,0.17478510028653446,-16.300000000000182,-31.699999999999818,low,expanded
2025-07-02,13,Wed,NY,LONG,0.17499999999999716,0.07209999999999894,2.4271844660194137,0.10280373831774708,-11.399999999999523,-36.60000000000048,low,expanded
2025-07-03,7,Thu,LON,LONG,0.10300000000000153,0.04930000000000021,2.0892494929006307,0.5850891410048783,-13.699999999999847,-34.30000000000015,mid,expanded
2025-07-03,13,Thu,NY,LONG,0.2979999999999947,0.10599999999999987,2.8113207547169345,0.07606263982103476,-24.199999999999534,-23.800000000000466,low,expanded
2025-07-03,23,Thu,ASIA,LONG,0.04999999999999716,0.019250000000000256,2.5974025974024153,0.15584415584413666,-28.999999999999716,-19.000000000000284,low,expanded
2025-07-04,6,Fri,LON,LONG,0.14099999999999824,0.03595000000000006,3.9221140472878444,0.13907284768212794,-38.099999999999824,-9.900000000000176,low,expanded
2025-07-04,13,Fri,NY,LONG,0.11400000000000432,0.0428499999999989,2.660443407234708,0.1478696741854518,-35.40000000000043,-12.599999999999568,low,expanded
2025-07-06,22,Sun,ASIA,LONG,0.30700000000000216,0.03864999999999945,7.943078913324878,0.5991091314031454,-54.700000000000216,6.700000000000216,mid,expanded
2025-07-07,6,Mon,LON,SHORT,0.14999999999999858,0.06199999999999974,2.4193548387096646,0.16981132075472566,-24.500000000000256,-23.499999999999744,low,expanded
2025-07-08,6,Tue,LON,LONG,0.10200000000000387,0.03935000000000031,2.5921219822110055,0.2088452088452164,-34.20000000000039,-13.799999999999613,low,expanded
2025-07-08,13,Tue,NY,SHORT,0.21600000000000108,0.059949999999999545,3.603002502085116,0.041800643086821646,-2.399999999999892,-45.60000000000011,low,expanded
2025-07-09,6,Wed,LON,SHORT,0.16199999999999903,0.049199999999999376,3.2926829268292903,0.0297482837528558,-22.699999999999477,-25.300000000000523,low,expanded
2025-07-09,14,Wed,NY,SHORT,0.11199999999999477,0.05200000000000031,2.1538461538460405,0.2833723653395745,-35.19999999999948,-12.800000000000523,low,expanded
2025-07-10,22,Thu,ASIA,LONG,0.22099999999999653,0.0698999999999991,3.161659513590835,0.038724373576316654,-22.400000000000176,-25.599999999999824,low,expanded
2025-07-11,13,Fri,NY,LONG,0.21399999999999864,0.08004999999999889,2.673329169269227,0.03623188405797163,-2.6000000000001364,-45.399999999999864,low,expanded
2025-07-14,22,Mon,ASIA,LONG,0.09100000000000108,0.0492000000000008,1.8495934959349514,0.03333333333332988,-14.899999999999892,-33.10000000000011,low,expanded
2025-07-15,6,Tue,LON,LONG,0.10300000000000153,0.037399999999999524,2.754010695187242,0.44486692015214735,-34.30000000000015,-13.699999999999847,mid,expanded
2025-07-16,13,Wed,NY,SHORT,0.11999999999999744,0.06480000000000175,1.8518518518517626,0.11869436201780047,-12.000000000000256,-35.999999999999744,low,expanded
2025-07-16,22,Wed,ASIA,SHORT,0.03900000000000148,0.023099999999998743,1.688311688311844,0.20158102766799174,-20.099999999999852,-27.900000000000148,low,expanded
2025-07-17,22,Thu,ASIA,LONG,0.054000000000002046,0.028450000000000485,1.8980667838313225,0.027624309392280808,-29.400000000000205,-18.599999999999795,low,expanded
2025-07-18,6,Fri,LON,LONG,0.12100000000000222,0.035900000000000175,3.3704735376045023,0.10028653295130503,-11.899999999999778,-36.10000000000022,low,expanded
2025-07-21,6,Mon,LON,LONG,0.0799999999999983,0.03779999999999965,2.1164021164020905,0.2087378640776704,-16.00000000000017,-31.99999999999983,low,expanded
2025-07-21,13,Mon,NY,LONG,0.16799999999999926,0.05764999999999994,2.914137033824795,0.2331838565022563,-7.200000000000074,-40.799999999999926,low,expanded
2025-07-21,22,Mon,ASIA,LONG,0.0660000000000025,0.026850000000000308,2.458100558659283,0.10000000000002583,-30.60000000000025,-17.39999999999975,low,expanded
2025-07-22,6,Tue,LON,LONG,0.12700000000000244,0.04754999999999967,2.6708727655100595,0.27659574468085457,-36.700000000000244,-11.299999999999756,low,expanded
2025-07-23,6,Wed,LON,LONG,0.08499999999999375,0.051450000000000176,1.6520894071913208,0.11450381679388216,-32.499999999999375,-15.500000000000625,low,expanded
2025-07-23,14,Wed,NY,LONG,0.16899999999999693,0.07024999999999934,2.405693950177915,0.11040000000000419,-40.89999999999969,-7.100000000000307,low,expanded
2025-07-23,22,Wed,ASIA,LONG,0.07600000000000051,0.03239999999999839,2.3456790123458116,0.016077170418015395,-31.60000000000005,-16.39999999999995,low,expanded
2025-07-24,6,Thu,LON,SHORT,0.11399999999999721,0.046450000000000456,2.4542518837458793,0.25352112676054245,-35.39999999999972,-12.600000000000279,low,expanded
2025-07-25,14,Fri,NY,SHORT,0.0969999999999942,0.057499999999998865,1.686956521739063,0.1281138790035641,-14.30000000000058,-33.69999999999942,low,expanded
2025-07-28,13,Mon,NY,SHORT,0.06299999999999528,0.04849999999999888,1.2989690721648812,0.08229426433915601,-30.299999999999528,-17.700000000000472,low,normal
2025-07-29,6,Tue,LON,SHORT,0.05799999999999983,0.03170000000000073,1.8296529968453785,0.27472527472530334,-18.200000000000017,-29.799999999999983,low,expanded
2025-07-29,13,Tue,NY,SHORT,0.13100000000000023,0.049949999999999405,2.6226226226226586,0.08933717579250343,-37.10000000000002,-10.899999999999977,low,expanded
2025-07-30,7,Wed,LON,SHORT,0.07399999999999807,0.03615000000000031,2.047026279391354,0.19175257731957765,-31.399999999999807,-16.600000000000193,low,expanded
2025-07-30,13,Wed,NY,SHORT,0.3100000000000023,0.09074999999999918,3.4159779614325627,0.3311184939091915,-38.30000000000007,-9.699999999999932,mid,expanded
2025-07-30,23,Wed,ASIA,SHORT,0.08100000000000307,0.05119999999999969,1.5820312500000695,0.2627291242362444,-32.10000000000031,-15.899999999999693,low,expanded
2025-07-31,6,Thu,LON,SHORT,0.06400000000000006,0.032400000000000165,1.9753086419753003,0.1589743589743642,-17.599999999999994,-30.400000000000006,low,expanded
2025-07-31,13,Thu,NY,SHORT,0.2010000000000005,0.07960000000000064,2.5251256281406897,0.19925512104284812,-24.9999999999998,-23.0000000000002,low,expanded
2025-08-01,7,Fri,LON,SHORT,0.1460000000000008,0.04064999999999976,3.591635916359204,0.006681514476614558,-9.39999999999992,-38.60000000000008,low,expanded
2025-08-01,13,Fri,NY,SHORT,0.24900000000000233,0.10824999999999925,2.3002309468822544,0.7472194135490388,-11.100000000000222,-36.89999999999978,high,expanded
2025-08-04,6,Mon,LON,LONG,0.08600000000000563,0.03340000000000032,2.5748502994013416,0.4,-15.399999999999437,-32.60000000000056,mid,expanded
2025-08-04,13,Mon,NY,LONG,0.14399999999999835,0.05430000000000064,2.651933701657397,0.052434456928835214,-30.400000000000006,-17.599999999999994,low,expanded
2025-08-04,23,Mon,ASIA,LONG,0.05700000000000216,0.023649999999998884,2.4101479915435453,0.05454545454545267,-18.299999999999784,-29.700000000000216,low,expanded
2025-08-05,7,Tue,LON,LONG,0.12399999999999523,0.04185000000000052,2.9629629629628123,0.011086474501099076,-36.39999999999952,-11.600000000000477,low,expanded
2025-08-05,13,Tue,NY,LONG,0.08800000000000097,0.0529999999999994,1.660377358490603,0.15606936416184242,-15.199999999999903,-32.8000000000001,low,expanded
2025-08-06,6,Wed,LON,LONG,0.08800000000000097,0.03950000000000102,2.22784810126579,0.07262569832401104,-32.8000000000001,-15.199999999999903,low,expanded
2025-08-06,13,Wed,NY,LONG,0.23499999999999943,0.062249999999998806,3.775100401606489,0.14355231143553135,-28.999999999999716,-19.000000000000284,low,expanded
2025-08-06,23,Wed,ASIA,LONG,0.13799999999999812,0.037850000000001674,3.645970937912603,0.14398422090729518,-23.499999999999744,-24.500000000000256,low,expanded
2025-08-07,6,Thu,LON,LONG,0.09800000000000608,0.025650000000000263,3.820662768031387,0.12068965517243914,-14.199999999999392,-33.80000000000061,low,expanded
2025-08-07,13,Thu,NY,LONG,0.2190000000000012,0.07624999999999957,2.8721311475410154,0.10551558752997407,-45.90000000000012,-2.0999999999998806,low,expanded
2025-08-07,22,Thu,ASIA,LONG,0.14399999999999835,0.05229999999999961,2.753346080305916,0.07086614173227818,-38.399999999999835,-9.600000000000165,low,expanded
2025-08-08,6,Fri,LON,LONG,0.3019999999999996,0.09584999999999973,3.1507563901930147,0.14013605442177227,-22.60000000000042,-25.39999999999958,low,expanded
2025-08-08,13,Fri,NY,LONG,0.14999999999999858,0.07625000000000134,1.967213114754045,0.14972273567468702,-30.400000000000006,-17.599999999999994,low,expanded
2025-08-11,6,Mon,LON,SHORT,0.13600000000000279,0.04240000000000101,3.20754716981131,0.035128805620610846,-10.399999999999721,-37.60000000000028,low,expanded
2025-08-12,7,Tue,LON,SHORT,0.11399999999999721,0.03610000000000042,3.157894736841991,0.011363636363650585,-12.600000000000279,-35.39999999999972,low,expanded
2025-08-12,13,Tue,NY,SHORT,0.1840000000000046,0.07204999999999942,2.553782095766913,0.025110782865587395,-42.40000000000046,-5.59999999999954,low,expanded
2025-08-13,6,Wed,LON,LONG,0.19500000000000028,0.032950000000002075,5.918057663125585,0.5753846153846375,-4.499999999999972,-43.50000000000003,mid,expanded
2025-08-14,7,Thu,LON,LONG,0.09100000000000108,0.043400000000000105,2.096774193548407,0.26699029126212137,-33.10000000000011,-14.899999999999892,low,expanded
2025-08-14,13,Thu,NY,SHORT,0.1460000000000008,0.0704500000000003,2.07239176721079,0.27184466019417264,-38.60000000000008,-9.39999999999992,low,expanded
2025-08-15,6,Fri,LON,SHORT,0.08100000000000307,0.027499999999999858,2.9454545454546723,0.09160305343509319,-15.899999999999693,-32.10000000000031,low,expanded
2025-08-15,13,Fri,NY,SHORT,0.12099999999999511,0.054999999999999716,2.1999999999999225,0.015945330296139214,-36.09999999999951,-11.900000000000489,low,expanded
2025-08-17,22,Sun,ASIA,SHORT,0.14999999999999858,0.036300000000000665,4.132231404958563,0.2429906542055991,-38.99999999999986,-9.000000000000142,low,expanded
2025-08-18,6,Mon,LON,LONG,0.10099999999999909,0.03475000000000143,2.906474820143739,0.24092409240922746,-34.09999999999991,-13.900000000000091,low,expanded
2025-08-19,14,Tue,NY,SHORT,0.22100000000000364,0.05349999999999966,4.130841121495421,0.27441860465116785,-1.8999999999996362,-46.100000000000364,low,expanded
2025-08-19,23,Tue,ASIA,SHORT,0.07500000000000284,0.02905000000000051,2.5817555938038392,0.2445652173913075,-16.499999999999716,-31.500000000000284,low,expanded
2025-08-20,6,Wed,LON,SHORT,0.06200000000000472,0.03744999999999941,1.655540720961434,0.045454545454545456,-17.799999999999528,-30.200000000000472,low,expanded
2025-08-21,13,Thu,NY,LONG,0.12400000000000233,0.06394999999999947,1.9390148553557993,0.3815602836879303,-36.40000000000023,-11.599999999999767,mid,expanded
2025-08-22,7,Fri,LON,LONG,0.05100000000000193,0.027850000000001884,1.8312387791740927,0.2109374999999961,-18.899999999999807,-29.100000000000193,low,expanded
2025-08-22,13,Fri,NY,LONG,0.17500000000000426,0.07300000000000004,2.39726027397266,0.024316109422489414,-6.499999999999574,-41.500000000000426,low,expanded
2025-08-24,22,Sun,ASIA,LONG,0.10099999999999909,0.045549999999999355,2.2173435784851927,0.09311740890690379,-34.09999999999991,-13.900000000000091,low,expanded
2025-08-25,6,Mon,LON,LONG,0.10600000000000165,0.02985000000000042,3.5510887772194355,0.6078431372548834,-34.600000000000165,-13.399999999999835,high,expanded
2025-08-25,13,Mon,NY,LONG,0.1670000000000016,0.04679999999999929,3.568376068376157,0.420792079207914,-7.299999999999841,-40.70000000000016,mid,expanded
2025-08-26,22,Tue,ASIA,LONG,0.11999999999999744,0.027250000000000087,4.403669724770534,0.2583333333333442,-35.999999999999744,-12.000000000000256,low,expanded
2025-08-27,6,Wed,LON,SHORT,0.08400000000000318,0.02850000000000108,2.9473684210526314,0.18604651162790697,-15.599999999999682,-32.40000000000032,low,expanded
2025-08-27,13,Wed,NY,SHORT,0.11399999999999721,0.05044999999999931,2.259663032705625,0.0021413276231366336,-12.600000000000279,-35.39999999999972,low,expanded
2025-08-28,6,Thu,LON,LONG,0.11000000000000654,0.03239999999999945,3.395061728395321,0.14970059880238526,-19.000000000000284,-28.999999999999716,low,expanded
2025-08-28,13,Thu,NY,LONG,0.1530000000000058,0.07860000000000014,1.9465648854962534,0.033707865168540525,-39.30000000000058,-8.69999999999942,low,expanded
2025-08-28,22,Thu,ASIA,LONG,0.10099999999999909,0.02815000000000012,3.587921847246844,0.012987012987005796,-34.09999999999991,-13.900000000000091,low,expanded
2025-08-29,13,Fri,NY,LONG,0.10500000000000398,0.07545000000000002,1.391650099403631,0.1003236245954616,-13.499999999999602,-34.5000000000004,low,normal
2025-08-31,23,Sun,ASIA,LONG,0.18999999999999773,0.11735000000000043,1.6190881976991651,0.11937716262975628,-5.000000000000227,-42.99999999999977,low,expanded
2025-09-02,7,Tue,LON,LONG,0.1939999999999955,0.038599999999999565,5.025906735751236,0.4759825327510634,-43.39999999999955,-4.600000000000449,mid,expanded
2025-09-02,13,Tue,NY,LONG,0.23399999999999466,0.09929999999999879,2.3564954682779207,0.24057450628366217,-0.6000000000005343,-47.399999999999466,low,expanded
2025-09-02,22,Tue,ASIA,LONG,0.1939999999999955,0.038949999999999464,4.980744544287502,0.09692671394799451,-27.09999999999988,-20.90000000000012,low,expanded
2025-09-03,6,Wed,LON,LONG,0.13300000000000267,0.04184999999999981,3.1780167264039014,0.054229934924074345,-24.500000000000256,-23.499999999999744,low,expanded
2025-09-03,13,Wed,NY,LONG,0.1739999999999995,0.06724999999999995,2.5873605947955336,0.3070017953321459,-6.600000000000051,-41.39999999999995,mid,expanded
2025-09-04,13,Thu,NY,LONG,0.19500000000000028,0.060849999999999585,3.204601479046863,0.013384321223705628,-43.50000000000003,-4.499999999999972,low,expanded
2025-09-05,13,Fri,NY,LONG,0.2560000000000002,0.13589999999999947,1.8837380426784491,0.38032532920216955,-49.60000000000002,1.6000000000000227,mid,expanded
2025-09-08,13,Mon,NY,LONG,0.15899999999999892,0.06029999999999873,2.6368159203980475,0.19771863117870178,-39.89999999999989,-8.100000000000108,low,expanded
2025-09-08,23,Mon,ASIA,LONG,0.1559999999999988,0.03540000000000028,4.406779661016881,0.07630522088352244,-17.999999999999773,-30.000000000000227,low,expanded
2025-09-09,13,Tue,NY,LONG,0.26899999999999835,0.07600000000000087,3.539473684210464,0.012693935119887843,-50.899999999999835,2.899999999999835,low,expanded
2025-09-09,22,Tue,ASIA,SHORT,0.12400000000000233,0.04074999999999953,3.0429447852761657,0.45868945868946376,-36.40000000000023,-11.599999999999767,mid,expanded
2025-09-10,7,Wed,LON,SHORT,0.08099999999999596,0.034600000000000006,2.3410404624276286,0.14191419141914408,-32.099999999999596,-15.900000000000404,low,expanded
2025-09-10,13,Wed,NY,LONG,0.16599999999999682,0.08160000000000096,2.034313725490133,0.03561643835616982,-24.900000000000034,-23.099999999999966,low,expanded
2025-09-10,23,Wed,ASIA,LONG,0.0659999999999954,0.025049999999998816,2.6347305389220965,0.06172839506173706,-30.59999999999954,-17.40000000000046,low,expanded
2025-09-11,23,Thu,ASIA,LONG,0.08200000000000074,0.025149999999999652,3.2604373757456013,0.32432432432432345,-32.200000000000074,-15.799999999999926,mid,expanded
2025-09-12,7,Fri,LON,LONG,0.14300000000000068,0.05075000000000109,2.817733990147736,0.24800000000000819,-9.699999999999932,-38.30000000000007,low,expanded
2025-09-12,13,Fri,NY,LONG,0.2190000000000012,0.08724999999999916,2.5100286532951666,0.12962962962963223,-11.299999999999756,-36.700000000000244,low,expanded
2025-09-15,13,Mon,NY,LONG,0.15200000000000102,0.06200000000000046,2.4516129032258047,0.06890130353818569,-8.799999999999898,-39.2000000000001,low,expanded
2025-09-16,6,Tue,LON,LONG,0.09700000000000131,0.04240000000000066,2.287735849056599,0.18326693227091553,-27.400000000000603,-20.599999999999397,low,expanded
2025-09-16,13,Tue,NY,LONG,0.24199999999999733,0.06455000000000019,3.749031758326826,0.21518987341771112,-48.19999999999973,0.19999999999973284,low,expanded
2025-09-16,22,Tue,ASIA,LONG,0.05700000000000216,0.023350000000000648,2.4411134903640503,0.14728682170543958,-29.700000000000216,-18.299999999999784,low,expanded
2025-09-17,6,Wed,LON,SHORT,0.08299999999999841,0.054700000000000415,1.5173674588665043,0.15241635687732774,-15.70000000000016,-32.29999999999984,low,expanded
2025-09-18,13,Thu,NY,SHORT,0.18900000000000006,0.06595000000000084,2.865807429871079,0.19789842381786332,-5.099999999999994,-42.900000000000006,low,expanded
2025-09-18,22,Thu,ASIA,SHORT,0.0660000000000025,0.024349999999999383,2.710472279260952,0.12643678160923294,-17.39999999999975,-30.60000000000025,low,expanded
2025-09-19,13,Fri,NY,LONG,0.19500000000000028,0.06659999999999969,2.927927927927946,0.08848080133555626,-4.499999999999972,-43.50000000000003,low,expanded
2025-09-22,6,Mon,LON,LONG,0.13600000000000279,0.05039999999999978,2.6984126984127657,0.19813519813520247,-37.60000000000028,-10.399999999999721,low,expanded
2025-09-22,14,Mon,NY,LONG,0.14399999999999835,0.08114999999999953,1.7744916820702303,0.09867452135493471,-9.600000000000165,-38.399999999999835,low,expanded
2025-09-22,23,Mon,ASIA,LONG,0.09999999999999432,0.04040000000000106,2.4752475247522696,0.2412371134020531,-33.99999999999943,-14.000000000000568,low,expanded
2025-09-23,22,Tue,ASIA,LONG,0.1039999999999992,0.04159999999999968,2.5,0.15151515151515338,-34.39999999999992,-13.60000000000008,low,expanded
2025-09-25,6,Thu,LON,LONG,0.06400000000000006,0.03694999999999986,1.732070365358601,0.08011869436202343,-30.400000000000006,-17.599999999999994,low,expanded
2025-09-26,6,Fri,LON,LONG,0.3329999999999984,0.05099999999999909,6.5294117647059675,0.5530726256983122,-29.799999999999983,-18.200000000000017,mid,expanded
2025-09-26,14,Fri,NY,LONG,0.3620000000000019,0.0985000000000003,3.6751269035533074,0.28459530026109126,12.200000000000188,-60.20000000000019,low,expanded
2025-09-29,6,Mon,LON,LONG,0.21600000000000108,0.10810000000000031,1.9981498612395974,0.046370967741935644,-45.60000000000011,-2.399999999999892,low,expanded
2025-09-29,13,Mon,NY,LONG,0.2849999999999966,0.1188000000000006,2.3989898989898584,0.17692307692307346,-52.49999999999966,4.499999999999659,low,expanded
2025-09-30,13,Tue,NY,SHORT,0.257000000000005,0.10020000000000095,2.5648702594810633,0.20125786163522016,-49.7000000000005,1.7000000000005002,low,expanded
2025-10-01,7,Wed,LON,LONG,0.34500000000000597,0.0741500000000002,4.652730950775523,0.17169069462647357,10.500000000000597,-58.5000000000006,low,expanded
2025-10-01,13,Wed,NY,LONG,0.29299999999999926,0.12079999999999949,2.4254966887417257,0.07561436672967653,5.299999999999926,-53.299999999999926,low,expanded
2025-10-02,23,Thu,ASIA,SHORT,0.11699999999999733,0.051249999999998866,2.282926829268291,0.07142857142856462,-35.69999999999973,-12.300000000000267,low,expanded
2025-10-03,7,Fri,LON,LONG,0.3269999999999982,0.07509999999999942,4.354194407456734,0.5103926096997736,-18.40000000000026,-29.59999999999974,mid,expanded
2025-10-05,22,Sun,ASIA,LONG,0.1880000000000024,0.07390000000000008,2.543978349120463,0.041666666666670134,-5.199999999999761,-42.80000000000024,low,expanded
2025-10-06,6,Mon,LON,LONG,0.09199999999999875,0.06565000000000047,1.4013709063213722,0.1285081240768066,-14.800000000000125,-33.199999999999875,low,normal
2025-10-06,13,Mon,NY,LONG,0.2049999999999983,0.11355000000000004,1.8053720827828994,0.12248062015504048,-3.5000000000001705,-44.49999999999983,low,expanded
2025-10-08,7,Wed,LON,LONG,0.3569999999999993,0.12454999999999963,2.8663187474909706,0.03333333333333247,-5.799999999999784,-42.200000000000216,low,expanded
2025-10-08,13,Wed,NY,LONG,0.1729999999999947,0.07774999999999999,2.2250803858520225,0.061166429587480295,-41.29999999999947,-6.700000000000529,low,expanded
2025-10-10,7,Fri,LON,LONG,0.8310000000000031,0.3655500000000004,2.273286828067302,0.5614567526555381,59.10000000000031,-107.1000000000003,mid,expanded
2025-10-10,13,Fri,NY,LONG,0.5150000000000006,0.19385000000000083,2.656693319576984,0.04195804195804335,-75.50000000000006,27.500000000000057,low,expanded
2025-10-13,7,Mon,LON,LONG,0.4369999999999976,0.1993500000000008,2.192124404314,0.018018018018020727,-67.69999999999976,19.69999999999976,low,expanded
2025-10-13,13,Mon,NY,LONG,0.22299999999999898,0.1492499999999996,1.494137353433833,0.24844720496894954,-46.2999999999999,-1.7000000000001023,low,normal
2025-10-14,7,Tue,LON,LONG,2.2719999999999985,0.5479499999999995,4.146363719317457,0.4149782923299585,-118.5999999999998,70.5999999999998,mid,expanded
2025-10-14,13,Tue,NY,SHORT,0.3129999999999953,0.15184999999999924,2.061244649324971,0.5291828793774379,-55.29999999999953,7.299999999999528,mid,expanded
2025-10-15,6,Wed,LON,LONG,0.23199999999999932,0.11540000000000142,2.010398613518167,0.13926499032882458,-0.8000000000000682,-47.19999999999993,low,expanded
2025-10-15,14,Wed,NY,LONG,0.1910000000000025,0.12779999999999916,1.4945226917058196,0.210180623973727,-4.89999999999975,-43.10000000000025,low,normal
2025-10-16,13,Thu,NY,LONG,0.2669999999999959,0.14784999999999898,1.8058843422387403,0.11013215859030832,2.6999999999995907,-50.69999999999959,low,expanded
2025-10-20,13,Mon,NY,SHORT,0.3990000000000009,0.13874999999999957,2.875675675675691,0.3601756954612039,15.900000000000091,-63.90000000000009,mid,expanded
2025-10-21,13,Tue,NY,SHORT,0.3200000000000003,0.17710000000000042,1.8068887634104998,0.302233902759525,-56.00000000000003,8.000000000000028,mid,expanded
2025-10-22,7,Wed,LON,SHORT,0.1769999999999996,0.0727999999999998,2.431318681318683,0.3395176252319142,-6.30000000000004,-41.69999999999996,mid,expanded
2025-10-23,13,Thu,NY,LONG,0.26599999999999824,0.1070000000000011,2.4859813084111733,0.08997955010224903,-50.599999999999824,2.599999999999824,low,expanded
2025-10-23,22,Thu,ASIA,SHORT,0.23799999999999955,0.06104999999999876,3.89844389844397,0.1194539249146809,-47.799999999999955,-0.20000000000004547,low,expanded
2025-10-26,22,Sun,ASIA,SHORT,0.5210000000000008,0.10959999999999966,4.753649635036519,0.12418300653595105,-49.499999999999545,1.4999999999995453,low,expanded
2025-10-27,7,Mon,LON,SHORT,0.10500000000000398,0.07210000000000001,1.4563106796117053,0.5905044510385642,-13.499999999999602,-34.5000000000004,mid,normal
2025-10-27,13,Mon,NY,SHORT,0.41199999999999903,0.10950000000000024,3.7625570776255537,0.03902439024390424,17.199999999999903,-65.1999999999999,low,expanded
2025-10-27,22,Mon,ASIA,SHORT,0.19600000000000506,0.10879999999999938,1.8014705882353508,0.15789473684210284,-4.399999999999494,-43.600000000000506,low,expanded
2025-10-28,7,Tue,LON,SHORT,0.33200000000000074,0.10259999999999998,3.2358674463937698,0.0667938931297707,9.200000000000074,-57.200000000000074,low,expanded
2025-10-29,6,Wed,LON,LONG,0.3290000000000006,0.07390000000000078,4.451962110960719,0.42592592592592265,8.900000000000063,-56.90000000000006,mid,expanded
2025-10-29,14,Wed,NY,LONG,0.19199999999999307,0.09639999999999915,1.9917012448132236,0.19176598049837554,-43.19999999999931,-4.8000000000006935,low,expanded
2025-10-29,22,Wed,ASIA,LONG,0.4649999999999963,0.1223999999999986,3.799019607843151,0.10665258711721258,-33.59999999999965,-14.400000000000347,low,expanded
2025-10-30,6,Thu,LON,LONG,0.1880000000000024,0.10645000000000024,1.7660873649600937,0.11952861952861871,-42.80000000000024,-5.199999999999761,low,expanded
2025-10-30,13,Thu,NY,LONG,0.4229999999999947,0.13765000000000036,3.073011260443107,0.010073875083949503,18.29999999999947,-66.29999999999947,low,expanded
2025-10-30,22,Thu,ASIA,LONG,0.1739999999999995,0.05999999999999872,2.900000000000053,0.00792393026940642,-6.600000000000051,-41.39999999999995,low,expanded
2025-10-31,6,Fri,LON,LONG,0.3269999999999982,0.08240000000000088,3.9684466019416833,0.4712950600801074,-56.69999999999982,8.699999999999818,mid,expanded
2025-11-03,7,Mon,LON,LONG,0.13000000000000256,0.05840000000000103,2.2260273972602787,0.18673647469458624,-37.000000000000256,-10.999999999999744,low,expanded
2025-11-03,14,Mon,NY,LONG,0.19599999999999795,0.07065000000000055,2.7742392073601763,0.14243759177679086,-43.599999999999795,-4.400000000000205,low,expanded
2025-11-04,13,Tue,NY,SHORT,0.3500000000000014,0.08394999999999975,4.169148302561077,0.2575928008998979,11.000000000000142,-59.00000000000014,low,expanded
2025-11-05,6,Wed,LON,SHORT,0.13299999999999557,0.0673999999999996,1.97329376854594,0.027607361963191187,-37.29999999999956,-10.700000000000443,low,expanded
2025-11-06,6,Thu,LON,LONG,0.09799999999999898,0.06040000000000027,1.6225165562913664,0.17748917748918602,-14.200000000000102,-33.7999999999999,low,expanded
2025-11-07,6,Fri,LON,LONG,0.2079999999999984,0.060900000000000176,3.4154351395730345,0.23076923076923078,-3.200000000000159,-44.79999999999984,low,expanded
2025-11-10,6,Mon,LON,LONG,0.1109999999999971,0.06589999999999954,1.6843702579665838,0.3933333333333462,-12.90000000000029,-35.09999999999971,mid,expanded
2025-11-11,13,Tue,NY,LONG,0.259999999999998,0.08014999999999865,3.2439176543980333,0.09571788413098252,-49.9999999999998,1.999999999999801,low,expanded
2025-11-12,6,Wed,LON,LONG,0.26599999999999824,0.07535000000000096,3.530192435301856,0.3172496984318485,2.599999999999824,-50.599999999999824,mid,expanded
2025-11-12,13,Wed,NY,LONG,0.21299999999999386,0.08749999999999929,2.434285714285664,0.16105769230769396,-2.700000000000614,-45.299999999999386,low,expanded
2025-11-13,6,Thu,LON,LONG,0.24899999999999523,0.13679999999999987,1.8201754385964581,0.17058377558756616,0.8999999999995225,-48.89999999999952,low,expanded
2025-11-14,13,Fri,NY,SHORT,1.2540000000000049,0.22280000000000016,5.628366247755853,0.6283676703645,-89.70000000000036,41.70000000000036,high,expanded
2025-11-17,13,Mon,NY,SHORT,0.27200000000000557,0.09780000000000086,2.7811860940695623,0.13859275053305248,3.200000000000557,-51.20000000000056,low,expanded
2025-11-18,6,Tue,LON,SHORT,0.17199999999999704,0.08655000000000009,1.9872905834777224,0.1611185086551269,-6.800000000000296,-41.199999999999704,low,expanded
2025-11-19,6,Wed,LON,LONG,0.1669999999999945,0.1041999999999998,1.6026871401151133,0.4675090252707596,-40.69999999999945,-7.300000000000551,mid,expanded
2025-11-20,13,Thu,NY,SHORT,0.3620000000000019,0.11315000000000061,3.199292973928413,0.19215044971382042,-60.20000000000019,12.200000000000188,low,expanded
2025-11-21,6,Fri,LON,SHORT,0.32099999999999795,0.12334999999999922,2.602351033644102,0.14096916299559759,8.099999999999795,-56.099999999999795,low,expanded
2025-11-24,6,Mon,LON,SHORT,0.15800000000000125,0.08290000000000042,1.9059107358263023,0.10840707964601701,-39.800000000000125,-8.199999999999875,low,expanded
2025-11-24,13,Mon,NY,SHORT,0.1669999999999945,0.08529999999999979,1.9577960140679354,0.16733601070951107,-40.69999999999945,-7.300000000000551,low,expanded
2025-11-25,13,Tue,NY,LONG,0.21699999999999875,0.09655000000000022,2.2475401346452433,0.13768844221105903,-2.300000000000125,-45.699999999999875,low,expanded
2025-11-26,6,Wed,LON,LONG,0.23799999999999955,0.08930000000000042,2.6651735722284258,0.04052573932091945,-0.20000000000004547,-47.799999999999955,low,expanded
2025-11-26,13,Wed,NY,LONG,0.375,0.12355000000000053,3.035208417644665,0.017241379310341448,-61.5,13.5,low,expanded
2025-11-27,6,Thu,LON,LONG,0.2739999999999938,0.06850000000000023,3.999999999999896,0.4684563758389233,3.3999999999993804,-51.39999999999938,mid,expanded
2025-11-28,13,Fri,NY,LONG,0.16400000000000148,0.07650000000000076,2.1437908496732008,0.05519897304236081,-7.599999999999852,-40.40000000000015,low,expanded
2025-12-01,6,Mon,LON,LONG,0.2560000000000002,0.18435000000000024,1.3886628695416323,0.19909502262443488,-49.60000000000002,1.6000000000000227,low,normal
2025-12-01,13,Mon,NY,LONG,0.588000000000001,0.17629999999999982,3.3352240499149266,0.09388646288209405,-82.8000000000001,34.8000000000001,low,expanded
2025-12-02,14,Tue,NY,LONG,0.31400000000000006,0.11550000000000012,2.7186147186147163,0.077464788732396,7.400000000000006,-55.400000000000006,low,expanded
2025-12-03,13,Wed,NY,LONG,1.382000000000005,0.1796000000000003,7.694877505567944,0.33140794223826825,-50.600000000000534,2.6000000000005343,mid,expanded
2025-12-05,13,Fri,NY,LONG,0.46000000000000085,0.11395000000000018,4.0368582711715675,0.08399646330680711,22.000000000000085,-70.00000000000009,low,expanded
2025-12-08,6,Mon,LON,LONG,0.1980000000000004,0.09185000000000017,2.1556886227544916,0.40789473684212074,-43.80000000000004,-4.19999999999996,mid,expanded
2025-12-10,6,Wed,LON,LONG,0.1739999999999995,0.09410000000000025,1.8490967056322956,0.38257993384785,-6.600000000000051,-41.39999999999995,mid,expanded
2025-12-11,6,Thu,LON,LONG,0.47700000000000387,0.15204999999999985,3.1371259454127216,0.05021173623714753,-11.400000000000233,-36.59999999999977,low,expanded
2025-12-11,13,Thu,NY,LONG,0.3130000000000024,0.12444999999999844,2.515066291683458,0.10204081632653425,7.300000000000239,-55.30000000000024,low,expanded
2025-12-12,14,Fri,NY,LONG,0.6290000000000049,0.17589999999999967,3.575895395110893,0.09551208285385476,-86.90000000000049,38.90000000000049,low,expanded
2025-12-15,6,Mon,LON,LONG,0.36699999999999733,0.11339999999999861,3.236331569664919,0.5974304068522543,12.699999999999733,-60.69999999999973,mid,expanded
2025-12-15,13,Mon,NY,LONG,0.3879999999999981,0.10990000000000073,3.5304822565968657,0.17159763313609128,-62.79999999999981,14.799999999999812,low,expanded
2025-12-17,13,Wed,NY,LONG,0.21800000000000352,0.10120000000000147,2.154150197628462,0.023437500000000867,-45.80000000000035,-2.1999999999996476,low,expanded
2025-12-18,6,Thu,LON,LONG,0.28899999999998727,0.14144999999999897,2.0431247790738025,0.04964539007091727,-52.89999999999873,4.899999999998727,low,expanded
2025-12-18,13,Thu,NY,LONG,0.48699999999999477,0.13344999999999912,3.6493068565005466,0.42366412213740057,-72.69999999999948,24.699999999999477,mid,expanded
2025-12-19,6,Fri,LON,SHORT,0.33899999999999864,0.14439999999999883,2.3476454293628906,0.3927056827820128,-57.899999999999864,9.899999999999864,mid,expanded
2025-12-19,13,Fri,NY,LONG,0.3790000000000049,0.13239999999999696,2.862537764350556,0.07297514033681574,13.900000000000489,-61.90000000000049,low,expanded
2025-12-22,6,Mon,LON,LONG,0.5110000000000099,0.2007000000000012,2.5460886895864814,0.19144893111639194,-39.2000000000001,-8.799999999999898,low,expanded
2025-12-23,6,Tue,LON,LONG,0.3500000000000085,0.14625000000000057,2.393162393162442,0.1821305841924369,-15.500000000000625,-32.499999999999375,low,expanded
2025-12-23,13,Tue,NY,LONG,0.9200000000000017,0.13009999999999877,7.071483474250656,0.42798070296346785,-116.00000000000017,68.00000000000017,mid,expanded
2025-12-24,6,Wed,LON,LONG,0.24800000000000466,0.1352000000000011,1.8343195266272385,0.10592938041306063,0.8000000000004661,-48.800000000000466,low,expanded
2025-12-26,13,Fri,NY,LONG,0.8840000000000003,0.2338000000000008,3.781009409751913,0.2179636082075105,64.40000000000003,-112.40000000000003,low,expanded
2025-12-29,13,Mon,NY,SHORT,1.5349999999999966,0.4349499999999985,3.5291412806069706,0.020146114677882427,129.49999999999966,-177.49999999999966,low,expanded
2025-12-30,6,Tue,LON,LONG,0.7489999999999952,0.2790999999999997,2.683625940523096,0.09933774834436927,-98.89999999999952,50.89999999999952,low,expanded
2026-01-02,6,Fri,LON,LONG,0.43600000000000705,0.18514999999999943,2.3548474210100374,0.35273972602738674,-67.6000000000007,19.600000000000705,mid,expanded
2026-01-02,14,Fri,NY,LONG,0.6509999999999962,0.1860999999999997,3.498119290703908,0.37363834422658654,-89.09999999999962,41.099999999999625,mid,expanded
2026-01-05,13,Mon,NY,LONG,0.6059999999999945,0.2708500000000015,2.23740077533687,0.085476550680792,36.599999999999454,-84.59999999999945,low,expanded
2026-01-06,6,Tue,LON,LONG,0.6580000000000013,0.24205000000000113,2.71844660194174,0.17333333333333142,-89.80000000000013,41.800000000000125,low,expanded
2026-01-06,13,Tue,NY,LONG,0.5699999999999932,0.19844999999999685,2.872260015117169,0.04651162790697691,32.99999999999932,-80.99999999999932,low,expanded
2026-01-07,7,Wed,LON,LONG,0.46999999999999886,0.36620000000000064,1.283451665756412,0.16425120772947138,22.999999999999886,-70.99999999999989,low,normal
2026-01-08,13,Thu,NY,SHORT,0.8649999999999949,0.3148500000000006,2.7473400031760944,0.18074792243767562,-110.49999999999949,62.49999999999949,low,expanded
2026-01-09,13,Fri,NY,LONG,0.7450000000000045,0.27764999999999773,2.6832342877724136,0.017570093457942932,50.500000000000455,-98.50000000000045,low,expanded
2026-01-12,6,Mon,LON,LONG,0.5259999999999962,0.24550000000000197,2.142566191445996,0.44123134328357416,-76.59999999999962,28.599999999999625,mid,expanded
2026-01-12,13,Mon,NY,LONG,1.4390000000000072,0.26495000000000035,5.4312134364974725,0.4618929457639129,-167.90000000000072,119.90000000000072,mid,expanded
2026-01-13,13,Tue,NY,LONG,1.36399999999999,0.2180499999999995,6.255445998624138,0.44175209692450745,112.39999999999901,-160.399999999999,mid,expanded
2026-01-19,6,Mon,LON,LONG,0.44899999999999807,0.19790000000000205,2.2688226376957727,0.22068965517241823,-68.8999999999998,20.899999999999807,low,expanded
2026-01-19,13,Mon,NY,LONG,0.3920000000000101,0.3012500000000003,1.3012448132780405,0.1479088745324699,-63.20000000000101,15.200000000001012,low,normal
2026-01-20,14,Tue,NY,LONG,1.0760000000000076,0.2630500000000012,4.090477095609209,0.12061939690301196,-131.60000000000076,83.60000000000076,low,expanded
2026-01-21,6,Wed,LON,LONG,0.39399999999999125,0.27224999999999966,1.4471992653810533,0.13131313131313455,-63.399999999999125,15.399999999999125,low,normal
2026-01-21,13,Wed,NY,LONG,0.777000000000001,0.24314999999999926,3.1955582973473304,0.16781943938842495,-101.7000000000001,53.7000000000001,low,expanded
2026-01-23,6,Fri,LON,LONG,0.4580000000000126,0.19784999999999897,2.3148850138994947,0.10056214865708046,-69.80000000000126,21.800000000001262,low,expanded
2026-01-23,14,Fri,NY,LONG,0.7000000000000028,0.2428500000000028,2.8824377187564125,0.13368549370175126,46.000000000000284,-94.00000000000028,low,expanded
2026-01-26,6,Mon,LON,LONG,0.5240000000000009,0.43885000000000146,1.1940298507462668,0.049693669162697636,28.40000000000009,-76.40000000000009,low,normal
2026-01-27,6,Tue,LON,LONG,0.929000000000002,0.5630500000000005,1.649942278660867,0.2735674676524941,68.9000000000002,-116.9000000000002,low,expanded
2026-01-28,13,Wed,NY,LONG,1.1550000000000011,0.4984499999999997,2.31718326813121,0.39946600944752786,91.50000000000011,-139.5000000000001,mid,expanded
2026-01-29,13,Thu,NY,LONG,1.0060000000000002,0.5289500000000033,1.9018810851687193,0.13695458593054394,76.60000000000002,-124.60000000000002,low,expanded
2026-01-30,6,Fri,LON,SHORT,1.7219999999999942,0.7948999999999969,2.1663102277015986,0.22468827930174579,148.19999999999942,-196.19999999999942,low,expanded
2026-01-30,13,Fri,NY,SHORT,3.336999999999989,1.2624499999999999,2.6432730009109187,0.16630246401928916,309.6999999999989,-357.6999999999989,low,expanded
2026-02-02,6,Mon,LON,SHORT,4.885999999999996,1.6128000000000007,3.029513888888885,0.3130262868858449,-512.5999999999996,464.59999999999957,mid,expanded
2026-02-03,14,Tue,NY,SHORT,1.840999999999994,0.4783500000000004,3.848646388627558,0.5507190050524687,-208.0999999999994,160.0999999999994,mid,expanded
2026-02-04,6,Wed,LON,LONG,1.0100000000000051,0.36169999999999974,2.7923693668786447,0.34279264753305627,77.00000000000051,-125.00000000000051,mid,expanded
2026-02-04,13,Wed,NY,LONG,1.6310000000000002,0.4904499999999999,3.3255173819961272,0.24384373264210546,-187.10000000000002,139.10000000000002,low,expanded
2026-02-05,14,Thu,NY,SHORT,2.7660000000000053,0.8716999999999999,3.173110014913394,0.1841594409214458,-300.60000000000053,252.60000000000053,low,expanded
2026-02-06,6,Fri,LON,SHORT,2.1809999999999974,0.6425999999999987,3.39402427637722,0.1815884476534299,-143.49999999999932,95.49999999999932,low,expanded
2026-02-06,14,Fri,NY,SHORT,1.5229999999999961,0.5361999999999973,2.8403580753450273,0.08450222374272998,-176.2999999999996,128.2999999999996,low,expanded
2026-02-10,13,Tue,NY,LONG,0.8260000000000076,0.3124500000000026,2.6436229796767505,0.15512773047020073,58.60000000000076,-106.60000000000076,low,expanded
2026-02-11,6,Wed,LON,LONG,0.4369999999999976,0.17790000000000247,2.456436200112375,0.04815573770491575,19.69999999999976,-67.69999999999976,low,expanded
2026-02-12,13,Thu,NY,LONG,0.7009999999999934,0.27949999999999875,2.508050089445426,0.36152081284824406,46.09999999999934,-94.09999999999934,mid,expanded
2026-02-16,13,Mon,NY,SHORT,0.24399999999999977,0.13695000000000163,1.7816721431179035,0.08124076809453434,-48.39999999999998,0.39999999999997726,low,expanded
2026-02-17,13,Tue,NY,SHORT,0.6809999999999974,0.26384999999999936,2.5810119386014745,0.04013605442176665,44.09999999999974,-92.09999999999974,low,expanded
2026-02-18,13,Wed,NY,LONG,0.8790000000000049,0.25889999999999913,3.39513325608346,0.23300970873786503,63.90000000000049,-111.90000000000049,low,expanded
2026-02-19,6,Thu,LON,LONG,0.2610000000000099,0.12369999999999877,2.1099434114794864,0.355617455896018,2.100000000000989,-50.10000000000099,mid,expanded
2026-02-19,13,Thu,NY,LONG,0.5730000000000075,0.2962999999999987,1.9338508268646981,0.05671077504726152,-81.30000000000075,33.30000000000075,low,expanded
2026-02-20,6,Fri,LON,LONG,0.5150000000000006,0.1694000000000017,3.0401416765052858,0.3460207612456807,27.500000000000057,-75.50000000000006,mid,expanded
2026-02-20,13,Fri,NY,LONG,0.25,0.17945000000000205,1.3931457230426143,0.1611071682044072,-49.0,1.0,low,normal
2026-03-02,6,Mon,LON,LONG,1.2129999999999939,0.28950000000000176,4.189982728842786,0.5883050177795318,-2.1999999999996476,-45.80000000000035,mid,expanded
2026-03-03,6,Tue,LON,SHORT,2.200000000000003,0.6771000000000008,3.249150790134397,0.4722557297949329,196.00000000000028,-244.00000000000028,mid,expanded
2026-03-04,13,Wed,NY,SHORT,0.9749999999999943,0.41289999999999766,2.3613465730201013,0.03511053315994928,73.49999999999943,-121.49999999999943,low,expanded
2026-03-06,6,Fri,LON,LONG,0.7380000000000138,0.26140000000000113,2.8232593726090687,0.13674898636195584,-97.80000000000138,49.800000000001376,low,expanded
2026-03-09,6,Mon,LON,SHORT,0.9719999999999942,0.41204999999999925,2.358937022206033,0.3858338990721906,-15.99999999999875,-32.00000000000125,mid,expanded
2026-03-09,13,Mon,NY,LONG,0.7369999999999948,0.27459999999999807,2.6839038601602327,0.43898470549951,-97.69999999999948,49.69999999999948,mid,expanded
2026-03-11,13,Wed,NY,SHORT,1.5870000000000033,0.34015000000000056,4.665588710862856,0.015155847869601799,-98.39999999999998,50.39999999999998,low,expanded
2026-03-13,6,Fri,LON,SHORT,1.284000000000006,0.30685000000000145,4.184454945413068,0.4254630990885005,-48.800000000000466,0.8000000000004661,mid,expanded
2026-03-13,13,Fri,NY,SHORT,0.5090000000000003,0.2916499999999992,1.7452425852905942,0.25945587259455793,26.900000000000034,-74.90000000000003,low,expanded
2026-03-16,6,Mon,LON,SHORT,0.8059999999999974,0.24824999999999803,3.246727089627407,0.07304964539006789,56.59999999999974,-104.59999999999974,low,expanded
2026-03-17,14,Tue,NY,SHORT,0.5849999999999937,0.23840000000000003,2.453859060402658,0.03599476439790527,34.499999999999375,-82.49999999999937,low,expanded
2026-03-19,6,Thu,LON,SHORT,1.5289999999999964,0.3306499999999993,4.624225011341297,0.4372852233677,128.89999999999964,-176.89999999999964,mid,expanded
2026-03-20,6,Fri,LON,SHORT,1.0309999999999917,0.3597500000000018,2.8658790826962797,0.33802449830596837,-127.09999999999917,79.09999999999917,mid,expanded
2026-03-20,13,Fri,NY,SHORT,1.4470000000000027,0.39209999999999995,3.6903851058403543,0.20583764062024948,120.70000000000027,-168.70000000000027,low,expanded
2026-03-23,6,Mon,LON,SHORT,2.277000000000001,0.6259499999999999,3.6376707404744812,0.550217076700435,-251.7000000000001,203.7000000000001,mid,expanded
2026-03-23,13,Mon,NY,SHORT,1.9930000000000092,0.6500000000000007,3.066153846153857,0.010179843909060437,-223.30000000000092,175.30000000000092,low,expanded
2026-03-24,14,Tue,NY,LONG,0.9570000000000078,0.5173000000000002,1.8499903344287791,0.3947022355814404,71.70000000000078,-119.70000000000078,mid,expanded
2026-03-25,7,Wed,LON,LONG,0.8460000000000036,0.2748500000000007,3.0780425686738275,0.0744077410744074,-108.60000000000036,60.600000000000364,low,expanded
2026-03-30,6,Mon,LON,LONG,0.3689999999999998,0.2143000000000022,1.7218852076528044,0.3290023201856205,-60.89999999999998,12.899999999999977,mid,expanded
2026-03-31,6,Tue,LON,LONG,0.402000000000001,0.25519999999999854,1.5752351097178814,0.05509732761464905,-64.2000000000001,16.200000000000102,low,expanded
2026-03-31,13,Tue,NY,LONG,0.6260000000000048,0.28475000000000106,2.1984196663740208,0.17512508934953674,38.60000000000048,-86.60000000000048,low,expanded
2026-04-01,6,Wed,LON,LONG,0.9549999999999983,0.21095000000000041,4.527139132495835,0.3486956521739164,-119.49999999999983,71.49999999999983,mid,expanded
2026-04-01,13,Wed,NY,LONG,0.7149999999999892,0.2873499999999979,2.488254741604296,0.07743658210947883,47.49999999999892,-95.49999999999892,low,expanded
2026-04-06,7,Mon,LON,SHORT,0.487000000000009,0.18034999999999995,2.7003049625728255,0.03840245775729814,-72.7000000000009,24.700000000000898,low,expanded
2026-04-07,7,Tue,LON,SHORT,0.3580000000000041,0.28984999999999916,1.2351216146282737,0.29539748953975015,-59.80000000000041,11.80000000000041,low,normal
2026-04-07,13,Tue,NY,SHORT,0.5990000000000038,0.26365000000000194,2.271951450787026,0.005833333333331671,35.900000000000375,-83.90000000000038,low,expanded
2026-04-07,22,Tue,ASIA,LONG,0.6899999999999977,0.28715000000000046,2.4029253003656508,0.4289372599231702,-92.99999999999977,44.99999999999977,mid,expanded
2026-04-08,6,Wed,LON,LONG,0.5,0.21970000000000098,2.275830678197532,0.5923490735206057,-74.0,26.0,mid,expanded
2026-04-09,6,Thu,LON,SHORT,0.3780000000000001,0.19210000000000066,1.9677251431546008,0.09559512652295979,-61.80000000000001,13.800000000000011,low,expanded
2026-04-09,13,Thu,NY,LONG,0.5589999999999975,0.18775000000000047,2.9773635153128954,0.120145631067966,31.89999999999975,-79.89999999999975,low,expanded
2026-04-10,14,Fri,NY,LONG,0.6919999999999931,0.20019999999999954,3.4565434565434296,0.3892151628403663,-93.1999999999993,45.19999999999931,mid,expanded
2026-04-13,13,Mon,NY,SHORT,0.44700000000000273,0.18255000000000052,2.448644207066565,0.058347775852107306,-68.70000000000027,20.700000000000273,low,expanded
2026-04-13,22,Mon,ASIA,LONG,0.4379999999999882,0.1322499999999998,3.3119092627598397,0.33433734939759513,19.799999999998818,-67.79999999999882,mid,expanded
2026-04-14,6,Tue,LON,LONG,0.3810000000000002,0.1471499999999999,2.5891946992864456,0.11875405580791246,14.100000000000023,-62.10000000000002,low,expanded
2026-04-14,13,Tue,NY,LONG,0.6469999999999914,0.2353500000000004,2.7490970894412166,0.10316875460574844,40.699999999999136,-88.69999999999914,low,expanded
2026-04-15,13,Wed,NY,LONG,0.8880000000000052,0.1877999999999993,4.728434504792378,0.3048957828405213,64.80000000000052,-112.80000000000052,mid,expanded
2026-04-15,22,Wed,ASIA,LONG,0.32099999999999795,0.11159999999999855,2.8763440860215246,0.13552526062549566,8.099999999999795,-56.099999999999795,low,expanded
2026-04-16,13,Thu,NY,LONG,0.4329999999999927,0.17700000000000243,2.4463276836157446,0.013346515076612202,-67.29999999999927,19.299999999999272,low,expanded
2026-04-17,6,Fri,LON,SHORT,0.44300000000001205,0.14680000000000107,3.0177111716621856,0.3412856196156398,-68.3000000000012,20.300000000001205,mid,expanded
2026-04-17,13,Fri,NY,LONG,1.2819999999999965,0.32775000000000104,3.911517925247879,0.5917537746806042,-42.30000000000069,-5.6999999999993065,mid,expanded
2026-04-20,7,Mon,LON,LONG,0.3469999999999942,0.1931999999999981,1.7960662525879794,0.15860634425376968,-58.69999999999942,10.69999999999942,low,expanded
2026-04-21,7,Tue,LON,SHORT,0.3410000000000082,0.14410000000000026,2.3664122137405106,0.05069708491761652,-58.10000000000082,10.100000000000819,low,expanded
2026-04-21,22,Tue,ASIA,SHORT,0.3739999999999952,0.2359000000000009,1.585417549809215,0.4500210881484586,-61.39999999999952,13.399999999999523,mid,expanded
2026-04-22,22,Wed,ASIA,SHORT,0.23900000000000432,0.09415000000000048,2.5385023898035377,0.1517857142857207,-0.09999999999956799,-47.90000000000043,low,expanded
2026-04-23,7,Thu,LON,SHORT,0.4829999999999899,0.15944999999999823,3.0291627469425855,0.02198635329795043,-72.29999999999899,24.299999999998988,low,expanded
2026-04-23,13,Thu,NY,SHORT,1.0010000000000048,0.2875999999999991,3.4805285118220026,0.2109238814642625,-52.79999999999967,4.79999999999967,low,expanded
2026-04-23,22,Thu,ASIA,SHORT,0.42499999999999716,0.13175000000000026,3.2258064516128755,0.07679324894514337,-66.49999999999972,18.499999999999716,low,expanded
2026-04-24,6,Fri,LON,SHORT,0.7349999999999994,0.1647500000000015,4.461305007587209,0.34480639213276226,-70.49999999999892,22.49999999999892,mid,expanded
2026-04-24,13,Fri,NY,SHORT,0.5470000000000113,0.21690000000000112,2.5218994928538887,0.1987577639751523,-78.70000000000113,30.700000000001125,low,expanded
2026-04-26,22,Sun,ASIA,SHORT,0.7600000000000051,0.13274999999999865,5.725047080979381,0.7363796133567758,-100.00000000000051,52.00000000000051,high,expanded
2026-04-27,13,Mon,NY,SHORT,0.5269999999999868,0.18699999999999903,2.8181818181817624,0.04878048780488295,-33.69999999999942,-14.30000000000058,low,expanded
2026-04-28,14,Tue,NY,SHORT,1.1039999999999992,0.29664999999999964,3.7215573908646573,0.18956743002544613,-89.9000000000006,41.9000000000006,low,expanded
2026-04-29,6,Wed,LON,SHORT,0.3149999999999977,0.12379999999999995,2.5444264943457013,0.17897943640517822,7.499999999999773,-55.49999999999977,low,expanded
2026-04-29,13,Wed,NY,SHORT,0.7409999999999997,0.19484999999999958,3.8029253271747563,0.3870203694931365,-12.700000000000045,-35.299999999999955,mid,expanded
2026-05-01,13,Fri,NY,LONG,0.5919999999999987,0.25549999999999856,2.31702544031312,0.38548980274154976,35.199999999999875,-83.19999999999987,mid,expanded
2026-05-03,22,Sun,ASIA,LONG,0.5849999999999937,0.16585000000000108,3.527283690081338,0.1011826544020988,-82.49999999999937,34.499999999999375,low,expanded
2026-05-04,13,Mon,NY,SHORT,0.6499999999999915,0.22039999999999865,2.9491833030852788,0.046216768916155365,-88.99999999999915,40.99999999999915,low,expanded
2026-05-04,22,Mon,ASIA,SHORT,0.1560000000000059,0.06730000000000232,2.3179791976225936,0.28221859706362473,-8.399999999999409,-39.60000000000059,low,expanded
2026-05-05,14,Tue,NY,SHORT,0.804000000000002,0.22480000000000117,3.5765124555160046,0.023569023569025953,-14.600000000000591,-33.39999999999941,low,expanded
2026-05-05,22,Tue,ASIA,SHORT,0.24399999999999977,0.06989999999999981,3.4907010014306215,0.4453248811410752,-48.39999999999998,0.39999999999997726,mid,expanded
2026-05-06,7,Wed,LON,LONG,0.24200000000000443,0.12985000000000185,1.8636888717751328,0.10077519379844918,0.20000000000044338,-48.20000000000044,low,expanded
2026-05-06,13,Wed,NY,LONG,0.8199999999999932,0.32015000000000243,2.5612993909104698,0.09903381642512131,-28.399999999999693,-19.600000000000307,low,expanded
2026-05-07,6,Thu,LON,LONG,0.7590000000000003,0.151850000000001,4.998353638458974,0.4628699050809539,51.900000000000034,-99.90000000000003,mid,expanded
2026-05-07,14,Thu,NY,LONG,0.6400000000000006,0.27849999999999825,2.2980251346499267,0.02923976608187227,40.00000000000006,-88.00000000000006,low,expanded
2026-05-07,22,Thu,ASIA,LONG,0.7340000000000089,0.2954500000000017,2.484345913014062,0.1297198538367859,49.40000000000089,-97.40000000000089,low,expanded
2026-05-08,13,Fri,NY,LONG,0.7199999999999989,0.29675000000000223,2.4262847514742827,0.13080424886191114,-95.99999999999989,47.999999999999886,low,expanded
2026-05-10,22,Sun,ASIA,LONG,0.6699999999999875,0.1954499999999996,3.427986697364998,0.5124378109452765,42.99999999999875,-90.99999999999875,mid,expanded
2026-05-11,6,Mon,LON,LONG,0.6080000000000041,0.22415000000000235,2.712469328574605,0.003364485981308542,-62.19999999999908,14.19999999999908,low,expanded
2026-05-11,13,Mon,NY,LONG,1.8250000000000028,0.4562500000000007,4.0,0.7687074829932035,-9.39999999999992,-38.60000000000008,high,expanded
2026-05-11,22,Mon,ASIA,LONG,0.30400000000000205,0.1285499999999999,2.3648385842084974,0.2055507372072823,6.400000000000205,-54.400000000000205,low,expanded
2026-05-12,13,Tue,NY,LONG,0.9069999999999965,0.3682500000000012,2.4630006788866083,0.14912694667296114,-114.69999999999965,66.69999999999965,low,expanded
2026-05-12,22,Tue,ASIA,LONG,0.382000000000005,0.15185000000000243,2.5156404346394394,0.1686046511627931,14.2000000000005,-62.2000000000005,low,expanded
2026-05-13,7,Wed,LON,LONG,0.5749999999999886,0.23404999999999632,2.456740012817764,0.009611366485587441,-81.49999999999886,33.49999999999886,low,expanded
2026-05-13,13,Wed,NY,LONG,0.7189999999999941,0.29139999999999944,2.4673987645847477,0.12314356435643448,47.89999999999941,-95.89999999999941,low,expanded
2026-05-13,22,Wed,ASIA,LONG,0.36700000000000443,0.14504999999999982,2.5301620130989653,0.050134770889481615,-60.70000000000044,12.700000000000443,low,expanded
2026-05-14,6,Thu,LON,LONG,0.40099999999999625,0.22080000000000127,1.8161231884057696,0.0,-64.09999999999962,16.099999999999625,low,expanded
2026-05-14,13,Thu,NY,SHORT,1.4309999999999974,0.3503,4.085069940051377,0.35659455687369485,119.09999999999974,-167.09999999999974,mid,expanded
2026-05-15,13,Fri,NY,SHORT,0.9349999999999881,0.3703499999999977,2.5246388551370162,0.3421425200566323,-18.199999999999307,-29.800000000000693,mid,expanded
2026-05-18,14,Mon,NY,SHORT,0.5949999999999989,0.31119999999999876,1.9119537275064307,0.35510996119016147,35.499999999999886,-83.49999999999989,mid,expanded
2026-05-19,6,Tue,LON,SHORT,0.6020000000000039,0.2747000000000014,2.191481616308703,0.08947006194080792,1.900000000000034,-49.900000000000034,low,expanded
2026-05-19,13,Tue,NY,SHORT,2.4839999999999947,0.3082000000000001,8.059701492537293,0.6485730274202571,-129.89999999999975,81.89999999999975,high,expanded
2026-05-20,13,Wed,NY,SHORT,0.9009999999999962,0.21354999999999932,4.219152423320061,0.4018987341772183,-114.09999999999962,66.09999999999962,mid,expanded
2026-05-21,6,Thu,LON,SHORT,0.5210000000000008,0.23685000000000186,2.199704454295954,0.17994628469113558,-76.10000000000008,28.10000000000008,low,expanded
2026-05-21,13,Thu,NY,SHORT,0.7639999999999958,0.24864999999999995,3.07259199678261,0.09056956115779484,-100.39999999999958,52.39999999999958,low,expanded
2026-05-22,6,Fri,LON,LONG,0.777000000000001,0.22374999999999973,3.4726256983240313,0.02784048156508579,-101.7000000000001,53.7000000000001,low,expanded
2026-05-24,22,Sun,ASIA,LONG,1.1680000000000064,0.23305000000000148,5.011800042909242,0.6810310108739582,92.80000000000064,-140.80000000000064,high,expanded
2026-05-25,6,Mon,LON,LONG,0.22799999999999443,0.13794999999999719,1.652772743747728,0.4402035623409708,-1.200000000000557,-46.79999999999944,mid,expanded
2026-05-25,14,Mon,NY,LONG,0.4680000000000035,0.1542499999999997,3.034035656401974,0.542763157894743,17.399999999998727,-65.39999999999873,mid,expanded
2026-05-26,7,Tue,LON,SHORT,0.3240000000000123,0.17029999999999887,1.9025249559601551,0.004538577912254323,8.400000000001228,-56.40000000000123,low,expanded
2026-05-26,13,Tue,NY,SHORT,0.5370000000000061,0.22240000000000038,2.4145683453237647,0.08477366255144086,-77.70000000000061,29.700000000000614,low,expanded
2026-05-26,22,Tue,ASIA,LONG,0.16199999999999193,0.10544999999999974,1.536273115220411,0.042232277526392956,-7.800000000000807,-40.19999999999919,low,expanded
2026-05-27,6,Wed,LON,SHORT,0.9500000000000028,0.26935000000000286,3.5270094672359114,0.6500163238654968,-77.30000000000013,29.300000000000125,high,expanded
2026-05-27,23,Wed,ASIA,SHORT,0.32200000000000273,0.10910000000000153,2.9514207149404053,0.025848142164779365,-56.20000000000027,8.200000000000273,low,expanded
2026-05-28,13,Thu,NY,SHORT,0.6149999999999949,0.251550000000001,2.4448419797256706,0.2211441953830735,-85.49999999999949,37.49999999999949,low,expanded
2026-05-29,6,Fri,LON,LONG,0.3119999999999976,0.16474999999999868,1.8937784522003043,0.11229377328366044,-55.19999999999976,7.199999999999761,low,expanded
2026-05-29,13,Fri,NY,LONG,0.38299999999999557,0.19655000000000059,1.9486135843296588,0.1507454445057952,-62.29999999999956,14.299999999999557,low,expanded
2026-05-31,22,Sun,ASIA,LONG,1.2480000000000047,0.19674999999999798,6.343074968233888,0.302007299270067,10.399999999999409,-58.39999999999941,mid,expanded
2026-06-01,7,Mon,LON,LONG,0.35299999999999443,0.1646499999999996,2.1439416945034635,0.16078431372549395,-59.29999999999944,11.299999999999443,low,expanded
2026-06-01,13,Mon,NY,SHORT,1.3799999999999955,0.2523500000000013,5.468595205072274,0.47253634894992824,-46.19999999999942,-1.8000000000005798,mid,expanded
2026-06-02,6,Tue,LON,LONG,0.3689999999999998,0.20700000000000002,1.7826086956521727,0.40492170022370655,-60.89999999999998,12.899999999999977,mid,expanded
2026-06-02,22,Tue,ASIA,SHORT,0.1950000000000074,0.0818000000000005,2.3838630806846726,0.0072815533980581685,-4.499999999999261,-43.50000000000074,low,expanded
2026-06-03,6,Wed,LON,SHORT,0.3160000000000025,0.1681000000000033,1.8798334324806443,0.20405576679340706,7.60000000000025,-55.60000000000025,low,expanded
2026-06-03,13,Wed,NY,SHORT,0.5629999999999882,0.20814999999999984,2.7047802065817375,0.23357664233577302,32.29999999999882,-80.29999999999882,low,expanded
2026-06-04,6,Thu,LON,SHORT,0.48799999999999955,0.1561000000000007,3.126201153106966,0.28888888888888714,-72.79999999999995,24.799999999999955,low,expanded
2026-06-04,13,Thu,NY,SHORT,0.7049999999999983,0.24599999999999939,2.8658536585365857,0.16015936254980087,46.49999999999983,-94.49999999999983,low,expanded
2026-06-04,22,Thu,ASIA,SHORT,0.13299999999999557,0.0636499999999991,2.08955223880593,0.14864864864863503,-37.29999999999956,-10.700000000000443,low,expanded
2026-06-05,13,Fri,NY,SHORT,0.7280000000000086,0.33830000000000027,2.1519361513449837,0.44921416842598566,48.800000000000864,-96.80000000000086,mid,expanded
2026-06-08,13,Mon,NY,SHORT,0.6810000000000116,0.2605499999999992,2.613701784686293,0.1604322527015791,-55.800000000001205,7.800000000001205,low,expanded
2026-06-08,23,Mon,ASIA,SHORT,0.23999999999999488,0.1122,2.1390374331550346,0.11068334937439338,-5.115907697472721e-13,-47.99999999999949,low,expanded
2026-06-09,6,Tue,LON,SHORT,0.2980000000000018,0.16459999999999794,1.8104495747266436,0.22978723404255663,-53.80000000000018,5.800000000000182,low,expanded
2026-06-09,13,Tue,NY,SHORT,0.5200000000000102,0.16424999999999912,3.1659056316591356,0.14771953710006638,-76.00000000000102,28.000000000001023,low,expanded
2026-06-09,22,Tue,ASIA,SHORT,0.2289999999999992,0.10204999999999771,2.2439980401764266,0.24675324675324897,-1.1000000000000796,-46.89999999999992,low,expanded
2026-06-10,7,Wed,LON,SHORT,0.7480000000000047,0.25045,2.986624076662027,0.5645035183737435,50.800000000000466,-98.80000000000047,mid,expanded
2026-06-10,23,Wed,ASIA,SHORT,0.9960000000000022,0.2258499999999998,4.410006641576281,0.5104289649744218,-123.60000000000022,75.60000000000022,mid,expanded
2026-06-11,13,Thu,NY,SHORT,0.5870000000000033,0.3177000000000003,1.8476550204595616,0.027260638297870135,-82.70000000000033,34.70000000000033,low,expanded
2026-06-11,22,Thu,ASIA,LONG,0.34600000000000364,0.15375000000000086,2.250406504065052,0.08100558659217841,10.600000000000364,-58.600000000000364,low,expanded
2026-06-12,13,Fri,NY,LONG,0.6290000000000049,0.23200000000000004,2.7112068965517446,0.08409893992932893,-86.90000000000049,38.90000000000049,low,expanded
2026-06-15,7,Mon,LON,LONG,0.32800000000000296,0.14735000000000156,2.22599253478113,0.21409214092141104,8.800000000000296,-56.800000000000296,low,expanded
2026-06-15,13,Mon,NY,LONG,0.5289999999999964,0.19155000000000227,2.7616810232314806,0.20042194092826907,-76.89999999999964,28.899999999999636,low,expanded
2026-06-16,6,Tue,LON,LONG,0.3160000000000025,0.1386499999999991,2.2791200865488968,0.18136200716845938,7.60000000000025,-55.60000000000025,low,expanded
2026-06-16,22,Tue,ASIA,LONG,0.1869999999999976,0.08564999999999756,2.1833041447752826,0.2870493991989274,-42.69999999999976,-5.300000000000239,low,expanded
2026-06-17,13,Wed,NY,LONG,0.7889999999999873,0.18485000000000013,4.268325669461654,0.27252985884908454,0.39999999999997726,-48.39999999999998,low,expanded
2026-06-19,13,Fri,NY,SHORT,0.45000000000000284,0.19465000000000146,2.3118417672745926,0.067604533020712,21.000000000000284,-69.00000000000028,low,expanded
2026-06-22,22,Mon,ASIA,SHORT,0.2469999999999999,0.07700000000000032,3.207792207792193,0.019538188277080756,0.6999999999999886,-48.69999999999999,low,expanded
2026-06-23,6,Tue,LON,SHORT,0.570999999999998,0.25749999999999923,2.2174757281553386,0.2514285714285687,-37.30000000000027,-10.699999999999733,low,expanded
2026-06-23,22,Tue,ASIA,SHORT,0.28699999999999903,0.09420000000000109,3.046709129511632,0.18244803695150266,4.699999999999903,-52.6999999999999,low,expanded
2026-06-24,22,Wed,ASIA,SHORT,0.23799999999999955,0.18945000000000042,1.2562681446291846,0.36418685121107025,-47.799999999999955,-0.20000000000004547,mid,normal
2026-06-25,6,Thu,LON,SHORT,0.23399999999999466,0.1786499999999986,1.3098236775818444,0.20117302052785982,-0.6000000000005343,-47.399999999999466,low,normal
2026-06-25,13,Thu,NY,SHORT,0.9280000000000044,0.3634999999999998,2.5529573590096417,0.26307099614749524,68.80000000000044,-116.80000000000044,low,expanded
2026-06-26,14,Fri,NY,LONG,1.141999999999996,0.23394999999999974,4.8813849113058225,0.10597726439310526,-11.599999999999767,-36.40000000000023,low,expanded
2026-06-29,7,Mon,LON,SHORT,0.3930000000000007,0.19119999999999954,2.055439330543942,0.2692095080154785,15.300000000000068,-63.30000000000007,low,expanded
2026-06-29,13,Mon,NY,SHORT,0.39699999999999847,0.18324999999999889,2.166439290586635,0.180501930501932,15.699999999999847,-63.69999999999985,low,expanded
2026-06-29,22,Mon,ASIA,SHORT,0.2469999999999999,0.08034999999999962,3.0740510267579473,0.09985528219971399,-48.69999999999999,0.6999999999999886,low,expanded
2026-06-30,14,Tue,NY,LONG,1.0500000000000043,0.22460000000000058,4.674977738201254,0.02799999999999727,81.00000000000043,-129.00000000000043,low,expanded
2026-07-01,13,Wed,NY,LONG,0.6970000000000027,0.20819999999999936,3.347742555235374,0.009927797833934384,45.70000000000027,-93.70000000000027,low,expanded
2026-07-02,13,Thu,NY,LONG,0.7819999999999965,0.3266499999999997,2.393999693861923,0.23888314374353556,-102.19999999999965,54.19999999999965,low,expanded
2026-07-02,23,Thu,ASIA,LONG,0.18999999999999773,0.08324999999999924,2.2822822822822757,0.39290780141845794,-5.000000000000227,-42.99999999999977,mid,expanded
2026-07-03,6,Fri,LON,LONG,0.2879999999999967,0.12424999999999997,2.317907444667982,0.13904761904762017,4.79999999999967,-52.79999999999967,low,expanded
2026-07-06,6,Mon,LON,LONG,0.34499999999999886,0.13279999999999959,2.59789156626506,0.08040201005024769,10.499999999999886,-58.499999999999886,low,expanded
2026-07-06,13,Mon,NY,LONG,0.4140000000000015,0.18825000000000075,2.199203187250995,0.24248927038626455,-38.99999999999986,-9.000000000000142,low,expanded
2026-07-06,22,Mon,ASIA,LONG,0.13400000000000034,0.052450000000000684,2.554814108674902,0.04155124653739721,-37.400000000000034,-10.599999999999966,low,expanded
2026-07-07,13,Tue,NY,SHORT,0.5370000000000061,0.1803999999999995,2.976718403547714,0.02253380070105227,-77.70000000000061,29.700000000000614,low,expanded
2026-07-07,22,Tue,ASIA,SHORT,0.3569999999999993,0.1293499999999998,2.75995361422497,0.3381180223285565,-59.69999999999993,11.699999999999932,mid,expanded
2026-07-08,7,Wed,LON,SHORT,0.482999999999997,0.19335000000000022,2.498060512024807,0.2816440915460056,24.2999999999997,-72.2999999999997,low,expanded
2026-07-08,14,Wed,NY,SHORT,0.6910000000000025,0.25549999999999995,2.7045009784735914,0.1608832807570982,45.10000000000025,-93.10000000000025,low,expanded
2026-07-08,22,Wed,ASIA,SHORT,0.21099999999999852,0.09979999999999975,2.114228456913818,0.09403669724770805,-45.09999999999985,-2.900000000000148,low,expanded
2026-07-09,23,Thu,ASIA,LONG,0.1980000000000004,0.07420000000000045,2.6684636118598277,0.13501144164758788,-43.80000000000004,-4.19999999999996,low,expanded
2026-07-12,22,Sun,ASIA,SHORT,0.7169999999999987,0.15174999999999877,4.724876441515681,0.6079182630906748,-95.69999999999987,47.699999999999875,high,expanded
2026-07-13,13,Mon,NY,SHORT,0.46700000000000585,0.1634499999999992,2.857142857142907,0.059438275636838865,22.700000000000585,-70.70000000000059,low,expanded
2026-07-13,22,Mon,ASIA,SHORT,0.14999999999999858,0.07629999999999981,1.9659239842725944,0.1623931623931593,-9.000000000000142,-38.99999999999986,low,expanded
2026-07-14,13,Tue,NY,LONG,0.4169999999999945,0.3058000000000007,1.3636363636363427,0.31452282157676403,-65.69999999999945,17.69999999999945,mid,normal
2026-07-14,23,Tue,ASIA,LONG,0.3130000000000024,0.0727499999999992,4.302405498281867,0.1422764227642249,-55.30000000000024,7.300000000000239,low,expanded
2026-07-15,7,Wed,LON,SHORT,0.5319999999999965,0.1275500000000008,4.170913367306885,0.2444910807974832,-25.499999999999346,-22.500000000000654,low,expanded
2026-07-15,13,Wed,NY,SHORT,0.6010000000000062,0.1923500000000004,3.1245126072264355,0.10313493866424137,36.10000000000062,-84.10000000000062,low,expanded
2026-07-15,22,Wed,ASIA,SHORT,0.11700000000000443,0.0674000000000003,1.7359050445104436,0.40163934426229125,-12.299999999999557,-35.70000000000044,mid,expanded
2026-07-16,6,Thu,LON,SHORT,0.34600000000000364,0.14050000000000012,2.462633451957319,0.07112375533428056,10.600000000000364,-58.600000000000364,low,expanded
2026-07-17,7,Fri,LON,SHORT,0.5549999999999997,0.17439999999999892,3.1823394495413027,0.33847000550357836,-24.39999999999978,-23.60000000000022,mid,expanded
2026-07-17,13,Fri,NY,SHORT,0.3819999999999979,0.17274999999999957,2.211287988422569,0.2805320435308317,-62.19999999999979,14.19999999999979,low,expanded
