date,hour_utc,dow,session,direction_fwd,or_range,atr,or_atr_ratio,er,pnl_forward,pnl_fade,er_band,or_atr_band
2024-01-04,13,Thu,NY,SHORT,4.722999999999956,1.3418500000000335,3.519767485188239,0.21000348553503054,448.29999999999563,-496.29999999999563,low,expanded
2024-01-05,6,Fri,LON,SHORT,3.019999999999982,0.7258499999999912,4.160639250533882,0.4238410596026425,-325.9999999999982,277.9999999999982,mid,expanded
2024-01-05,13,Fri,NY,SHORT,2.740000000000009,1.1093000000000075,2.4700261426124497,0.014354066985653637,250.0000000000009,-298.0000000000009,low,expanded
2024-01-08,7,Mon,LON,SHORT,2.240000000000009,1.4989000000000032,1.4944292481152874,0.275714285714283,-248.0000000000009,200.0000000000009,low,normal
2024-01-08,13,Mon,NY,SHORT,5.059999999999945,1.7562999999999647,2.8810567670671565,0.09066039284345905,-529.9999999999945,481.99999999999454,low,expanded
2024-01-09,13,Tue,NY,LONG,4.7999999999999545,1.1413000000000124,4.205730307543943,0.17815139316440265,455.99999999999545,-503.99999999999545,low,expanded
2024-01-10,6,Wed,LON,SHORT,2.6099999999999,1.0011500000000297,2.6070019477598985,0.3357466063348532,-284.99999999999,236.99999999999,mid,expanded
2024-01-11,6,Thu,LON,LONG,2.8899999999998727,0.9966499999999883,2.8997140420407432,0.2871485943775055,-312.99999999998727,264.99999999998727,low,expanded
2024-01-11,13,Thu,NY,LONG,7.449999999999818,1.309849999999983,5.687674161163427,0.251592574833894,-768.9999999999818,720.9999999999818,low,expanded
2024-01-12,7,Fri,LON,LONG,1.1199999999998909,0.7887499999999932,1.4199683042787963,0.19625073227887382,-135.9999999999891,-135.9999999999891,low,normal
2024-01-12,13,Fri,NY,LONG,4.736999999999853,1.9819999999999935,2.3900100908172894,0.1719118186102541,449.700000000008,-497.700000000008,low,expanded
2024-01-15,6,Mon,LON,LONG,2.5270000000000437,0.7530499999999847,3.355686873381708,0.21375921375917833,-276.70000000000437,228.70000000000437,low,expanded
2024-01-15,13,Mon,NY,LONG,1.7300000000000182,0.7706499999999779,2.2448582365536467,0.11057692307688707,-197.00000000000182,149.00000000000182,low,expanded
2024-01-16,6,Tue,LON,LONG,2.3999999999998636,0.825200000000018,2.9083858458553213,0.006147540983601974,-263.99999999998636,215.99999999998636,low,expanded
2024-01-17,13,Wed,NY,SHORT,5.222999999999956,1.4874500000000013,3.511378533732194,0.010016025641031639,498.29999999999563,-546.2999999999956,low,expanded
2024-01-18,13,Thu,NY,SHORT,3.8099999999999454,1.3423000000000003,2.8384116814422593,0.051040186070563126,356.99999999999454,-404.99999999999454,low,expanded
2024-01-19,6,Fri,LON,LONG,2.709999999999809,0.6848500000000058,3.957070891435768,0.36802335565857996,246.9999999999809,-294.9999999999809,mid,expanded
2024-01-19,13,Fri,NY,LONG,5.389999999999873,1.304899999999975,4.130584719135547,0.39143730886849537,-562.9999999999873,514.9999999999873,mid,expanded
2024-01-22,6,Mon,LON,LONG,4.230000000000018,1.1334999999999695,3.731804146449168,0.0722103982973598,-447.0000000000018,399.0000000000018,low,expanded
2024-01-23,6,Tue,LON,LONG,1.9069999999999254,0.9831500000000233,1.9396836698366273,0.26998223801064875,166.69999999999254,-214.69999999999254,low,expanded
2024-01-24,13,Wed,NY,LONG,4.242999999999938,1.5457500000000095,2.74494581918157,0.2192982456140539,-448.2999999999938,400.2999999999938,low,expanded
2024-01-25,7,Thu,LON,SHORT,1.5799999999999272,0.608400000000006,2.5969756738986054,0.02753070732737607,-181.99999999999272,133.99999999999272,low,expanded
2024-01-25,13,Thu,NY,SHORT,4.149999999999864,1.2091500000000224,3.4321630897736317,0.06825938566552497,-438.99999999998636,390.99999999998636,low,expanded
2024-01-26,13,Fri,NY,LONG,2.9700000000000273,1.0301499999999806,2.8830752802990665,0.11449016100178117,-321.00000000000273,273.00000000000273,low,expanded
2024-01-29,6,Mon,LON,LONG,2.9700000000000273,0.7783500000000345,3.8157641163999427,0.049988098071896046,273.00000000000273,-321.00000000000273,low,expanded
2024-01-29,13,Mon,NY,LONG,3.6700000000000728,0.9485000000000128,3.869267264101237,0.4222712238147795,343.0000000000073,-391.0000000000073,mid,expanded
2024-01-30,7,Tue,LON,LONG,3.8899999999998727,0.7853500000000053,4.95320557713102,0.5397727272727246,364.99999999998727,-412.99999999998727,mid,expanded
2024-01-30,13,Tue,NY,LONG,3.4200000000000728,1.0114999999999896,3.381117152743557,0.14817950889077122,318.0000000000073,-366.0000000000073,low,expanded
2024-01-31,7,Wed,LON,LONG,1.509999999999991,0.4818000000000211,3.1340805313406492,0.04596740493105185,126.99999999999909,-174.9999999999991,low,expanded
2024-01-31,13,Wed,NY,LONG,3.913000000000011,1.0804500000000075,3.6216391318431986,0.045257401470866314,367.3000000000011,-415.3000000000011,low,expanded
2024-02-02,7,Fri,LON,LONG,2.592999999999847,0.793350000000055,3.268418730698516,0.16504230480885126,-283.2999999999847,235.29999999998472,low,expanded
2024-02-05,6,Mon,LON,SHORT,1.70699999999988,0.9949499999999943,1.7156641037236944,0.18247377622378114,146.699999999988,-194.699999999988,low,expanded
2024-02-05,13,Mon,NY,SHORT,6.279999999999973,1.2360000000000013,5.080906148867286,0.8454831678372363,-651.9999999999973,603.9999999999973,high,expanded
2024-02-06,6,Tue,LON,SHORT,2.5499999999999545,0.811649999999986,3.1417482905193106,0.12420904616826017,230.99999999999545,-278.99999999999545,low,expanded
2024-02-07,7,Wed,LON,LONG,1.740000000000009,0.5370499999999879,3.239921794991245,0.37866038370921734,150.0000000000009,-198.0000000000009,mid,expanded
2024-02-07,13,Wed,NY,LONG,2.7899999999999636,1.0664999999999965,2.6160337552742363,0.034536891679734,254.99999999999636,-302.99999999999636,low,expanded
2024-02-08,13,Thu,NY,SHORT,3.2799999999999727,1.2794999999999959,2.563501367721753,0.28746928746930195,-351.99999999999727,303.99999999999727,low,expanded
2024-02-09,6,Fri,LON,LONG,0.9070000000001528,0.5323999999999842,1.703606311044665,0.049839963420207196,66.70000000001528,-114.70000000001528,low,expanded
2024-02-09,14,Fri,NY,SHORT,3.300000000000182,0.9450000000000045,3.492063492063668,0.6376611994490896,-354.0000000000182,306.0000000000182,high,expanded
2024-02-12,7,Mon,LON,SHORT,0.8800000000001091,0.37754999999999656,2.3308171103168247,0.34097421203433204,-112.00000000001091,64.00000000001091,mid,expanded
2024-02-12,13,Mon,NY,SHORT,6.570000000000164,1.1006500000000188,5.9692000181711276,0.1892925430210137,633.0000000000164,-681.0000000000164,low,expanded
2024-02-13,13,Tue,NY,SHORT,2.310000000000173,0.8606499999999982,2.6840178934528294,0.13367986138877774,-255.00000000001728,-255.00000000001728,low,expanded
2024-02-14,6,Wed,LON,SHORT,1.1230000000000473,0.40364999999997053,2.7821132168961458,0.17981072555211655,-136.30000000000473,88.30000000000473,low,expanded
2024-02-14,13,Wed,NY,SHORT,3.4500000000000455,1.1456500000000005,3.011390913455282,0.11921708185053126,321.00000000000455,-369.00000000000455,low,expanded
2024-02-15,6,Thu,LON,SHORT,1.7870000000000346,0.5585499999999911,3.1993554739952788,0.047838412473417906,-202.70000000000346,154.70000000000346,low,expanded
2024-02-15,13,Thu,NY,LONG,2.8799999999998818,1.0287999999999897,2.7993779160185754,0.11459589867310925,-311.9999999999882,-311.9999999999882,low,expanded
2024-02-16,7,Fri,LON,LONG,2.0699999999999363,0.42369999999999663,4.885532216190589,0.11290322580647724,91.0000000000091,-139.0000000000091,low,expanded
2024-02-19,6,Mon,LON,LONG,1.259999999999991,0.6395999999999731,1.9699812382739899,0.43976777939038153,-149.9999999999991,101.99999999999909,mid,expanded
2024-02-20,6,Tue,LON,LONG,1.7699999999999818,0.5420500000000175,3.2653814223778705,0.01830282861895177,152.99999999999818,-200.99999999999818,low,expanded
2024-02-20,13,Tue,NY,LONG,2.300000000000182,0.85150000000001,2.7011156782150967,0.32650073206442715,206.0000000000182,-254.0000000000182,mid,expanded
2024-02-22,6,Thu,LON,LONG,1.849999999999909,0.5951999999999771,3.1081989247311497,0.2367149758454223,160.9999999999909,-208.9999999999909,low,expanded
2024-02-23,6,Fri,LON,SHORT,3.7000000000000455,0.66700000000003,5.5472263868064156,0.8963730569947985,68.00000000000728,-116.00000000000728,high,expanded
2024-02-23,13,Fri,NY,SHORT,4.2000000000000455,1.2088499999999727,3.4743764735079954,0.24870238409429882,-444.00000000000455,396.00000000000455,low,expanded
2024-02-26,6,Mon,LON,LONG,1.449999999999818,0.6622499999999946,2.1895054737634276,0.10821062025878592,120.99999999998181,-168.9999999999818,low,expanded
2024-02-26,13,Mon,NY,LONG,1.9800000000000182,0.8443499999999858,2.3449991117428217,0.06436533621000348,-222.00000000000182,174.00000000000182,low,expanded
2024-02-27,6,Tue,LON,LONG,0.6700000000000728,0.3942500000000109,1.6994292961320334,0.04389152921447102,43.000000000007276,-91.00000000000728,low,expanded
2024-02-28,6,Wed,LON,SHORT,1.2169999999998709,0.444849999999974,2.7357536248172236,0.12226090518123599,97.69999999998709,-145.69999999998709,low,expanded
2024-02-29,6,Thu,LON,LONG,1.009999999999991,0.46735000000001037,2.161121215363151,0.2425045890271412,76.99999999999909,-124.99999999999909,low,expanded
2024-02-29,13,Thu,NY,LONG,3.4600000000000364,0.8064999999999941,4.29014259144459,0.3025477707006382,322.00000000000364,-370.00000000000364,mid,expanded
2024-03-01,7,Fri,LON,LONG,3.189999999999827,0.6513499999999908,4.897520534274771,0.21076121993554858,-342.9999999999827,294.9999999999827,low,expanded
2024-03-01,13,Fri,NY,LONG,2.4400000000000546,1.0930000000000746,2.232387923147199,0.3703014514328561,220.00000000000546,-268.00000000000546,mid,expanded
2024-03-04,6,Mon,LON,LONG,2.01700000000028,0.5528000000000702,3.648697539797438,0.16315699366546682,177.700000000028,-225.700000000028,low,expanded
2024-03-04,13,Mon,NY,LONG,3.2669999999998254,0.9658499999999549,3.3825128125485096,0.0055903398926355615,302.69999999998254,-350.69999999998254,low,expanded
2024-03-05,13,Tue,NY,LONG,7.753000000000156,1.6446500000000697,4.714072903049177,0.36512313397355495,751.3000000000156,-799.3000000000156,mid,expanded
2024-03-06,6,Wed,LON,LONG,1.6299999999996544,0.6576000000000022,2.4787104622865708,0.017419454293176435,138.99999999996544,-186.99999999996544,low,expanded
2024-03-06,13,Wed,NY,LONG,4.996999999999844,1.4423000000000457,3.464605144560553,0.22696011004128705,475.69999999998436,-523.6999999999844,low,expanded
2024-03-07,6,Thu,LON,LONG,4.1599999999998545,1.262949999999978,3.2938754503344763,0.3734711591572346,146.00000000002728,-194.00000000002728,mid,expanded
2024-03-08,6,Fri,LON,LONG,2.5599999999999454,0.7763500000000476,3.297481805886248,0.2918395573997035,231.99999999999454,-279.99999999999454,low,expanded
2024-03-08,13,Fri,NY,LONG,5.480000000000018,1.2646500000000287,4.333214723441184,0.30427046263346436,-572.0000000000018,-572.0000000000018,mid,expanded
2024-03-10,23,Sun,ASIA,LONG,2.519999999999982,0.8171000000000049,3.084077836250112,0.21414647730440095,227.99999999999818,-275.9999999999982,low,expanded
2024-03-11,6,Mon,LON,LONG,2.049999999999727,1.0157999999999903,2.0181138019292644,0.1378851274248894,180.99999999997272,-228.99999999997272,low,expanded
2024-03-11,13,Mon,NY,LONG,4.5,1.7589999999999009,2.5582717453099795,0.03142329020331257,426.0,-474.0,low,expanded
2024-03-12,7,Tue,LON,LONG,2.4600000000000364,1.1521000000000186,2.1352313167259758,0.2197530864197492,-170.99999999998,122.99999999997999,low,expanded
2024-03-12,13,Tue,NY,SHORT,11.166999999999916,4.74665,2.352606575163519,0.1567960063535327,-625.6999999999825,577.6999999999825,low,expanded
2024-03-12,22,Tue,ASIA,SHORT,4.191000000000258,1.029650000000038,4.070315155635511,0.338567222767444,-78.10000000001673,30.100000000016735,mid,expanded
2024-03-13,6,Wed,LON,SHORT,2.643000000000029,0.8311000000000149,3.180122728913466,0.0793650793650921,-83.00000000001455,35.00000000001455,low,expanded
2024-03-13,22,Wed,ASIA,LONG,1.5199999999999818,0.7675500000000056,1.9803270145267027,0.1658291457286725,127.99999999999818,-175.99999999999818,low,expanded
2024-03-14,13,Thu,NY,SHORT,5.820000000000164,2.700000000000023,2.155555555555598,0.14691270404542336,558.0000000000164,-606.0000000000164,low,expanded
2024-03-14,22,Thu,ASIA,SHORT,0.975999999999658,0.45589999999995146,2.1408203553405616,0.1755102040816228,-121.5999999999658,73.5999999999658,low,expanded
2024-03-15,13,Fri,NY,SHORT,5.059999999999945,2.2773000000000594,2.2219294778904026,0.37040205303679,-529.9999999999945,481.99999999999454,mid,expanded
2024-03-18,13,Mon,NY,SHORT,5.110000000000127,1.7188499999999975,2.9729179393199723,0.2769230769231001,-535.0000000000127,487.00000000001273,low,expanded
2024-03-19,13,Tue,NY,SHORT,3.67699999999968,1.7068499999999631,2.154260772768409,0.016290726817027288,343.699999999968,-391.699999999968,low,expanded
2024-03-20,7,Wed,LON,LONG,1.7099999999995816,0.6789999999999509,2.5184094256254865,0.20779220779218863,-194.99999999995816,146.99999999995816,low,expanded
2024-03-20,13,Wed,NY,SHORT,4.769999999999982,1.4578000000000202,3.272053779667935,0.16961169284467764,-500.9999999999982,452.9999999999982,low,expanded
2024-03-21,7,Thu,LON,LONG,5.200000000000273,1.444649999999956,3.5994877652029427,0.26483533161324413,-544.0000000000273,496.0000000000273,low,expanded
2024-03-22,6,Fri,LON,SHORT,3.7800000000002,1.141500000000019,3.311432325887111,0.028423772609813654,354.00000000002,-402.00000000002,low,expanded
2024-03-22,14,Fri,NY,SHORT,3.550000000000182,1.9768000000000483,1.7958316471064828,0.5560281964025752,331.0000000000182,-379.0000000000182,mid,expanded
2024-03-24,22,Sun,ASIA,SHORT,2.480000000000018,0.9863499999999703,2.5143204744767,0.13581488933600827,-272.0000000000018,224.00000000000182,low,expanded
2024-03-25,6,Mon,LON,SHORT,4.829999999999927,1.092300000000091,4.421862125789183,0.28485105480761425,101.0,-149.0,low,expanded
2024-03-25,13,Mon,NY,SHORT,3.019999999999982,1.5935000000000172,1.8951992469406647,0.18290598290595464,-325.9999999999982,277.9999999999982,low,expanded
2024-03-26,6,Tue,LON,SHORT,2.4529999999999745,0.8822999999999638,2.7802334806755926,0.07840106007067112,-269.29999999999745,221.29999999999745,low,expanded
2024-03-26,22,Tue,ASIA,LONG,2.4669999999996435,0.9043000000000347,2.7280769656082593,0.06549754218148328,-270.69999999996435,222.69999999996435,low,expanded
2024-03-27,6,Wed,LON,LONG,2.6399999999998727,0.880000000000041,2.999999999999716,0.033465198332049625,239.99999999998727,-287.99999999998727,low,expanded
2024-03-27,13,Wed,NY,LONG,3.5700000000001637,2.22330000000004,1.60572122520582,0.22818181818182207,333.00000000001637,-381.00000000001637,low,expanded
2024-03-28,6,Thu,LON,LONG,2.730000000000018,1.148000000000002,2.3780487804878168,0.1922141119221334,-297.0000000000018,249.00000000000182,low,expanded
2024-04-01,22,Mon,ASIA,LONG,6.369999999999891,1.5997999999999366,3.9817477184648977,0.687764137653448,-660.9999999999891,612.9999999999891,high,expanded
2024-04-02,6,Tue,LON,LONG,3.300000000000182,1.243899999999917,2.6529463783265554,0.20553297905595908,306.0000000000182,-354.0000000000182,low,expanded
2024-04-02,13,Tue,NY,LONG,5.316000000000258,2.6407500000000255,2.01306447032101,0.00648455864472159,507.60000000002583,-555.6000000000258,low,expanded
2024-04-03,14,Wed,NY,LONG,5.450000000000273,2.7675499999999373,1.9692507813771734,0.1583949749989699,521.0000000000273,-569.0000000000273,low,expanded
2024-04-04,14,Thu,NY,LONG,5.969000000000051,2.5715000000000146,2.3212132996305725,0.060518731988485466,572.9000000000051,-620.9000000000051,low,expanded
2024-04-05,13,Fri,NY,LONG,12.163000000000011,4.569749999999976,2.661633568575978,0.06021093357638742,1192.300000000001,-1240.300000000001,low,expanded
2024-04-08,6,Mon,LON,LONG,5.150000000000091,2.746550000000025,1.8750796453733025,0.11943213167601795,45.00000000000546,-93.00000000000546,low,expanded
2024-04-08,13,Mon,NY,LONG,9.490000000000236,4.059350000000109,2.3378127040043313,0.09816579111387803,-973.0000000000236,925.0000000000236,low,expanded
2024-04-08,22,Mon,ASIA,LONG,1.8800000000001091,0.768300000000022,2.4469608225954125,0.23862068965521982,164.0000000000109,-212.0000000000109,low,expanded
2024-04-09,7,Tue,LON,LONG,3.731000000000222,1.4707000000000334,2.536887196573154,0.11365369946608242,349.1000000000222,-397.1000000000222,low,expanded
2024-04-09,13,Tue,NY,LONG,5.650000000000091,3.14994999999999,1.7936792647502688,0.01789862897156528,541.0000000000091,-589.0000000000091,low,expanded
2024-04-09,22,Tue,ASIA,LONG,3.2469999999998436,1.13570000000002,2.8590296733290366,0.31038776236216303,-348.69999999998436,300.69999999998436,mid,expanded
2024-04-10,13,Wed,NY,SHORT,17.600000000000364,5.954000000000088,2.9559959690964233,0.31584867681014056,-1784.0000000000364,1736.0000000000364,mid,expanded
2024-04-11,14,Thu,NY,SHORT,8.172999999999774,3.3193000000000894,2.462266140451166,0.16652154984760603,-841.2999999999774,793.2999999999774,low,expanded
2024-04-12,6,Fri,LON,LONG,3.7599999999997635,1.8095499999999674,2.077864662485055,0.04795907492273493,351.99999999997635,-399.99999999997635,low,expanded
2024-04-12,13,Fri,NY,LONG,5.519999999999982,2.868000000000052,1.924686192468578,0.04724125495852667,527.9999999999982,-575.9999999999982,low,expanded
2024-04-15,6,Mon,LON,SHORT,4.170000000000073,2.4022000000000387,1.7359087503122161,0.10511363636365802,393.0000000000073,-441.0000000000073,low,expanded
2024-04-15,13,Mon,NY,SHORT,9.556999999999789,2.8809499999999617,3.3173085267012326,0.184220907297824,931.6999999999789,-979.6999999999789,low,expanded
2024-04-17,6,Wed,LON,LONG,5.470000000000255,1.9096499999999423,2.8643992354622156,0.22686753431985268,523.0000000000255,-571.0000000000255,low,expanded
2024-04-17,13,Wed,NY,LONG,5.769999999999982,2.454350000000022,2.3509279442622,0.0475607459031979,552.9999999999982,-600.9999999999982,low,expanded
2024-04-18,13,Thu,NY,LONG,8.958999999999833,3.1385500000000546,2.8545028755315918,0.29543265923787343,-919.8999999999833,871.8999999999833,low,expanded
2024-04-18,23,Thu,ASIA,LONG,2.606999999999971,0.9026499999999033,2.888162632249765,0.0032133676092760046,-284.6999999999971,236.6999999999971,low,expanded
2024-04-19,6,Fri,LON,LONG,6.5099999999997635,2.2337999999999965,2.914316411496004,0.1233985165205638,626.9999999999764,-674.9999999999764,low,expanded
2024-04-22,6,Mon,LON,SHORT,4.680000000000291,2.3893500000000585,1.9586916943939467,0.22454672245467608,444.0000000000291,-492.0000000000291,low,expanded
2024-04-22,13,Mon,NY,SHORT,9.467000000000098,3.62950000000003,2.608348257335727,0.11439832113426306,-970.7000000000098,922.7000000000098,low,expanded
2024-04-22,22,Mon,ASIA,SHORT,4.2400000000002365,1.2407000000000152,3.417425646812432,0.13338668800853143,-448.00000000002365,400.00000000002365,low,expanded
2024-04-23,6,Tue,LON,SHORT,8.690000000000055,2.57780000000007,3.3710916285203734,0.136857008022656,-893.0000000000055,845.0000000000055,low,expanded
2024-04-23,22,Tue,ASIA,SHORT,1.2300000000000182,0.7815500000000156,1.573795662465605,0.08346374543562277,-147.00000000000182,99.00000000000182,low,expanded
2024-04-24,6,Wed,LON,SHORT,5.640000000000327,1.6443500000000313,3.429926718764387,0.023622047244105295,540.0000000000327,-588.0000000000327,low,expanded
2024-04-24,13,Wed,NY,SHORT,8.363000000000284,2.7428499999999305,3.0490183568188183,0.16744548286603406,-860.3000000000284,812.3000000000284,low,expanded
2024-04-25,6,Thu,LON,SHORT,2.619999999999891,1.4474499999999808,1.810079795502384,0.2775122930950391,-285.9999999999891,237.9999999999891,low,expanded
2024-04-26,6,Fri,LON,LONG,3.8400000000001455,1.6338499999999612,2.350276953208824,0.24932249322496364,360.00000000001455,-408.00000000001455,low,expanded
2024-04-29,6,Mon,LON,SHORT,4.109999999999673,1.7733999999999697,2.3175820457876073,0.03976751300092969,-434.99999999996726,386.99999999996726,low,expanded
2024-04-29,13,Mon,NY,LONG,3.449999999999818,2.010499999999934,1.7159910470031992,0.20637671114189124,-368.9999999999818,320.9999999999818,low,expanded
2024-04-30,6,Tue,LON,SHORT,4.480000000000018,1.6430000000000065,2.726719415702983,0.3845152895250375,424.0000000000018,-472.0000000000018,mid,expanded
2024-04-30,14,Tue,NY,SHORT,5.079999999999927,2.70799999999997,1.8759231905465228,0.19869233563384525,-531.9999999999927,483.9999999999927,low,expanded
2024-05-01,7,Wed,LON,SHORT,2.869999999999891,1.1927000000000134,2.406305022218377,0.3827215756490812,262.9999999999891,-310.9999999999891,mid,expanded
2024-05-02,6,Thu,LON,LONG,5.870000000000346,1.398200000000088,4.198254899156041,0.09978463747310762,-611.0000000000346,563.0000000000346,low,expanded
2024-05-02,13,Thu,NY,SHORT,9.099999999999909,3.0975000000000135,2.9378531073445906,0.27478826522397637,-933.9999999999909,885.9999999999909,low,expanded
2024-05-02,23,Thu,ASIA,SHORT,2.45699999999988,1.135549999999921,2.1637092157985567,0.08211987809006482,221.699999999988,-269.699999999988,low,expanded
2024-05-03,6,Fri,LON,SHORT,5.139999999999873,1.1325499999999011,4.538430974350202,0.41732407699590307,-14.000000000009095,-33.999999999990905,mid,expanded
2024-05-03,13,Fri,NY,SHORT,8.730000000000018,5.3022500000000266,1.6464708378518504,0.05421945458449958,849.0000000000018,-897.0000000000018,low,expanded
2024-05-06,6,Mon,LON,LONG,2.980000000000018,1.5648500000000696,1.9043358788381544,0.4124293785310274,274.0000000000018,-322.0000000000018,mid,expanded
2024-05-06,13,Mon,NY,LONG,4.913000000000011,2.683899999999949,1.8305451022765769,0.2204159343878317,467.3000000000011,-515.3000000000011,low,expanded
2024-05-06,22,Mon,ASIA,LONG,3.0540000000000873,1.2707499999999983,2.4033051347630074,0.11342302878600288,-329.40000000000873,281.40000000000873,low,expanded
2024-05-09,14,Thu,NY,LONG,14.626999999999953,2.99369999999999,4.885927113605239,0.05621711437274559,550.0000000000236,-598.0000000000236,low,expanded
2024-05-09,23,Thu,ASIA,LONG,4.699999999999818,1.633500000000072,2.8772574227117302,0.17829235070615448,445.9999999999818,-493.9999999999818,low,expanded
2024-05-10,6,Fri,LON,LONG,6.460000000000036,1.9075999999999795,3.386454183266988,0.5704270235819147,622.0000000000036,-670.0000000000036,mid,expanded
2024-05-10,14,Fri,NY,LONG,11.909999999999854,3.357100000000105,3.5477048643172626,0.11695412016683557,-1214.9999999999854,1166.9999999999854,low,expanded
2024-05-13,13,Mon,NY,SHORT,4.170000000000073,2.3875000000000455,1.7465968586387406,0.06394084384514323,393.0000000000073,-441.0000000000073,low,expanded
2024-05-14,6,Tue,LON,SHORT,4.800000000000182,1.2528999999999768,3.831111820576479,0.35273231142289574,-504.0000000000182,456.0000000000182,mid,expanded
2024-05-14,13,Tue,NY,LONG,6.556999999999789,2.845849999999996,2.30405678444043,0.15182616081540395,145.9999999999818,-193.9999999999818,low,expanded
2024-05-15,7,Wed,LON,LONG,2.2100000000000364,1.0111500000000206,2.185630223013392,0.21188529907879733,197.00000000000364,-245.00000000000364,low,expanded
2024-05-15,23,Wed,ASIA,LONG,4.320000000000164,1.297699999999986,3.3289666332744163,0.12174714599730802,408.00000000001637,-456.00000000001637,low,expanded
2024-05-16,22,Thu,ASIA,LONG,2.336999999999989,0.8161000000000058,2.863619654454077,0.048662660539657523,-257.6999999999989,209.6999999999989,low,expanded
2024-05-17,6,Fri,LON,LONG,4.692999999999756,1.2926000000000157,3.6306668729689764,0.6183925374541118,-331.29999999998654,283.29999999998654,high,expanded
2024-05-17,14,Fri,NY,LONG,11.819999999999709,2.606700000000001,4.5344688686844306,0.44527014898582623,1157.999999999971,-1205.999999999971,mid,expanded
2024-05-21,6,Tue,LON,SHORT,3.9299999999998363,1.9783000000000812,1.9865541121162993,0.003601440576254544,368.99999999998363,-416.99999999998363,low,expanded
2024-05-21,22,Tue,ASIA,LONG,1.4100000000003092,0.6744500000000698,2.0905923344950157,0.3376925312408807,-165.00000000003092,117.00000000003092,mid,expanded
2024-05-22,7,Wed,LON,SHORT,4.269999999999982,1.7279999999999518,2.471064814814873,0.1073598919648681,-450.9999999999982,402.9999999999982,low,expanded
2024-05-22,13,Wed,NY,SHORT,5.099999999999909,2.6225500000000466,1.944672170215942,0.07828888222955588,485.9999999999909,-533.9999999999909,low,expanded
2024-05-23,13,Thu,NY,SHORT,9.309999999999945,2.9351999999999863,3.1718451894249076,0.09325153374232653,906.9999999999945,-954.9999999999945,low,expanded
2024-05-24,6,Fri,LON,SHORT,3.9400000000000546,1.5588500000000294,2.527504249927819,0.16627358490565178,-418.00000000000546,370.00000000000546,low,expanded
2024-05-24,13,Fri,NY,SHORT,5.963000000000193,2.2061499999999112,2.702898714956115,0.23385784047750457,572.3000000000193,-620.3000000000193,low,expanded
2024-05-27,6,Mon,LON,SHORT,3.0099999999997635,1.3796500000000151,2.181712753234321,0.20298607616170083,276.99999999997635,-324.99999999997635,low,expanded
2024-05-27,22,Mon,ASIA,LONG,2.1399999999998727,0.8869999999999891,2.4126268320179243,0.029733358910413826,-237.99999999998727,189.99999999998727,low,expanded
2024-05-28,6,Tue,LON,SHORT,8.406999999999698,1.5597000000000207,5.390139129319476,0.6114130434782573,-233.69999999997526,185.69999999997526,high,expanded
2024-05-30,23,Thu,ASIA,LONG,3.0700000000001637,0.953950000000009,3.2181980187642276,0.41602634467610794,198.29999999999563,-246.29999999999563,mid,expanded
2024-05-31,6,Fri,LON,LONG,3.0100000000002183,1.3728500000000168,2.1925192118586745,0.03742384682332081,-325.0000000000218,277.0000000000218,low,expanded
2024-06-03,6,Mon,LON,SHORT,6.2199999999998,2.0643499999999904,3.0130549567659695,0.2607466614679572,-645.99999999998,597.99999999998,low,expanded
2024-06-03,13,Mon,NY,SHORT,5.73700000000008,2.131550000000016,2.6914686495742712,0.18407494145197592,-597.700000000008,549.700000000008,low,expanded
2024-06-04,13,Tue,NY,SHORT,6.180000000000291,2.326700000000005,2.6561224051232553,0.45170193192272573,594.0000000000291,-642.0000000000291,mid,expanded
2024-06-05,13,Wed,NY,LONG,5.632999999999811,2.395900000000006,2.351099795483867,0.45868275721006485,-587.2999999999811,539.2999999999811,mid,expanded
2024-06-06,7,Thu,LON,LONG,3.713999999999942,1.3363499999999249,2.7792120327759573,0.3387748088323626,-395.3999999999942,347.3999999999942,mid,expanded
2024-06-06,13,Thu,NY,LONG,7.820000000000164,2.9308499999999866,2.6681679376290837,0.04643449419568216,758.0000000000164,-806.0000000000164,low,expanded
2024-06-06,22,Thu,ASIA,LONG,1.9370000000003529,0.8250499999999648,2.34773650081866,0.4701956271575756,169.7000000000353,-217.7000000000353,mid,expanded
2024-06-07,7,Fri,LON,LONG,4.880000000000109,2.235049999999956,2.183396344600884,0.4308757457464547,-512.0000000000109,464.0000000000109,mid,expanded
2024-06-07,13,Fri,NY,SHORT,10.5300000000002,5.035849999999937,2.091007476394319,0.15803867942958297,1029.00000000002,-1077.00000000002,low,expanded
2024-06-10,6,Mon,LON,SHORT,6.050000000000182,1.6350000000000364,3.7003058103975826,0.20262869660459792,-629.0000000000182,581.0000000000182,low,expanded
2024-06-10,13,Mon,NY,SHORT,4.0900000000001455,2.2898999999999203,1.7861041966899374,0.16289201877933954,-433.00000000001455,385.00000000001455,low,expanded
2024-06-10,22,Mon,ASIA,SHORT,2.381000000000313,0.8273000000000366,2.8780369877918623,0.0680000000000291,214.1000000000313,-262.1000000000313,low,expanded
2024-06-11,13,Tue,NY,SHORT,8.73700000000008,2.783000000000038,3.1394178943585915,0.2453523562473015,333.9999999999927,-381.9999999999927,low,expanded
2024-06-11,22,Tue,ASIA,LONG,1.9899999999997817,0.6670500000000402,2.9832846113479676,0.052830188679204484,-222.99999999997817,174.99999999997817,low,expanded
2024-06-13,13,Thu,NY,SHORT,8.809999999999945,3.7840500000000246,2.328193337825845,0.351955307262568,856.9999999999945,-904.9999999999945,mid,expanded
2024-06-13,22,Thu,ASIA,SHORT,1.0590000000001965,0.5811000000000149,1.822405782137617,0.20628887353140465,81.90000000001965,-129.90000000001965,low,expanded
2024-06-14,13,Fri,NY,LONG,4.619999999999891,2.848300000000063,1.6220201523715159,0.24734024530730167,-485.9999999999891,437.9999999999891,low,expanded
2024-06-17,7,Mon,LON,LONG,2.5100000000002183,1.2888999999999668,1.9473970051984504,0.37819025522041255,-275.0000000000218,227.00000000002183,mid,expanded
2024-06-17,14,Mon,NY,SHORT,7.523000000000138,1.8689499999999726,4.0252548222265165,0.2553579809146382,-776.3000000000138,728.3000000000138,low,expanded
2024-06-19,6,Wed,LON,LONG,1.76299999999992,0.7812999999999647,2.2564955842826055,0.07902938557436313,152.299999999992,-200.299999999992,low,expanded
2024-06-20,6,Thu,LON,LONG,4.920000000000073,1.366949999999997,3.599253813233903,0.36731528482797265,-516.0000000000073,468.0000000000073,mid,expanded
2024-06-20,13,Thu,NY,LONG,4.067000000000007,2.497100000000046,1.6286892795642676,0.0053014155326120355,382.7000000000007,-430.7000000000007,low,expanded
2024-06-20,23,Thu,ASIA,LONG,2.8170000000000073,0.7749000000000251,3.6353077816491366,0.07387536112254181,257.7000000000007,-305.7000000000007,low,expanded
2024-06-24,22,Mon,ASIA,SHORT,1.6170000000001892,0.6454500000000735,2.5052289100627547,0.07270524083611955,137.70000000001892,-185.70000000001892,low,expanded
2024-06-25,13,Tue,NY,SHORT,5.720000000000255,2.2253999999999907,2.5703244360565645,0.40041985508225275,-596.0000000000255,548.0000000000255,mid,expanded
2024-06-25,23,Tue,ASIA,SHORT,2.423000000000229,0.7412500000000591,3.2688026981450737,0.19050038100076694,-266.3000000000229,218.30000000002292,low,expanded
2024-06-26,13,Wed,NY,SHORT,14.91000000000031,2.52950000000003,5.894445542597404,0.5782539401451992,-450.0000000000218,402.0000000000218,mid,expanded
2024-06-26,23,Wed,ASIA,SHORT,1.156999999999698,0.7064499999999952,1.6377662962696664,0.23558800922357973,91.6999999999698,-139.6999999999698,low,expanded
2024-06-27,13,Thu,NY,LONG,3.9729999999999563,2.5669000000000097,1.5477813705247345,0.24196667658434123,-421.29999999999563,373.29999999999563,low,expanded
2024-06-28,6,Fri,LON,LONG,2.5900000000001455,0.9682000000000016,2.6750671348896313,0.718550545604255,-283.00000000001455,235.00000000001455,high,expanded
2024-07-01,6,Mon,LON,LONG,6.279999999999745,1.5632999999999584,4.017143222669937,0.22869637158729061,-5.999999999970896,-42.000000000029104,low,expanded
2024-07-01,13,Mon,NY,LONG,4.1599999999998545,1.901700000000028,2.1875164326654013,0.4050368721301852,391.99999999998545,-439.99999999998545,mid,expanded
2024-07-02,14,Tue,NY,SHORT,3.3799999999996544,1.9644999999999755,1.720539577500482,0.5478396061411016,-361.99999999996544,313.99999999996544,mid,expanded
2024-07-02,23,Tue,ASIA,LONG,2.0169999999998254,0.7002500000000055,2.8803998571935874,0.03858049812796907,-225.69999999998254,177.69999999998254,low,expanded
2024-07-03,6,Wed,LON,LONG,3.130000000000109,1.3292000000000144,2.3547998796269,0.13957462969994702,289.0000000000109,-337.0000000000109,low,expanded
2024-07-03,13,Wed,NY,LONG,5.586999999999989,2.635849999999914,2.119619856972199,0.20488448398334974,534.6999999999989,-582.6999999999989,low,expanded
2024-07-03,22,Wed,ASIA,LONG,2.199999999999818,0.6855499999999438,3.2091021807307976,0.48659003831418385,195.9999999999818,-243.9999999999818,mid,expanded
2024-07-04,13,Thu,NY,LONG,1.4099999999998545,0.9234999999999672,1.5268002165673031,0.15929854037592653,116.99999999998545,-164.99999999998545,low,expanded
2024-07-05,13,Fri,NY,LONG,9.460000000000036,4.667799999999988,2.0266506705514504,0.28612732529593876,579.00000000002,-627.00000000002,low,expanded
2024-07-08,13,Mon,NY,LONG,5.1599999999998545,1.8721499999999422,2.756189407900015,0.008335470633503006,-539.9999999999854,491.99999999998545,low,expanded
2024-07-09,6,Tue,LON,SHORT,2.199999999999818,1.1320499999999583,1.943377059317079,0.28398939825268066,195.9999999999818,-243.9999999999818,low,expanded
2024-07-09,14,Tue,NY,SHORT,5.833000000000084,1.9728000000000065,2.9567112733171452,0.24555635466966297,559.3000000000084,-607.3000000000084,low,expanded
2024-07-10,6,Wed,LON,LONG,3.180000000000291,1.0534000000000106,3.018796278716783,0.17421602787456672,294.0000000000291,-342.0000000000291,low,expanded
2024-07-10,13,Wed,NY,LONG,4.406999999999698,1.6355999999999766,2.6944240645633166,0.18978231372779394,416.6999999999698,-464.6999999999698,low,expanded
2024-07-10,22,Wed,ASIA,LONG,2.0099999999997635,0.6213500000000295,3.2348917679241462,0.15548334687249926,176.99999999997635,-224.99999999997635,low,expanded
2024-07-12,14,Fri,NY,LONG,8.849999999999909,3.1208000000000085,2.8358113304280583,0.0003371316836276478,860.9999999999909,-908.9999999999909,low,expanded
2024-07-15,13,Mon,NY,LONG,4.779999999999745,1.9556499999999688,2.4442001380614227,0.13709341117598428,453.99999999997453,-501.99999999997453,low,expanded
2024-07-16,6,Tue,LON,LONG,3.900000000000091,1.406500000000051,2.7728403839317095,0.23908874741122393,366.0000000000091,-414.0000000000091,low,expanded
2024-07-16,13,Tue,NY,LONG,7.25,2.7533999999999876,2.6331081571874893,0.015761118752858166,701.0,-749.0,low,expanded
2024-07-16,22,Tue,ASIA,LONG,2.4729999999999563,0.9283999999999878,2.663722533390768,0.07671388101980324,-271.29999999999563,223.29999999999563,low,expanded
2024-07-17,6,Wed,LON,LONG,5.447000000000116,1.798599999999965,3.028466585121885,0.3295490381583194,520.7000000000116,-568.7000000000116,mid,expanded
2024-07-17,13,Wed,NY,LONG,6.559999999999945,2.241850000000022,2.92615473827414,0.11540075535039461,-679.9999999999945,631.9999999999945,low,expanded
2024-07-17,23,Wed,ASIA,LONG,1.7400000000002365,0.7461500000000342,2.3319707833547634,0.07457833773626672,150.00000000002365,-198.00000000002365,low,expanded
2024-07-18,6,Thu,LON,LONG,4.730000000000018,1.6062999999999874,2.9446554192865935,0.1952021667633935,449.0000000000018,-497.0000000000018,low,expanded
2024-07-18,14,Thu,NY,LONG,6.0099999999997635,2.3085000000000035,2.6034221355857716,0.055869786368257596,-624.9999999999764,576.9999999999764,low,expanded
2024-07-22,13,Mon,NY,SHORT,5.940000000000055,2.941699999999969,2.0192405751776583,0.08915392336305011,570.0000000000055,-618.0000000000055,low,expanded
2024-07-22,22,Mon,ASIA,SHORT,2.3969999999999345,0.8347999999999729,2.8713464302827174,0.24221453287195938,-263.69999999999345,215.69999999999345,low,expanded
2024-07-23,6,Tue,LON,SHORT,5.2029999999999745,1.5361999999999625,3.3869287853144785,0.6288372774562352,-544.2999999999975,496.29999999999745,high,expanded
2024-07-23,13,Tue,NY,SHORT,4.6599999999998545,2.029849999999942,2.29573613813828,0.20046655509914577,-158.00000000001455,110.00000000001455,low,expanded
2024-07-23,22,Tue,ASIA,LONG,1.1100000000001273,0.8374999999999545,1.3253731343285822,0.013775096785793809,-135.00000000001273,87.00000000001273,low,normal
2024-07-24,13,Wed,NY,LONG,9.38000000000011,2.244600000000014,4.178918292791612,0.04453879453878516,-312.7000000000171,264.7000000000171,low,expanded
2024-07-25,6,Thu,LON,SHORT,5.730000000000018,2.153350000000046,2.6609701163303208,0.1246636771300324,549.0000000000018,-597.0000000000018,low,expanded
2024-07-25,13,Thu,NY,SHORT,8.11999999999989,4.10895000000005,1.9761739617176632,0.007957559681690414,787.9999999999891,-835.9999999999891,low,expanded
2024-07-25,22,Thu,ASIA,SHORT,1.900000000000091,1.5186999999999444,1.2510699940739847,0.01065971810966698,166.0000000000091,-214.0000000000091,low,normal
2024-07-29,23,Mon,ASIA,SHORT,1.5199999999999818,0.9174499999999852,1.6567660362962628,0.019958706125254147,127.99999999999818,-175.99999999999818,low,expanded
2024-07-30,6,Tue,LON,LONG,2.563000000000102,1.327449999999999,1.9307695205093254,0.25945898930156536,-139.29999999997926,91.29999999997926,low,expanded
2024-07-30,13,Tue,NY,LONG,9.36999999999989,1.8633500000000367,5.028577561917893,0.4016445287792434,-960.9999999999891,912.9999999999891,mid,expanded
2024-07-31,6,Wed,LON,LONG,7.420000000000073,1.7072999999999865,4.346043460434681,0.22834645669290773,-766.0000000000073,718.0000000000073,low,expanded
2024-07-31,13,Wed,NY,LONG,3.8399999999996908,2.049600000000055,1.8735362997656069,0.048717948717964414,359.9999999999691,-407.9999999999691,low,expanded
2024-08-01,13,Thu,NY,LONG,6.629999999999654,3.122849999999994,2.1230606657379214,0.4232277526395143,638.9999999999654,-686.9999999999654,mid,expanded
2024-08-02,14,Fri,NY,LONG,18.559999999999945,5.10469999999998,3.6358649871686914,0.1226523572249904,-1879.9999999999945,1831.9999999999945,low,expanded
2024-08-05,7,Mon,LON,LONG,16.56999999999971,4.3388499999999794,3.8189842930730005,0.560943307557591,-1680.999999999971,1632.999999999971,mid,expanded
2024-08-05,22,Mon,ASIA,SHORT,3.1100000000001273,1.6515499999999974,1.8830795313494186,0.0214277658734691,287.00000000001273,-335.00000000001273,low,expanded
2024-08-06,22,Tue,ASIA,SHORT,3.7600000000002183,1.262099999999964,2.9791617146029044,0.14527268397241805,352.0000000000218,-400.0000000000218,low,expanded
2024-08-07,13,Wed,NY,SHORT,4.050000000000182,2.4167500000000017,1.6758042826110184,0.12296489661331246,381.0000000000182,-429.0000000000182,low,expanded
2024-08-08,13,Thu,NY,LONG,9.150000000000091,2.9250000000000456,3.1282051282051104,0.1492608488316612,891.0000000000091,-939.0000000000091,low,expanded
2024-08-09,6,Fri,LON,LONG,3.0799999999999272,1.6277999999999337,1.8921243395994918,0.29922243821160416,283.9999999999927,-331.9999999999927,low,expanded
2024-08-09,13,Fri,NY,LONG,4.100999999999658,1.964749999999981,2.087288459091334,0.28722909015671283,-434.0999999999658,386.0999999999658,low,expanded
2024-08-12,6,Mon,LON,LONG,2.3270000000002256,1.3450500000000147,1.7300472101410358,0.16964208710653614,208.70000000002256,-256.70000000002256,low,expanded
2024-08-12,13,Mon,NY,LONG,4.460000000000036,1.4475000000000136,3.0811744386873885,0.47784200385360487,422.00000000000364,-470.00000000000364,mid,expanded
2024-08-12,22,Mon,ASIA,LONG,3.330000000000382,0.9530499999999847,3.494045433083716,0.17266748411548946,309.0000000000382,-357.0000000000382,low,expanded
2024-08-13,6,Tue,LON,LONG,2.3200000000001637,1.7699500000000399,1.3107714907201398,0.10207478087206,-256.00000000001637,208.00000000001637,low,normal
2024-08-13,13,Tue,NY,LONG,12.636999999999716,2.968449999999939,4.257103875760069,0.12645976280273977,-402.99999999999636,354.99999999999636,low,expanded
2024-08-14,6,Wed,LON,LONG,5.970000000000255,1.271700000000078,4.694503420617982,0.41076003415881673,573.0000000000255,-621.0000000000255,mid,expanded
2024-08-14,22,Wed,ASIA,SHORT,2.0589999999997417,0.8639000000000351,2.3833777057525847,0.14497260476822033,-229.89999999997417,181.89999999997417,low,expanded
2024-08-16,6,Fri,LON,SHORT,2.7199999999998,1.1550999999999931,2.354774478399979,0.3713222261609372,247.99999999998,-295.99999999998,mid,expanded
2024-08-16,13,Fri,NY,LONG,8.980000000000018,3.594300000000021,2.498400244832086,0.4478569847788089,-922.0000000000018,874.0000000000018,mid,expanded
2024-08-19,6,Mon,LON,LONG,5.083000000000084,1.7067499999999882,2.978174893804083,0.231834349593513,-410.2999999999829,362.2999999999829,low,expanded
2024-08-19,13,Mon,NY,LONG,4.920000000000073,2.1703500000000533,2.266915474462622,0.17610896178917804,-516.0000000000073,468.0000000000073,low,expanded
2024-08-19,22,Mon,ASIA,LONG,2.2170000000000982,0.7026000000000749,3.1554227156274717,0.30934205743369564,197.70000000000982,-245.70000000000982,mid,expanded
2024-08-20,6,Tue,LON,LONG,7.769999999999982,1.4819499999999834,5.243091872195465,0.18420625033850882,752.9999999999982,-800.9999999999982,low,expanded
2024-08-20,13,Tue,NY,LONG,6.817000000000007,2.495300000000043,2.731936039754695,0.15147270854789943,-705.7000000000007,657.7000000000007,low,expanded
2024-08-20,23,Tue,ASIA,LONG,2.956000000000131,0.8673000000000002,3.408278565663704,0.23777777777781417,-319.6000000000131,271.6000000000131,low,expanded
2024-08-21,6,Wed,LON,LONG,7.289999999999964,1.4334499999999935,5.0856325647912355,0.24788391777509255,-752.9999999999964,704.9999999999964,low,expanded
2024-08-21,22,Wed,ASIA,LONG,2.630000000000109,0.9987499999999955,2.633291614518269,0.0950547823511705,-287.0000000000109,239.0000000000109,low,expanded
2024-08-22,6,Thu,LON,SHORT,6.0900000000001455,1.522999999999979,3.998686802363906,0.6097055163832592,-316.99999999998363,268.99999999998363,high,expanded
2024-08-22,13,Thu,NY,SHORT,10.260000000000218,2.7820500000000266,3.6879279667871248,0.3290894199985153,1002.0000000000218,-1050.0000000000218,mid,expanded
2024-08-23,14,Fri,NY,LONG,4.960000000000036,1.757299999999964,2.822511807887178,0.055711470711176776,-520.0000000000036,-520.0000000000036,low,expanded
2024-08-25,23,Sun,ASIA,LONG,4.2599999999997635,1.0739999999999554,3.9664804469273185,0.11463994565216332,-14.999999999985448,-33.00000000001455,low,expanded
2024-08-26,6,Mon,LON,LONG,3.9400000000000546,1.159399999999937,3.398309470415964,0.3695090439276269,370.00000000000546,-418.00000000000546,mid,expanded
2024-08-27,6,Tue,LON,SHORT,4.379999999999654,1.441700000000037,3.0380800443917195,0.7258883248731052,-461.99999999996544,413.99999999996544,high,expanded
2024-08-27,22,Tue,ASIA,LONG,1.1530000000002474,0.7587999999999738,1.5195044807594718,0.020639672286099357,91.30000000002474,-139.30000000002474,low,expanded
2024-08-28,13,Wed,NY,SHORT,10.559999999999945,2.4707999999999855,4.273919378339002,0.24843423799583006,-329.99999999999454,281.99999999999454,low,expanded
2024-08-29,13,Thu,NY,LONG,6.373000000000047,3.104800000000023,2.0526281886111826,0.3783747391099351,613.3000000000047,-661.3000000000047,mid,expanded
2024-09-02,14,Mon,NY,SHORT,3.6700000000000728,1.3243500000000268,2.7711707630158178,0.03481156349327002,-391.0000000000073,343.0000000000073,low,expanded
2024-09-02,22,Mon,ASIA,SHORT,1.8400000000001455,0.6893000000000711,2.669374727984848,0.31758876961188975,160.00000000001455,-208.00000000001455,mid,expanded
2024-09-03,13,Tue,NY,SHORT,6.6599999999998545,3.4704499999999827,1.9190594879626237,0.1777734602681194,641.9999999999854,-689.9999999999854,low,expanded
2024-09-04,6,Wed,LON,SHORT,3.7970000000000255,1.1108499999999821,3.41810325426483,0.5168145916456697,355.70000000000255,-403.70000000000255,mid,expanded
2024-09-04,13,Wed,NY,SHORT,4.780999999999949,2.1418499999999767,2.2321824590891057,0.15540462760446594,-502.0999999999949,454.0999999999949,low,expanded
2024-09-04,23,Wed,ASIA,LONG,1.586999999999989,0.834099999999944,1.9026495624027042,0.21934405682062333,-182.6999999999989,134.6999999999989,low,expanded
2024-09-05,6,Thu,LON,LONG,6.0300000000002,1.4443499999999176,4.174888358085329,0.806011111854773,579.00000000002,-627.00000000002,high,expanded
2024-09-05,13,Thu,NY,LONG,6.630000000000109,2.7604999999999107,2.401738815432104,0.12976860537835094,-687.0000000000109,639.0000000000109,low,expanded
2024-09-05,23,Thu,ASIA,LONG,0.8809999999998581,0.6143499999999904,1.4340359729793632,0.24111795357652505,64.09999999998581,-112.09999999998581,low,normal
2024-09-08,22,Sun,ASIA,SHORT,1.7269999999998618,0.9298500000000104,1.8572888100229525,0.03909774436093722,-196.69999999998618,148.69999999998618,low,expanded
2024-09-09,6,Mon,LON,SHORT,4.940000000000055,1.495750000000021,3.3026909577135117,0.6498096791734745,-518.0000000000055,470.00000000000546,high,expanded
2024-09-09,13,Mon,NY,SHORT,5.820000000000164,1.9830499999999573,2.9348730490911925,0.20587675922403462,558.0000000000164,-606.0000000000164,low,expanded
2024-09-09,22,Mon,ASIA,LONG,1.1399999999998727,0.7344499999999471,1.5521819048266796,0.2601686141103246,-137.99999999998727,89.99999999998727,low,expanded
2024-09-10,23,Tue,ASIA,LONG,0.9459999999999127,0.6008000000000038,1.5745672436749447,0.23705018557366844,70.59999999999127,-118.59999999999127,low,expanded
2024-09-11,6,Wed,LON,LONG,5.26299999999992,1.2387500000000273,4.248637739656754,0.49642293040972657,-550.299999999992,502.299999999992,mid,expanded
2024-09-11,22,Wed,ASIA,LONG,2.56899999999996,0.8033499999999776,3.1978589655816663,0.28525482434441085,-280.899999999996,232.899999999996,low,expanded
2024-09-12,13,Thu,NY,LONG,20.342999999999847,4.196900000000028,4.847149086230244,0.386649219697107,545.5999999999913,-593.5999999999913,mid,expanded
2024-09-12,22,Thu,ASIA,LONG,1.6829999999999927,0.9049500000000308,1.8597712580804857,0.018218623481807698,-192.29999999999927,144.29999999999927,low,expanded
2024-09-13,6,Fri,LON,LONG,4.900000000000091,1.600500000000011,3.0615432677288705,0.10867052023121904,276.0,-324.0,low,expanded
2024-09-13,13,Fri,NY,LONG,7.643000000000029,2.1169500000000196,3.610382862136545,0.46521196431045875,-788.3000000000029,740.3000000000029,mid,expanded
2024-09-16,6,Mon,LON,LONG,2.880000000000109,1.0711000000000468,2.6888245728689975,0.2906431651978296,-312.0000000000109,264.0000000000109,low,expanded
2024-09-16,13,Mon,NY,LONG,2.9099999999998545,1.9520999999999957,1.4907023205777679,0.1418498814178609,-314.99999999998545,266.99999999998545,low,normal
2024-09-16,22,Mon,ASIA,LONG,1.9659999999998945,0.693249999999989,2.8359177785790486,0.12709077912789493,-220.59999999998945,172.59999999998945,low,expanded
2024-09-17,6,Tue,LON,LONG,6.099999999999909,1.299899999999934,4.692668666820692,0.6714743589743792,-633.9999999999909,585.9999999999909,high,expanded
2024-09-17,13,Tue,NY,LONG,3.7399999999997817,2.7950500000000376,1.338079819681126,0.08641032759579029,-397.9999999999782,349.9999999999782,low,normal
2024-09-18,13,Wed,NY,LONG,2.5,1.5867999999999938,1.5754978573229201,0.11163337250294239,-274.0,226.0,low,expanded
2024-09-19,6,Thu,LON,SHORT,4.300000000000182,2.025949999999989,2.1224610676473783,0.5780346820809514,-454.0000000000182,406.0000000000182,mid,expanded
2024-09-19,22,Thu,ASIA,LONG,1.4760000000001128,0.9024499999999989,1.6355476757716378,0.03404255319150974,-171.60000000001128,123.60000000001128,low,expanded
2024-09-20,6,Fri,LON,LONG,5.449999999999818,1.1439499999999954,4.764194239258569,0.5657254138266753,520.9999999999818,-568.9999999999818,mid,expanded
2024-09-23,13,Mon,NY,LONG,5.053999999999633,1.804549999999972,2.8006982350168803,0.28609483217901044,-268.9999999999818,220.9999999999818,low,expanded
2024-09-24,7,Tue,LON,LONG,5.447000000000116,2.289949999999999,2.378654555776379,0.39626232912267956,-568.7000000000116,520.7000000000116,mid,expanded
2024-09-24,14,Tue,NY,LONG,6.333000000000084,2.6023999999999887,2.4335229019367164,0.2891538282882811,609.3000000000084,-657.3000000000084,low,expanded
2024-09-24,22,Tue,ASIA,LONG,1.7699999999999818,1.2159499999999526,1.4556519593733712,0.39006540018685154,-200.99999999999818,152.99999999999818,mid,normal
2024-09-25,13,Wed,NY,LONG,7.413000000000011,2.0456500000000233,3.623787060347531,0.44296788482834015,-765.3000000000011,717.3000000000011,mid,expanded
2024-09-25,22,Wed,ASIA,LONG,2.8270000000002256,0.91099999999999,3.103183315038701,0.14017112073515972,-306.70000000002256,258.70000000002256,low,expanded
2024-09-26,6,Thu,LON,LONG,3.6390000000001237,1.4914000000000442,2.4399892718251412,0.01976528721434099,339.90000000001237,-387.90000000001237,low,expanded
2024-09-30,13,Mon,NY,SHORT,4.68100000000004,2.455049999999983,1.906682144966527,0.08107389686336364,444.100000000004,-492.100000000004,low,expanded
2024-10-01,7,Tue,LON,SHORT,2.9229999999997744,1.194749999999931,2.446536932412591,0.45580502462229233,-316.29999999997744,268.29999999997744,mid,expanded
2024-10-01,13,Tue,NY,LONG,6.120000000000346,2.1403500000000575,2.8593454341580493,0.1528309919114593,588.0000000000346,-636.0000000000346,low,expanded
2024-10-02,6,Wed,LON,LONG,2.1599999999998545,1.8861499999999751,1.1451899371735457,0.4177249030878101,191.99999999998545,-239.99999999998545,mid,normal
2024-10-02,22,Wed,ASIA,LONG,1.9900000000002365,0.7815500000000839,2.5462222506557772,0.1275120042681594,175.00000000002365,-223.00000000002365,low,expanded
2024-10-03,6,Thu,LON,LONG,5.5,1.31700000000003,4.176157934699981,0.008708272859240635,-574.0,526.0,low,expanded
2024-10-03,14,Thu,NY,SHORT,8.0,2.425400000000036,3.2984250020614665,0.05885385342382605,-824.0,776.0,low,expanded
2024-10-08,6,Tue,LON,SHORT,5.4099999999998545,1.60300000000002,3.374922021210098,0.029273421504067965,516.9999999999854,-564.9999999999854,low,expanded
2024-10-08,13,Tue,NY,SHORT,10.889999999999873,3.032150000000024,3.591510974061239,0.4379699918029891,1064.9999999999873,-1112.9999999999873,mid,expanded
2024-10-09,6,Wed,LON,SHORT,6.179999999999836,1.6918499999999312,3.652806099831597,0.04172803141875162,-199.0,151.0,low,expanded
2024-10-09,13,Wed,NY,SHORT,10.773999999999887,2.3485500000000004,4.587511443230881,0.3495988210250664,-32.1000000000131,-15.899999999986903,mid,expanded
2024-10-09,0,Wed,ASIA,SHORT,1.7669999999998254,0.7942999999999302,2.2246002769734115,0.05071865190818978,-200.69999999998254,152.69999999998254,low,expanded
2024-10-10,6,Thu,LON,SHORT,3.519999999999982,1.1296999999999797,3.1158714703018897,0.16236033519554643,-375.9999999999982,327.9999999999982,low,expanded
2024-10-10,13,Thu,NY,LONG,10.409999999999854,4.232199999999966,2.4597136241198285,0.13604361865438014,-699.0,651.0,low,expanded
2024-10-10,23,Thu,ASIA,LONG,1.680000000000291,0.9216500000000452,1.8228177724735082,0.12316069980305588,144.0000000000291,-192.0000000000291,low,expanded
2024-10-11,13,Fri,NY,LONG,7.300000000000182,2.6964500000000045,2.707263253537121,0.13537117903930812,706.0000000000182,-754.0000000000182,low,expanded
2024-10-14,13,Mon,NY,LONG,6.101000000000113,2.23299999999997,2.732198835647199,0.037681159420299024,586.1000000000113,-634.1000000000113,low,expanded
2024-10-14,22,Mon,ASIA,LONG,3.1530000000002474,1.1520000000000663,2.736979166666724,0.11730072463767525,-63.30000000000291,15.30000000000291,low,expanded
2024-10-15,13,Tue,NY,LONG,6.349999999999909,2.578850000000011,2.4623378637764435,0.07340545336655871,610.9999999999909,-658.9999999999909,low,expanded
2024-10-15,22,Tue,ASIA,LONG,1.3299999999999272,0.8369999999999663,1.5890083632018885,0.18266014921535587,-156.99999999999272,108.99999999999272,low,expanded
2024-10-16,13,Wed,NY,LONG,4.4789999999998145,2.184749999999917,2.0501201510470235,0.05771093260410609,-471.89999999998145,423.89999999998145,low,expanded
2024-10-17,6,Thu,LON,LONG,4.079999999999927,1.5095500000000128,2.702792222847797,0.24761767253826886,-431.9999999999927,383.9999999999927,low,expanded
2024-10-17,13,Thu,NY,LONG,8.440000000000055,2.819450000000029,2.99349163844011,0.038080731150039085,820.0000000000055,-868.0000000000055,low,expanded
2024-10-17,23,Thu,ASIA,LONG,1.5329999999999018,0.6526499999999714,2.348885313720936,0.08209538702115389,129.29999999999018,-177.29999999999018,low,expanded
2024-10-18,13,Fri,NY,LONG,6.949000000000069,2.3084499999999935,3.0102449695683635,0.1483354403708434,670.9000000000069,-718.9000000000069,low,expanded
2024-10-20,22,Sun,ASIA,LONG,3.6269999999999527,1.1156500000000507,3.2510195849951042,0.29905617977524807,338.69999999999527,-386.69999999999527,low,expanded
2024-10-21,6,Mon,LON,LONG,4.089999999999691,1.495999999999981,2.733957219251165,0.19530164025574748,384.9999999999691,-432.9999999999691,low,expanded
2024-10-21,13,Mon,NY,LONG,4.880000000000109,2.339950000000067,2.0855146477488704,0.023767411010384546,-512.0000000000109,464.0000000000109,low,expanded
2024-10-21,22,Mon,ASIA,LONG,1.3770000000004075,0.8157999999999447,1.6879137043399128,0.0,113.70000000004075,-161.70000000004075,low,expanded
2024-10-22,13,Tue,NY,LONG,4.890000000000327,2.187249999999949,2.235684078180565,0.3626261769445982,-513.0000000000327,465.00000000003274,mid,expanded
2024-10-24,13,Thu,NY,LONG,5.070000000000164,2.1470499999999904,2.361379567313377,0.14979386165825875,-531.0000000000164,483.00000000001637,low,expanded
2024-10-27,23,Sun,ASIA,LONG,6.690000000000055,2.390900000000056,2.7981094985151604,0.4034338223440118,-693.0000000000055,645.0000000000055,mid,expanded
2024-10-28,6,Mon,LON,LONG,6.429999999999836,1.658650000000057,3.876646670484801,0.6034682080924665,-666.9999999999836,618.9999999999836,high,expanded
2024-10-28,13,Mon,NY,LONG,6.710000000000036,1.8467499999999972,3.6334100446730995,0.383831885922607,487.8999999999687,-535.8999999999687,mid,expanded
2024-10-28,23,Mon,ASIA,LONG,2.5799999999999272,0.7331000000000358,3.5193015959620806,0.10328638497654437,233.99999999999272,-281.9999999999927,low,expanded
2024-10-29,6,Tue,LON,LONG,4.460000000000036,1.675799999999981,2.6614154433703825,0.08262734023637579,-470.00000000000364,422.00000000000364,low,expanded
2024-10-29,13,Tue,NY,LONG,9.170000000000073,2.028650000000016,4.5202474552042,0.18533772652389746,893.0000000000073,-941.0000000000073,low,expanded
2024-10-30,6,Wed,LON,LONG,5.8400000000001455,1.5029499999999871,3.8856914734357066,0.3442475891455278,-608.0000000000146,560.0000000000146,mid,expanded
2024-10-31,13,Thu,NY,SHORT,8.336999999999989,2.622549999999978,3.178967035900196,0.417388435205801,809.6999999999989,-857.6999999999989,mid,expanded
2024-11-01,6,Fri,LON,SHORT,5.099999999999909,1.2348999999999932,4.129889059842851,0.0206540447504117,485.9999999999909,-533.9999999999909,low,expanded
2024-11-01,13,Fri,NY,SHORT,8.86999999999989,3.6525499999999966,2.4284404046487795,0.007301935012771831,862.9999999999891,-910.9999999999891,low,expanded
2024-11-04,13,Mon,NY,SHORT,5.0,1.7433000000000447,2.8681236734927276,0.009527439024395935,-524.0,476.0,low,expanded
2024-11-06,6,Wed,LON,SHORT,23.78099999999995,3.308950000000027,7.1868719684491325,0.5926871954969174,-557.1000000000131,509.1000000000131,mid,expanded
2024-11-06,13,Wed,NY,SHORT,19.279999999999745,5.602250000000026,3.441474407604026,0.45256579891277965,1903.9999999999745,-1951.9999999999745,mid,expanded
2024-11-08,6,Fri,LON,SHORT,9.07400000000007,1.5034000000000334,6.03565252095242,0.49655940756271955,-110.00000000001273,62.00000000001273,mid,expanded
2024-11-11,13,Mon,NY,SHORT,6.266999999999825,2.8937000000000124,2.1657393648269685,0.43303131457637045,602.6999999999825,-650.6999999999825,mid,expanded
2024-11-12,7,Tue,LON,SHORT,4.730000000000018,2.5434999999999492,1.85964222528017,0.3058620689655231,449.0000000000018,-497.0000000000018,mid,expanded
2024-11-14,6,Thu,LON,SHORT,3.0,1.7019999999999527,1.762632197414855,0.26332453825855356,276.0,-324.0,low,expanded
2024-11-15,13,Fri,NY,SHORT,7.069999999999709,2.5264500000000227,2.798393002038293,0.07960182660401952,682.9999999999709,-730.9999999999709,low,expanded
2024-11-18,6,Mon,LON,LONG,6.080999999999676,1.9060500000000276,3.1903675139684626,0.32685062620913513,584.0999999999676,-632.0999999999676,mid,expanded
2024-11-18,13,Mon,NY,LONG,6.75,2.2562999999999875,2.9916234543278986,0.2502453385672393,651.0,-699.0,low,expanded
2024-11-19,6,Tue,LON,LONG,3.300000000000182,1.314150000000018,2.5111288665678475,0.20332717190392094,-354.0000000000182,306.0000000000182,low,expanded
2024-11-20,14,Wed,NY,LONG,9.396999999999935,2.0454000000000176,4.594211401192849,0.6174430128840922,915.6999999999935,-963.6999999999935,high,expanded
2024-11-21,6,Thu,LON,LONG,5.069999999999709,1.4123499999999467,3.5897617446099765,0.14195083267250355,482.9999999999709,-530.9999999999709,low,expanded
2024-11-21,14,Thu,NY,LONG,7.239999999999782,2.2625499999999645,3.1999292833307087,0.22643634998123463,-441.99999999998363,393.99999999998363,low,expanded
2024-11-22,6,Fri,LON,LONG,3.4600000000000364,2.0738500000000615,1.668394531909219,0.1684100418410067,322.00000000000364,-370.00000000000364,low,expanded
2024-11-25,14,Mon,NY,SHORT,10.330000000000382,2.6071499999999785,3.96218092553189,0.04584541300181646,1009.0000000000382,-1057.0000000000382,low,expanded
2024-11-26,7,Tue,LON,SHORT,4.863000000000284,2.221100000000001,2.18945567511606,0.11887477313973625,462.3000000000284,-510.3000000000284,low,expanded
2024-11-26,13,Tue,NY,SHORT,11.878999999999905,2.823649999999998,4.206966160820184,0.044515004358121654,1163.8999999999905,-1211.8999999999905,low,expanded
2024-11-27,6,Wed,LON,LONG,5.507000000000062,1.8060500000000956,3.049195758699798,0.21778758514821384,526.7000000000062,-574.7000000000062,low,expanded
2024-11-27,13,Wed,NY,LONG,7.4050000000002,2.096199999999931,3.532582768819981,0.05357791500180904,-764.50000000002,716.50000000002,low,expanded
2024-11-28,13,Thu,NY,LONG,4.1590000000001055,1.5800999999999703,2.6321118916525434,0.08819823603529421,-439.90000000001055,391.90000000001055,low,expanded
2024-12-03,13,Tue,NY,LONG,9.100000000000364,1.7799999999999727,5.112359550562081,0.14572864321606147,-934.0000000000364,886.0000000000364,low,expanded
2024-12-04,6,Wed,LON,LONG,3.319999999999709,1.3662000000000034,2.430098082271776,0.24808184143227027,-355.9999999999709,307.9999999999709,low,expanded
2024-12-06,7,Fri,LON,SHORT,4.420000000000073,1.4158999999999877,3.121689384843641,0.12381376037960781,-466.0000000000073,418.0000000000073,low,expanded
2024-12-06,13,Fri,NY,SHORT,5.73700000000008,2.182750000000033,2.6283358149123783,0.13295304958315154,-597.700000000008,549.700000000008,low,expanded
2024-12-09,6,Mon,LON,LONG,4.51299999999992,1.7366500000000087,2.598681369302909,0.4107967325677178,427.299999999992,-475.299999999992,mid,expanded
2024-12-09,13,Mon,NY,LONG,4.029999999999745,2.0031499999999824,2.011831365599072,0.009048136083972202,378.99999999997453,-426.99999999997453,low,expanded
2024-12-10,6,Tue,LON,LONG,4.199999999999818,1.4056499999999459,2.9879415217159178,0.09836065573771992,-443.9999999999818,395.9999999999818,low,expanded
2024-12-10,13,Tue,NY,LONG,5.548999999999978,2.3376000000000206,2.3738021902805997,0.1110704650418179,530.8999999999978,-578.8999999999978,low,expanded
2024-12-11,13,Wed,NY,LONG,7.661000000000058,2.078449999999998,3.68591979600186,0.01795165602663733,742.1000000000058,-790.1000000000058,low,expanded
2024-12-12,6,Thu,LON,LONG,4.226999999999862,1.6491000000000213,2.563216299799774,0.09656318139339695,398.6999999999862,-446.6999999999862,low,expanded
2024-12-12,13,Thu,NY,LONG,8.05099999999993,2.1391499999999724,3.7636444382114553,0.16346325498363695,-829.0999999999931,781.0999999999931,low,expanded
2024-12-13,6,Fri,LON,SHORT,4.25,1.3999999999999317,3.035714285714434,0.20619554695064124,-449.0,401.0,low,expanded
2024-12-13,13,Fri,NY,SHORT,7.730999999999767,2.5694999999999255,3.0087565674255656,0.0034885281094950487,749.0999999999767,-797.0999999999767,low,expanded
2024-12-16,7,Mon,LON,SHORT,2.5899999999996908,1.343600000000015,1.9276570407856966,0.14522940376494137,-282.9999999999691,234.99999999996908,low,expanded
2024-12-16,13,Mon,NY,SHORT,5.29300000000012,1.8467499999999517,2.8661161499933714,0.03145874964315765,505.300000000012,-553.300000000012,low,expanded
2024-12-17,6,Tue,LON,SHORT,7.8400000000001455,1.7725000000000364,4.423131170662897,0.23980815347721404,-808.0000000000146,760.0000000000146,low,expanded
2024-12-17,13,Tue,NY,SHORT,4.923000000000229,1.8607999999999492,2.645636285468811,0.1142253036337842,468.3000000000229,-516.3000000000229,low,expanded
2024-12-18,6,Wed,LON,SHORT,3.300000000000182,1.2369500000000244,2.667852378835132,0.04844606946981799,-354.0000000000182,306.0000000000182,low,expanded
2024-12-18,14,Wed,NY,SHORT,6.460000000000036,1.4133499999999912,4.570700817207398,0.08123721266099444,622.0000000000036,-670.0000000000036,low,expanded
2024-12-19,13,Thu,NY,SHORT,5.66399999999976,2.346799999999939,2.4134992329980856,0.7682092954117218,542.399999999976,-590.399999999976,high,expanded
2024-12-20,13,Fri,NY,SHORT,4.579999999999927,1.5767500000000836,2.9047090534324935,0.1765626111071832,-481.9999999999927,433.9999999999927,low,expanded
2024-12-23,6,Mon,LON,LONG,4.789999999999964,1.3816999999999553,3.4667438662518046,0.25228390723824706,-28.999999999972715,-19.000000000027285,low,expanded
2024-12-23,13,Mon,NY,LONG,4.135000000000218,1.541100000000006,2.6831484004932857,0.0398918187964965,-437.5000000000218,389.5000000000218,low,expanded
2024-12-24,6,Tue,LON,LONG,3.0289999999999964,1.2084500000000389,2.5065166121890843,0.1902189365937113,-326.89999999999964,278.89999999999964,low,expanded
2024-12-24,13,Tue,NY,SHORT,2.2399999999997817,1.3727000000000544,1.6318204997448043,0.1772637887442808,-247.99999999997817,199.99999999997817,low,expanded
2024-12-26,7,Thu,LON,LONG,2.630000000000109,0.9670999999999594,2.719470582153055,0.11802008102872237,-287.0000000000109,239.0000000000109,low,expanded
2024-12-27,7,Fri,LON,LONG,5.67699999999968,1.0932000000000017,5.193011342846388,0.23760683760686763,-591.699999999968,543.699999999968,low,expanded
2024-12-27,13,Fri,NY,SHORT,7.367000000000189,2.008450000000039,3.668002688640517,0.365655212022588,712.7000000000189,-760.7000000000189,mid,expanded
2024-12-30,6,Mon,LON,SHORT,2.8409999999998945,1.1713000000000193,2.425510116963927,0.0315989045713284,260.09999999998945,-308.09999999998945,low,expanded
2024-12-30,13,Mon,NY,SHORT,4.670000000000073,1.807499999999982,2.583679114799513,0.20680255984832238,443.0000000000073,-491.0000000000073,low,expanded
2025-01-02,6,Thu,LON,LONG,3.30600000000004,1.1314999999999373,2.921785240830953,0.15580938782796858,-354.600000000004,306.600000000004,low,expanded
2025-01-02,13,Thu,NY,LONG,7.290000000000418,2.0395999999999956,3.574230241223982,0.07297655904467511,705.0000000000418,-753.0000000000418,low,expanded
2025-01-03,6,Fri,LON,LONG,2.8899999999998727,1.294649999999956,2.232263546132137,0.3097183270332662,-312.99999999998727,264.99999999998727,mid,expanded
2025-01-06,6,Mon,LON,SHORT,4.5330000000003565,1.5853000000000292,2.859395697975319,0.41129908427749035,429.30000000003565,-477.30000000003565,mid,expanded
2025-01-06,13,Mon,NY,SHORT,6.923000000000229,2.768599999999947,2.5005417900745366,0.16044293848464483,668.3000000000229,-716.3000000000229,low,expanded
2025-01-07,13,Tue,NY,LONG,11.110000000000127,2.3347000000000433,4.7586413671991785,0.6685760225102857,-1135.0000000000127,1087.0000000000127,high,expanded
2025-01-08,6,Wed,LON,LONG,3.67699999999968,1.0599500000000261,3.469031558091975,0.6444444444445249,39.90000000001237,-87.90000000001237,high,expanded
2025-01-08,13,Wed,NY,LONG,9.190000000000055,2.4821499999999785,3.7024353886751946,0.1877075831206592,895.0000000000055,-943.0000000000055,low,expanded
2025-01-09,6,Thu,LON,LONG,2.6970000000001164,1.1994499999999562,2.248530576514415,0.37719298245616834,245.70000000001164,-293.70000000001164,mid,expanded
2025-01-09,13,Thu,NY,LONG,5.027000000000044,1.9092499999999972,2.6329710619353417,0.16101740875318626,-526.7000000000044,478.70000000000437,low,expanded
2025-01-10,6,Fri,LON,LONG,1.6700000000000728,1.028749999999991,1.623329283110656,0.25745257452580084,143.00000000000728,-191.00000000000728,low,expanded
2025-01-10,13,Fri,NY,LONG,5.7729999999996835,2.1974500000000035,2.6271359985436185,0.2121483204365455,-601.2999999999683,553.2999999999683,low,expanded
2025-01-13,6,Mon,LON,LONG,4.010000000000218,1.4046499999999924,2.854803687751568,0.2604096026040882,-425.0000000000218,377.0000000000218,low,expanded
2025-01-13,13,Mon,NY,SHORT,5.432999999999993,2.9180999999999813,1.86182790171688,0.4162833486660659,-567.2999999999993,519.2999999999993,mid,expanded
2025-01-14,13,Tue,NY,SHORT,5.880000000000109,1.8605000000000929,3.1604407417359934,0.11720442366890567,-612.0000000000109,564.0000000000109,low,expanded
2025-01-15,13,Wed,NY,LONG,4.599999999999909,1.6256499999999732,2.8296373758188937,0.2636547538772673,435.9999999999909,-483.9999999999909,low,expanded
2025-01-16,7,Thu,LON,LONG,5.720000000000255,1.3288000000000237,4.304635761589519,0.4443975344084762,548.0000000000255,-596.0000000000255,mid,expanded
2025-01-16,13,Thu,NY,LONG,10.348999999999705,2.4086500000000113,4.296597679197748,0.08709348240828135,810.1000000000349,-858.1000000000349,low,expanded
2025-01-17,7,Fri,LON,LONG,2.725999999999658,1.136599999999953,2.39838113672336,0.34747474747474977,-296.5999999999658,248.5999999999658,mid,expanded
2025-01-20,6,Mon,LON,LONG,3.25,1.4434999999999718,2.2514721163838334,0.21704394141144648,301.0,-349.0,low,expanded
2025-01-20,13,Mon,NY,LONG,2.230000000000018,1.3975499999999783,1.5956495295338649,0.15027537372149768,-247.00000000000182,199.00000000000182,low,expanded
2025-01-21,14,Tue,NY,LONG,4.6899999999996,1.7471000000000003,2.6844485146812427,0.3033501606241333,444.99999999996,-492.99999999996,mid,expanded
2025-01-23,14,Thu,NY,LONG,8.519999999999982,2.864899999999966,2.973925791476171,0.4218478889531445,827.9999999999982,-875.9999999999982,mid,expanded
2025-01-24,13,Fri,NY,LONG,5.489999999999782,1.4008000000000265,3.919189034837006,0.3291925465838674,-572.9999999999782,524.9999999999782,mid,expanded
2025-01-27,7,Mon,LON,SHORT,2.7599999999997635,1.468000000000052,1.8801089918253855,0.3532934131736804,251.99999999997635,-299.99999999997635,mid,expanded
2025-01-28,6,Tue,LON,SHORT,2.1900000000000546,1.1649999999999636,1.879828326180363,0.0839138695376713,-243.00000000000546,195.00000000000546,low,expanded
2025-01-29,13,Wed,NY,LONG,6.760000000000218,1.8162000000000262,3.722057042176038,0.2838075682018258,-700.0000000000218,652.0000000000218,low,expanded
2025-01-30,6,Thu,LON,LONG,2.230000000000018,1.0039999999999965,2.2211155378486316,0.13760095722406743,199.00000000000182,-247.00000000000182,low,expanded
2025-01-30,13,Thu,NY,LONG,3.230000000000018,1.3561000000000376,2.3818302485066947,0.16710837332565268,299.0000000000018,-347.0000000000018,low,expanded
2025-01-31,7,Fri,LON,LONG,2.4299999999998363,1.1970000000000482,2.030075187969706,0.15857793277149979,218.99999999998363,-266.99999999998363,low,expanded
2025-01-31,13,Fri,NY,LONG,2.8700000000003456,1.8849999999999683,1.5225464190983522,0.3116391184572669,-311.00000000003456,263.00000000003456,mid,expanded
2025-02-03,14,Mon,NY,LONG,4.516999999999825,2.2317500000000563,2.0239722191104343,0.4816939757864826,427.69999999998254,-475.69999999998254,mid,expanded
2025-02-04,13,Tue,NY,LONG,13.88000000000011,2.2505000000000335,6.167518329260121,0.8246944795617108,493.0000000000073,-541.0000000000073,high,expanded
2025-02-06,6,Thu,LON,LONG,2.1399999999998727,1.363650000000007,1.5693176401568305,0.03653605822247268,-237.99999999998727,189.99999999998727,low,expanded
2025-02-07,13,Fri,NY,LONG,4.7199999999998,1.6939999999999826,2.7863046044863333,0.1538008249852692,-495.99999999998,-495.99999999998,low,expanded
2025-02-10,6,Mon,LON,LONG,6.367000000000189,1.4594999999999345,4.362452894827321,0.4838709677419702,612.7000000000189,-660.7000000000189,mid,expanded
2025-02-11,13,Tue,NY,LONG,8.7199999999998,3.870549999999935,2.252909793181834,0.4103435051772332,847.99999999998,-895.99999999998,mid,expanded
2025-02-12,13,Wed,NY,SHORT,12.429999999999836,2.796650000000045,4.444603364739827,0.22699029126212453,-1266.9999999999836,1218.9999999999836,low,expanded
2025-02-14,6,Fri,LON,LONG,3.7799999999997453,1.5908500000000003,2.376088254706443,0.3955328059562306,353.99999999997453,-401.99999999997453,mid,expanded
2025-02-14,13,Fri,NY,LONG,5.710000000000036,2.185149999999999,2.6130929226826716,0.1606596318121658,-595.0000000000036,547.0000000000036,low,expanded
2025-02-18,7,Tue,LON,LONG,4.6599999999998545,1.9426499999999804,2.398785164594704,0.2161809997630887,-489.99999999998545,441.99999999998545,low,expanded
2025-02-18,13,Tue,NY,LONG,5.400000000000091,1.899800000000073,2.842404463627689,0.26190881735079974,516.0000000000091,-564.0000000000091,low,expanded
2025-02-19,7,Wed,LON,LONG,3.3400000000001455,1.5901999999999816,2.1003647339958396,0.48397699260473437,-358.00000000001455,310.00000000001455,mid,expanded
2025-02-20,6,Thu,LON,LONG,2.4600000000000364,1.265000000000009,1.9446640316205683,0.4940523394131606,-270.00000000000364,222.00000000000364,mid,expanded
2025-02-20,13,Thu,NY,LONG,6.639999999999873,2.8717000000000326,2.3122192429570627,0.11967640569632801,-687.9999999999873,639.9999999999873,low,expanded
2025-02-21,13,Fri,NY,SHORT,4.967000000000098,2.081400000000053,2.3863745555875715,0.02576278035968047,-520.7000000000098,472.7000000000098,low,expanded
2025-02-24,13,Mon,NY,LONG,4.800000000000182,2.2034999999999854,2.178352620830594,0.16016849529781413,456.0000000000182,-504.0000000000182,low,expanded
2025-02-25,6,Tue,LON,SHORT,3.1100000000001273,1.4526500000000624,2.140914879702608,0.018234865061998493,-335.00000000001273,287.00000000001273,low,expanded
2025-02-26,6,Wed,LON,SHORT,7.319999999999709,2.0548499999999192,3.5623038177969177,0.07538118082933376,-755.9999999999709,707.9999999999709,low,expanded
2025-02-26,13,Wed,NY,SHORT,5.140000000000327,1.9893499999999675,2.5837585140877226,0.08651073373918192,490.00000000003274,-538.0000000000327,low,expanded
2025-02-27,7,Thu,LON,SHORT,6.029999999999745,2.799000000000001,2.15434083601277,0.18364197530863555,-626.9999999999745,578.9999999999745,low,expanded
2025-02-27,13,Thu,NY,SHORT,7.75,2.6715499999999794,2.9009376579139676,0.04252016205369218,-799.0,751.0,low,expanded
2025-02-28,7,Fri,LON,SHORT,4.789999999999964,1.8852000000000089,2.5408444727349573,0.05316742081448048,454.99999999999636,-502.99999999999636,low,expanded
2025-02-28,13,Fri,NY,SHORT,8.240000000000236,2.625800000000072,3.13809124838145,0.12350967373456205,800.0000000000236,-848.0000000000236,low,expanded
2025-03-03,6,Mon,LON,SHORT,3.4100000000003092,1.4144000000000005,2.410916289592978,0.3101204485670903,-365.0000000000309,317.0000000000309,mid,expanded
2025-03-04,7,Tue,LON,LONG,3.2770000000000437,1.512050000000022,2.16725637379716,0.3287902205985575,303.70000000000437,-351.70000000000437,mid,expanded
2025-03-06,6,Thu,LON,LONG,2.8799999999996544,1.7046499999999924,1.6894963775553147,0.2530802705395016,-311.99999999996544,263.99999999996544,low,expanded
2025-03-06,13,Thu,NY,SHORT,8.360000000000127,3.025899999999956,2.7628143692786438,0.014592390388568598,-860.0000000000127,812.0000000000127,low,expanded
2025-03-07,13,Fri,NY,LONG,10.389999999999873,2.2052999999999883,4.7113771368974415,0.28393156963289545,-1062.9999999999873,1014.9999999999873,low,expanded
2025-03-10,13,Mon,NY,SHORT,7.413000000000011,2.9918499999999995,2.4777311696776283,0.1182925960236671,-765.3000000000011,717.3000000000011,low,expanded
2025-03-10,22,Mon,ASIA,SHORT,5.309999999999945,1.605849999999964,3.3066600242862436,0.1822124320231357,-554.9999999999945,506.99999999999454,low,expanded
2025-03-11,13,Tue,NY,LONG,7.0,2.2559500000000297,3.1029056495046023,0.13579094727016758,676.0,-724.0,low,expanded
2025-03-11,22,Tue,ASIA,LONG,3.25,1.111700000000019,2.9234505711972156,0.307141792157424,-349.0,301.0,mid,expanded
2025-03-12,22,Wed,ASIA,LONG,2.619999999999891,1.196850000000086,2.1890796674601685,0.10805860805859685,237.9999999999891,-285.9999999999891,low,expanded
2025-03-13,13,Thu,NY,LONG,6.817000000000007,2.856650000000036,2.3863616473841462,0.07592659229939171,657.7000000000007,-705.7000000000007,low,expanded
2025-03-13,22,Thu,ASIA,LONG,6.0,1.7349999999999455,3.4582132564842585,0.18674021314197622,-624.0,576.0,low,expanded
2025-03-14,6,Fri,LON,LONG,5.135000000000218,1.843100000000004,2.7860669524172357,0.3792929928292674,-537.5000000000218,489.5000000000218,mid,expanded
2025-03-16,22,Sun,ASIA,LONG,7.427000000000135,1.8858000000000175,3.9383815887156994,0.24970494014499825,-12.000000000010914,-35.999999999989086,low,expanded
2025-03-17,6,Mon,LON,LONG,4.960000000000036,1.2919999999999845,3.8390092879257707,0.48518466507508223,-520.0000000000036,472.00000000000364,mid,expanded
2025-03-17,13,Mon,NY,LONG,4.75,3.597199999999998,1.3204714778160798,0.3822852296134739,451.0,-499.0,mid,normal
2025-03-17,23,Mon,ASIA,LONG,1.76299999999992,0.761200000000008,2.3160798738832127,0.11349693251532801,-200.299999999992,152.299999999992,low,expanded
2025-03-18,6,Tue,LON,LONG,6.697000000000116,2.3795500000000174,2.814397680233686,0.11142261519662325,645.7000000000116,-693.7000000000116,low,expanded
2025-03-18,13,Tue,NY,LONG,4.380000000000109,2.6296499999999923,1.665620900119834,0.36112746829977815,-462.0000000000109,414.0000000000109,mid,expanded
2025-03-18,22,Tue,ASIA,LONG,1.5270000000000437,0.9993999999999914,1.5279167500500868,0.2819138376017978,-176.70000000000437,128.70000000000437,low,expanded
2025-03-19,22,Wed,ASIA,LONG,3.5100000000002183,1.555950000000007,2.255856550660498,0.15309411259131078,327.0000000000218,-375.0000000000218,low,expanded
2025-03-20,22,Thu,ASIA,LONG,1.449999999999818,0.8015999999999621,1.8088822355288006,0.20421186981486178,120.99999999998181,-168.9999999999818,low,expanded
2025-03-21,13,Fri,NY,SHORT,7.300000000000182,2.510850000000005,2.9073819622837553,0.2553103161973415,706.0000000000182,-754.0000000000182,low,expanded
2025-03-24,13,Mon,NY,SHORT,4.949999999999818,1.9830499999999802,2.4961549128866483,0.06536316350192313,470.9999999999818,-518.9999999999818,low,expanded
2025-03-24,22,Mon,ASIA,SHORT,1.9670000000000982,1.3061999999999898,1.5058949624866893,0.2902850494473472,-220.70000000000982,172.70000000000982,low,expanded
2025-03-25,6,Tue,LON,SHORT,3.2200000000002547,1.3789000000000442,2.3351947204294374,0.06296733569461042,298.00000000002547,-346.00000000002547,low,expanded
2025-03-25,13,Tue,NY,LONG,4.329999999999927,2.397100000000023,1.8063493387843166,0.03348501760108694,408.9999999999927,-456.9999999999927,low,expanded
2025-03-26,6,Wed,LON,LONG,3.7169999999996435,1.6581999999999653,2.2415872632973834,0.5622496756360886,347.69999999996435,-395.69999999996435,mid,expanded
2025-03-26,23,Wed,ASIA,SHORT,3.0030000000001564,1.353899999999976,2.218036782628119,0.2378892733563844,-324.30000000001564,276.30000000001564,low,expanded
2025-03-27,7,Thu,LON,LONG,5.9099999999998545,2.1483999999999694,2.7508843790727697,0.19188100912154338,566.9999999999854,-614.9999999999854,low,expanded
2025-03-27,22,Thu,ASIA,LONG,2.4099999999998545,0.9475000000000364,2.543535620052519,0.14645637034001277,-264.99999999998545,216.99999999998545,low,expanded
2025-03-28,6,Fri,LON,LONG,6.179999999999836,1.8931499999999688,3.2644006021709524,0.4339230997331535,-641.9999999999836,593.9999999999836,mid,expanded
2025-03-28,13,Fri,NY,LONG,9.070000000000164,3.027550000000133,2.995821704018023,0.03210387386744771,-931.0000000000164,883.0000000000164,low,expanded
2025-03-31,23,Mon,ASIA,LONG,4.0,1.1758000000000037,3.4019391052900043,0.03273809523809695,-424.0,376.0,low,expanded
2025-04-01,6,Tue,LON,LONG,11.655999999999949,3.4718499999999723,3.3572879012630277,0.23490827645050824,-1189.599999999995,1141.599999999995,low,expanded
2025-04-02,13,Wed,NY,LONG,6.470000000000255,2.8019000000000007,2.309147364288609,0.1229037445439922,-671.0000000000255,623.0000000000255,low,expanded
2025-04-02,23,Wed,ASIA,LONG,26.5,10.084099999999967,2.62789936632918,0.20348945351735465,509.6999999999989,-557.6999999999989,low,expanded
2025-04-03,22,Thu,ASIA,SHORT,2.3400000000001455,2.3249999999999544,1.006451612903308,0.469578289421649,-258.00000000001455,210.00000000001455,mid,normal
2025-04-04,6,Fri,LON,SHORT,7.402999999999793,2.8276000000000296,2.6181213750175822,0.0039938556067654046,716.2999999999793,-764.2999999999793,low,expanded
2025-04-04,13,Fri,NY,SHORT,17.787000000000262,9.618049999999993,1.849335364237062,0.3208406010689373,1754.7000000000262,-1802.7000000000262,mid,expanded
2025-04-06,23,Sun,ASIA,SHORT,35.559999999999945,8.177600000000007,4.348464097045578,0.3061063275140191,-3579.9999999999945,3531.9999999999945,mid,expanded
2025-04-07,7,Mon,LON,SHORT,16.91300000000001,5.6428500000000215,2.9972443003092315,0.14928784948127632,-1715.300000000001,1667.300000000001,low,expanded
2025-04-07,13,Mon,NY,SHORT,12.700000000000273,5.83895,2.1750485960661203,0.2341059602649075,1246.0000000000273,-1294.0000000000273,low,expanded
2025-04-08,22,Tue,ASIA,SHORT,4.440000000000055,2.501499999999987,1.774935038976645,0.051041241322987534,-468.00000000000546,420.00000000000546,low,expanded
2025-04-09,6,Wed,LON,LONG,18.4699999999998,5.240000000000009,3.524809160305299,0.3402713250325097,1822.99999999998,-1870.99999999998,mid,expanded
2025-04-09,13,Wed,NY,LONG,14.300000000000182,6.6417000000000375,2.1530632217655272,0.043184015468905476,1406.0000000000182,-1454.0000000000182,low,expanded
2025-04-09,22,Wed,ASIA,LONG,11.610000000000127,5.2337500000000095,2.218294721757842,0.19873817034700428,1137.0000000000127,-1185.0000000000127,low,expanded
2025-04-10,14,Thu,NY,LONG,16.18000000000029,5.4970000000000026,2.943423685646768,0.21842496285290464,1594.000000000029,-1642.000000000029,low,expanded
2025-04-10,22,Thu,ASIA,LONG,6.420000000000073,2.9537000000000946,2.173545045197504,0.12603648424543537,618.0000000000073,-666.0000000000073,low,expanded
2025-04-11,6,Fri,LON,LONG,13.690000000000055,6.232999999999947,2.1963741376544474,0.14882600058619147,1345.0000000000055,-1393.0000000000055,low,expanded
2025-04-11,13,Fri,NY,LONG,9.210000000000036,5.115499999999974,1.8004105170560225,0.38708110733365997,-945.0000000000036,897.0000000000036,mid,expanded
2025-04-14,22,Mon,ASIA,LONG,2.8899999999998727,1.7163000000000466,1.6838548039385854,0.057176196032670566,-312.99999999998727,264.99999999998727,low,expanded
2025-04-15,6,Tue,LON,LONG,4.8400000000001455,2.543499999999926,1.902889718891404,0.15758591785415452,-508.00000000001455,460.00000000001455,low,expanded
2025-04-15,14,Tue,NY,LONG,7.320000000000164,3.620000000000027,2.0220994475138423,0.11111111111109657,-756.0000000000164,708.0000000000164,low,expanded
2025-04-15,22,Tue,ASIA,LONG,5.449999999999818,2.0180000000000518,2.7006937561940925,0.3319112627986167,520.9999999999818,-568.9999999999818,mid,expanded
2025-04-16,6,Wed,LON,LONG,6.779999999999745,3.0111999999999397,2.2515940488841264,0.41176470588236763,653.9999999999745,-701.9999999999745,mid,expanded
2025-04-16,13,Wed,NY,LONG,12.200000000000273,4.646500000000083,2.6256321962767792,0.12979482604817583,1196.0000000000273,-1244.0000000000273,low,expanded
2025-04-17,13,Thu,NY,LONG,10.0300000000002,5.129800000000023,1.9552419197629842,0.033671252715425766,-1027.00000000002,979.00000000002,low,expanded
2025-04-21,6,Mon,LON,LONG,8.559999999999945,3.42300000000007,2.5007303534910226,0.5124999999999797,-879.9999999999945,831.9999999999945,mid,expanded
2025-04-21,13,Mon,NY,LONG,11.819999999999709,4.344799999999941,2.7204934634505316,0.2652138157894762,-1205.999999999971,1157.999999999971,low,expanded
2025-04-21,23,Mon,ASIA,LONG,12.690000000000055,2.6864999999999326,4.7236180904524,0.4148123546994327,-1293.0000000000055,1245.0000000000055,mid,expanded
2025-04-23,6,Wed,LON,SHORT,17.735000000000127,6.983249999999998,2.5396484444921965,0.2876276355920961,-1797.5000000000127,1749.5000000000127,low,expanded
2025-04-23,13,Wed,NY,SHORT,15.599999999999909,6.677999999999997,2.336028751123078,0.4806549775394929,1535.999999999991,-1583.999999999991,mid,expanded
2025-04-24,13,Thu,NY,SHORT,11.289999999999964,4.555499999999961,2.47832290637692,0.1867061812023734,1104.9999999999964,-1152.9999999999964,low,expanded
2025-04-25,13,Fri,NY,SHORT,24.63000000000011,6.2710000000000035,3.927603253069701,0.3467372134038894,-1679.9999999999945,1631.9999999999945,mid,expanded
2025-04-27,22,Sun,ASIA,SHORT,20.06999999999971,4.636999999999898,4.328229458701779,0.1962616822429803,1982.999999999971,-2030.999999999971,low,expanded
2025-04-28,6,Mon,LON,SHORT,8.66000000000031,3.9040000000000417,2.218237704918088,0.11848055471813379,842.0000000000309,-890.0000000000309,low,expanded
2025-04-28,13,Mon,NY,SHORT,10.579999999999927,3.66550000000002,2.8863729368435056,0.2460992008118756,-1081.9999999999927,1033.9999999999927,low,expanded
2025-04-29,13,Tue,NY,SHORT,8.269999999999982,4.629499999999962,1.786370018360525,0.1856387419983306,802.9999999999982,-850.9999999999982,low,expanded
2025-04-30,6,Wed,LON,SHORT,6.010000000000218,2.4999999999999774,2.404000000000109,0.11053719008263213,-625.0000000000218,577.0000000000218,low,expanded
2025-04-30,22,Wed,ASIA,SHORT,18.200000000000273,4.0003000000000615,4.549658775591829,0.4592039800994951,1796.0000000000273,-1844.0000000000273,mid,expanded
2025-05-01,7,Thu,LON,SHORT,9.470000000000255,4.041000000000031,2.3434793367978677,0.17696629213483475,923.0000000000255,-971.0000000000255,low,expanded
2025-05-01,13,Thu,NY,SHORT,9.389999999999873,5.933699999999976,1.5824864755548664,0.3135979180221237,-962.9999999999873,914.9999999999873,mid,expanded
2025-05-01,22,Thu,ASIA,SHORT,8.069999999999709,3.53779999999997,2.2810786364406628,0.29568845618914863,-830.9999999999709,782.9999999999709,low,expanded
2025-05-02,6,Fri,LON,SHORT,12.349999999999909,2.978300000000013,4.146660846791746,0.12898550724639385,-1258.999999999991,1210.999999999991,low,expanded
2025-05-02,13,Fri,NY,LONG,20.259999999999764,5.632499999999959,3.596981802041706,0.19829028061698223,-2049.9999999999764,2001.9999999999764,low,expanded
2025-05-05,6,Mon,LON,LONG,5.25,2.966499999999928,1.7697623461992678,0.14900773629330538,501.0,-549.0,low,expanded
2025-05-05,14,Mon,NY,LONG,5.199999999999818,3.4691999999999323,1.4989046466043814,0.23131392604250642,495.9999999999818,-543.9999999999818,low,normal
2025-05-06,7,Tue,LON,LONG,9.329999999999927,4.316999999999984,2.1612230715774756,0.013195342820186574,908.9999999999927,-956.9999999999927,low,expanded
2025-05-06,13,Tue,NY,LONG,8.090000000000146,4.196499999999969,1.927796973668582,0.46359793330202115,-833.0000000000146,785.0000000000146,mid,expanded
2025-05-07,7,Wed,LON,LONG,8.11999999999989,3.647999999999956,2.225877192982453,0.30125523012553135,-835.9999999999891,787.9999999999891,mid,expanded
2025-05-07,13,Wed,NY,LONG,10.720000000000255,3.9589999999999463,2.707754483455519,0.021276595744680302,-1096.0000000000255,1048.0000000000255,low,expanded
2025-05-07,23,Wed,ASIA,LONG,10.350000000000364,3.6242000000000187,2.855802659897442,0.08731019522775897,1011.0000000000364,-1059.0000000000364,low,expanded
2025-05-08,14,Thu,NY,SHORT,10.140000000000327,4.355300000000057,2.3281978279338267,0.36980830670927545,990.0000000000327,-1038.0000000000327,mid,expanded
2025-05-09,14,Fri,NY,SHORT,11.7199999999998,3.241999999999939,3.6150524367674337,0.3581357318070403,-1195.99999999998,1147.99999999998,mid,expanded
2025-05-11,22,Sun,ASIA,SHORT,22.205000000000382,6.320249999999987,3.513310391202947,0.7062517841849851,-417.50000000004,369.50000000004,high,expanded
2025-05-12,7,Mon,LON,SHORT,8.680000000000291,3.394500000000062,2.557077625570815,0.05342551854180591,844.0000000000291,-892.0000000000291,low,expanded
2025-05-12,13,Mon,NY,SHORT,14.649999999999636,5.2214999999999465,2.8057071722684643,0.3552881570614374,-1488.9999999999636,1440.9999999999636,mid,expanded
2025-05-12,22,Mon,ASIA,SHORT,8.970000000000255,2.325999999999999,3.85640584694766,0.024567788898996905,-921.0000000000255,873.0000000000255,low,expanded
2025-05-13,13,Tue,NY,SHORT,10.640000000000327,4.647999999999956,2.289156626506116,0.19598236158745852,1040.0000000000327,-1088.0000000000327,low,expanded
2025-05-14,6,Wed,LON,SHORT,6.639999999999873,3.1729499999999917,2.092689768196754,0.0773908236594693,-687.9999999999873,639.9999999999873,low,expanded
2025-05-15,22,Thu,ASIA,LONG,11.083999999999833,2.577400000000034,4.300457825715716,0.6856158484065148,-1132.3999999999833,1084.3999999999833,high,expanded
2025-05-18,22,Sun,ASIA,LONG,30.690000000000055,5.122699999999918,5.990981318445457,0.7482933660073622,-1216.0000000000073,1168.0000000000073,high,expanded
2025-05-20,6,Tue,LON,SHORT,9.859999999999673,3.37300000000007,2.923213756299872,0.02623160588612188,-1009.9999999999673,961.9999999999673,low,expanded
2025-05-20,13,Tue,NY,LONG,9.580000000000382,3.867000000000007,2.4773726402897243,0.0668069437138315,934.0000000000382,-982.0000000000382,low,expanded
2025-05-21,6,Wed,LON,LONG,7.7400000000002365,3.6614999999999553,2.113887750921844,0.32007051120625324,-798.0000000000236,750.0000000000236,mid,expanded
2025-05-21,13,Wed,NY,LONG,7.51299999999992,4.907999999999925,1.5307660961695262,0.1205583419579032,-775.299999999992,727.299999999992,low,expanded
2025-05-21,23,Wed,ASIA,LONG,5.913000000000011,2.746149999999898,2.153196292992091,0.12417218543045176,567.3000000000011,-615.3000000000011,low,expanded
2025-05-23,6,Fri,LON,LONG,7.182999999999993,3.2470000000000483,2.2121958731136084,0.3130935251798503,-742.2999999999993,694.2999999999993,mid,expanded
2025-05-26,13,Mon,NY,LONG,7.230000000000018,2.4641500000000405,2.9340746301969847,0.22725476814768847,312.3000000000284,-360.3000000000284,low,expanded
2025-05-26,22,Mon,ASIA,LONG,4.950000000000273,1.3651499999998804,3.6259751675645213,0.41415662650600366,-519.0000000000273,471.0000000000273,mid,expanded
2025-05-27,6,Tue,LON,SHORT,8.913000000000011,3.76719999999998,2.365948184327898,0.5607590164620967,867.3000000000011,-915.3000000000011,mid,expanded
2025-05-27,13,Tue,NY,SHORT,6.407000000000153,3.133950000000027,2.0443848816988455,0.13582146979606907,616.7000000000153,-664.7000000000153,low,expanded
2025-05-27,23,Tue,ASIA,SHORT,5.562999999999647,1.537900000000036,3.617270303660522,0.12007750612640465,-580.2999999999647,532.2999999999647,low,expanded
2025-05-28,13,Wed,NY,SHORT,11.806999999999789,3.5064499999999725,3.367223259992266,0.06728400557978842,1156.699999999979,-1204.699999999979,low,expanded
2025-05-28,23,Wed,ASIA,SHORT,12.889999999999873,3.6497500000000174,3.531748749914326,0.40922721196574735,1264.9999999999873,-1312.9999999999873,mid,expanded
2025-05-29,13,Thu,NY,LONG,8.809999999999945,3.961050000000023,2.224157735953824,0.33174606916384863,-904.9999999999945,856.9999999999945,mid,expanded
2025-05-30,7,Fri,LON,SHORT,13.710000000000036,3.0752000000000406,4.4582466181060925,0.10251343172976493,-942.2999999999993,894.2999999999993,low,expanded
2025-05-30,13,Fri,NY,SHORT,14.450000000000273,5.853799999999955,2.468482011684783,0.07490857614722003,1421.0000000000273,-1469.0000000000273,low,expanded
2025-06-02,6,Mon,LON,LONG,14.349999999999909,2.940099999999961,4.880786367810653,0.7843598708983143,1410.999999999991,-1458.999999999991,high,expanded
2025-06-02,13,Mon,NY,LONG,5.800000000000182,3.352050000000008,1.7302844527975918,0.022200638268344418,556.0000000000182,-604.0000000000182,low,expanded
2025-06-02,23,Mon,ASIA,LONG,9.266999999999825,2.0885499999999864,4.437049627732104,0.49568965517242997,-950.6999999999825,902.6999999999825,mid,expanded
2025-06-03,22,Tue,ASIA,LONG,4.612999999999829,1.1788000000000012,3.9133016627076893,0.31331770400060827,-485.2999999999829,437.2999999999829,mid,expanded
2025-06-04,6,Wed,LON,LONG,6.663000000000011,3.306149999999957,2.0153350573930697,0.023849579416128072,642.3000000000011,-690.3000000000011,low,expanded
2025-06-04,14,Wed,NY,LONG,7.769999999999982,4.15645000000004,1.8693837289032482,0.25004450095359226,752.9999999999982,-800.9999999999982,low,expanded
2025-06-04,22,Wed,ASIA,LONG,2.75,1.6095999999998867,1.708499005964335,0.1547694251421244,-299.0,251.0,low,expanded
2025-06-05,6,Thu,LON,LONG,5.0900000000001455,2.4516999999999824,2.0761104539707884,0.08054522924409625,485.00000000001455,-533.0000000000146,low,expanded
2025-06-05,13,Thu,NY,LONG,14.242999999999938,5.719999999999959,2.490034965034972,0.2807340104603574,-1448.2999999999938,1400.2999999999938,low,expanded
2025-06-06,13,Fri,NY,SHORT,14.492999999999938,5.653899999999998,2.56336334211782,0.1340129902162278,1425.2999999999938,-1473.2999999999938,low,expanded
2025-06-08,22,Sun,ASIA,SHORT,9.590000000000146,2.4657500000000026,3.8892831795600267,0.174095238095227,935.0000000000146,-983.0000000000146,low,expanded
2025-06-09,22,Mon,ASIA,SHORT,5.733000000000175,1.6598499999999832,3.4539265596290223,0.2916943521594867,-597.3000000000175,549.3000000000175,low,expanded
2025-06-10,13,Tue,NY,LONG,10.680000000000291,3.190350000000012,3.3475950914477255,0.27272727272728253,-1092.000000000029,1044.000000000029,low,expanded
2025-06-10,23,Tue,ASIA,SHORT,3.8799999999996544,1.882249999999999,2.0613627307741567,0.5557255021923153,363.99999999996544,-411.99999999996544,mid,expanded
2025-06-11,7,Wed,LON,LONG,7.773000000000138,2.35654999999997,3.29846597780664,0.3388178415471175,753.3000000000138,-801.3000000000138,mid,expanded
2025-06-11,22,Wed,ASIA,LONG,8.86999999999989,2.443050000000062,3.6307075172426537,0.5971217600964329,862.9999999999891,-910.9999999999891,mid,expanded
2025-06-12,6,Thu,LON,LONG,9.98700000000008,2.3175500000000056,4.309292140406919,0.14259332541879643,-1022.700000000008,974.700000000008,low,expanded
2025-06-12,13,Thu,NY,LONG,14.753000000000156,4.591150000000061,3.213356130816889,0.1063474998354484,-1499.3000000000156,1451.3000000000156,low,expanded
2025-06-13,6,Fri,LON,LONG,7.570000000000164,3.382199999999989,2.2381881615517085,0.07980315222449938,-781.0000000000164,733.0000000000164,low,expanded
2025-06-13,13,Fri,NY,LONG,9.062999999999647,3.953600000000006,2.2923411574260504,0.4902046147148639,-930.2999999999647,882.2999999999647,mid,expanded
2025-06-16,13,Mon,NY,SHORT,11.98700000000008,3.4141500000000407,3.5109763777221086,0.10597302504816658,1174.700000000008,-1222.700000000008,low,expanded
2025-06-17,6,Tue,LON,SHORT,5.663000000000011,2.4596000000000915,2.30240689543007,0.28547768479777125,542.3000000000011,-590.3000000000011,low,expanded
2025-06-17,14,Tue,NY,SHORT,10.186999999999898,3.9335000000000493,2.589805516715335,0.04910905814718798,994.6999999999898,-1042.6999999999898,low,expanded
2025-06-17,22,Tue,ASIA,SHORT,6.429999999999836,2.160799999999972,2.9757497223250273,0.2574863001591052,618.9999999999836,-666.9999999999836,low,expanded
2025-06-18,6,Wed,LON,SHORT,4.819999999999709,2.71869999999999,1.7729061683892033,0.5788514129444048,457.9999999999709,-505.9999999999709,mid,expanded
2025-06-18,14,Wed,NY,SHORT,9.856999999999971,2.9243499999999587,3.370663566262626,0.3548172093178068,961.6999999999971,-1009.6999999999971,mid,expanded
2025-06-19,6,Thu,LON,SHORT,15.210000000000036,3.8119500000000244,3.9900838153700704,0.5761523046092305,-1545.0000000000036,1497.0000000000036,mid,expanded
2025-06-20,6,Fri,LON,SHORT,6.75,2.964350000000036,2.2770590517313805,0.40551125035602975,-699.0,651.0,mid,expanded
2025-06-23,6,Mon,LON,SHORT,6.0099999999997635,2.698999999999978,2.2267506483882222,0.10600335852223855,-624.9999999999764,576.9999999999764,low,expanded
2025-06-23,13,Mon,NY,LONG,9.340000000000146,3.4550000000000636,2.7033285094066493,0.212470214455916,910.0000000000146,-958.0000000000146,low,expanded
2025-06-24,6,Tue,LON,SHORT,11.220000000000255,3.553599999999983,3.1573615488519553,0.6887875452115165,66.0000000000091,-114.0000000000091,high,expanded
2025-06-24,13,Tue,NY,SHORT,7.75,4.629750000000035,1.6739564771315818,0.20251753753359605,751.0,-799.0,low,expanded
2025-06-24,22,Tue,ASIA,SHORT,4.212999999999738,1.455349999999953,2.8948362936749743,0.04374534623974623,-445.2999999999738,397.2999999999738,low,expanded
2025-06-25,6,Wed,LON,SHORT,4.230000000000018,1.5521999999999934,2.725164282953251,0.13344146269536755,-447.0000000000018,399.0000000000018,low,expanded
2025-06-25,13,Wed,NY,SHORT,7.856999999999971,2.876899999999955,2.731064687684693,0.2979049906592071,-809.6999999999971,761.6999999999971,low,expanded
2025-06-26,6,Thu,LON,LONG,6.230000000000018,1.9730000000000019,3.157627977698942,0.08354430379746995,599.0000000000018,-647.0000000000018,low,expanded
2025-06-26,13,Thu,NY,SHORT,9.23700000000008,4.805750000000034,1.9220725172969908,0.2903825305869602,-947.700000000008,899.700000000008,low,expanded
2025-06-26,22,Thu,ASIA,SHORT,6.792999999999665,1.693350000000055,4.011574689225172,0.3488257836297521,655.2999999999665,-703.2999999999665,mid,expanded
2025-06-27,6,Fri,LON,SHORT,7.3400000000001455,3.482950000000028,2.1074089493102357,0.03314812476321914,710.0000000000146,-758.0000000000146,low,expanded
2025-06-27,13,Fri,NY,SHORT,14.16000000000031,5.046649999999954,2.805821683691248,0.4119735992538942,-1440.000000000031,1392.000000000031,mid,expanded
2025-06-30,13,Mon,NY,SHORT,6.25,2.9501999999999953,2.118500440648095,0.13057396383241995,-649.0,601.0,low,expanded
2025-06-30,22,Mon,ASIA,LONG,5.606999999999971,1.7457500000000437,3.211800085922859,0.074810606060603,536.6999999999971,-584.6999999999971,low,expanded
2025-07-01,6,Tue,LON,LONG,5.650000000000091,1.9253999999999905,2.9344551781448627,0.37433925997117745,541.0000000000091,-589.0000000000091,mid,expanded
2025-07-01,22,Tue,ASIA,LONG,6.643000000000029,1.566050000000041,4.241882443089208,0.20913563749012243,-688.3000000000029,640.3000000000029,low,expanded
2025-07-04,14,Fri,NY,SHORT,3.4600000000000364,1.8479000000000496,1.8723956924075673,0.09889729230412486,-370.00000000000364,322.00000000000364,low,expanded
2025-07-06,22,Sun,ASIA,SHORT,9.393000000000029,2.013800000000083,4.664316218094966,0.04230860958739559,915.3000000000029,-963.3000000000029,low,expanded
2025-07-07,6,Mon,LON,SHORT,5.809999999999945,2.446749999999997,2.374578522529867,0.28783653602391585,556.9999999999945,-604.9999999999945,low,expanded
2025-07-07,13,Mon,NY,SHORT,5.799999999999727,3.4604499999999234,1.6760825904144998,0.2523767825869516,-603.9999999999727,555.9999999999727,low,expanded
2025-07-08,6,Tue,LON,LONG,4.5099999999997635,1.8671999999999798,2.4153813196228646,0.3806174059647604,-474.99999999997635,426.99999999997635,mid,expanded
2025-07-08,13,Tue,NY,SHORT,9.670000000000073,2.673850000000016,3.616508031490179,0.09123553664050024,943.0000000000073,-991.0000000000073,low,expanded
2025-07-09,6,Wed,LON,SHORT,5.380000000000109,2.512949999999955,2.1409100857558667,0.3280429455012208,-562.0000000000109,514.0000000000109,mid,expanded
2025-07-09,13,Wed,NY,SHORT,5.059999999999945,2.901199999999972,1.74410588721908,0.43818945893889844,-529.9999999999945,481.99999999999454,mid,expanded
2025-07-09,22,Wed,ASIA,LONG,8.13000000000011,1.4268999999999779,5.697666269535521,0.38565264293422846,333.29999999998654,-381.29999999998654,mid,expanded
2025-07-10,7,Thu,LON,LONG,7.420000000000073,1.9107499999999846,3.8832919010860305,0.26794157822842707,-766.0000000000073,718.0000000000073,low,expanded
2025-07-11,13,Fri,NY,LONG,8.307000000000244,3.545850000000064,2.3427386945302517,0.12299123977490241,806.7000000000244,-854.7000000000244,low,expanded
2025-07-13,22,Sun,ASIA,LONG,11.76700000000028,2.598500000000013,4.528381758707032,0.46870451237263056,-1200.700000000028,1152.700000000028,mid,expanded
2025-07-14,6,Mon,LON,LONG,4.850000000000364,2.049150000000054,2.3668350291585463,0.051077682981581975,461.0000000000364,-509.0000000000364,low,expanded
2025-07-14,13,Mon,NY,LONG,8.569999999999709,3.6316999999999324,2.359776413249957,0.3128245709481301,-880.9999999999709,832.9999999999709,mid,expanded
2025-07-16,7,Wed,LON,SHORT,4.389999999999873,1.4501500000000305,3.0272730407197743,0.17621708975828224,-462.99999999998727,414.99999999998727,low,expanded
2025-07-16,13,Wed,NY,SHORT,6.635999999999967,3.164650000000006,2.0969143507180745,0.10743582958453579,639.5999999999967,-687.5999999999967,low,expanded
2025-07-17,6,Thu,LON,SHORT,10.099999999999909,1.9308500000000095,5.230856876505094,0.5250344510794601,56.99999999999454,-104.99999999999454,mid,expanded
2025-07-17,22,Thu,ASIA,LONG,3.7829999999999018,1.1211499999999888,3.374213976720278,0.06401137980081772,-402.2999999999902,354.2999999999902,low,expanded
2025-07-21,6,Mon,LON,LONG,4.869999999999891,2.0735999999999875,2.348572530864159,0.5988610903659419,-510.9999999999891,462.9999999999891,mid,expanded
2025-07-21,13,Mon,NY,LONG,4.826999999999771,2.4565500000000156,1.9649508456981295,0.5710667792242773,458.6999999999771,-506.6999999999771,mid,expanded
2025-07-21,22,Mon,ASIA,LONG,3.230000000000018,0.976049999999941,3.3092566979152847,0.311052283256131,-347.0000000000018,299.0000000000018,mid,expanded
2025-07-22,13,Tue,NY,LONG,10.25,3.2944499999999834,3.11129323559321,0.6697184589331076,-1049.0,1001.0,high,expanded
2025-07-22,23,Tue,ASIA,LONG,4.5,1.4763999999999897,3.0479544838797286,0.24821098335608874,-474.0,426.0,low,expanded
2025-07-23,6,Wed,LON,LONG,4.279999999999745,1.9074999999999818,2.2437745740496915,0.009811409435398303,-451.99999999997453,403.99999999997453,low,expanded
2025-07-23,22,Wed,ASIA,SHORT,4.610000000000127,1.7494500000000017,2.635113892937851,0.08867740888937564,-485.00000000001273,437.00000000001273,low,expanded
2025-07-24,6,Thu,LON,SHORT,8.139999999999873,2.5361999999999396,3.2095260626133846,0.4073851953392819,789.9999999999873,-837.9999999999873,mid,expanded
2025-07-25,6,Fri,LON,SHORT,4.523000000000138,1.7723500000000285,2.551979010917745,0.2619565856815053,-476.3000000000138,428.3000000000138,low,expanded
2025-07-25,14,Fri,NY,SHORT,6.557000000000244,2.962750000000051,2.2131465699097563,0.038534711082922085,631.7000000000244,-679.7000000000244,low,expanded
2025-07-28,6,Mon,LON,SHORT,6.597000000000207,1.8247999999999593,3.6151907058309702,0.07616825225873022,12.299999999982901,-60.2999999999829,low,expanded
2025-07-28,13,Mon,NY,SHORT,4.074000000000069,2.669399999999996,1.5261856596988368,0.3624787775891544,383.4000000000069,-431.4000000000069,mid,expanded
2025-07-28,22,Mon,ASIA,SHORT,3.449999999999818,1.6807000000000472,2.0527161301836863,0.18823590978073423,-368.9999999999818,320.9999999999818,low,expanded
2025-07-29,7,Tue,LON,SHORT,5.139999999999873,1.9006499999999504,2.7043379896351283,0.35866552973782045,-537.9999999999873,489.99999999998727,mid,expanded
2025-07-29,13,Tue,NY,SHORT,4.7800000000002,2.7745999999999866,1.7227708498523113,0.11397072945876012,454.00000000002,-502.00000000002,low,expanded
2025-07-30,6,Wed,LON,SHORT,3.0599999999999454,1.9191000000000031,1.5944974206659062,0.15544731884389476,-329.99999999999454,281.99999999999454,low,expanded
2025-07-30,13,Wed,NY,SHORT,11.833000000000084,3.8241999999999505,3.0942419329533593,0.5305845721173119,1159.3000000000084,-1207.3000000000084,mid,expanded
2025-07-31,6,Thu,LON,SHORT,5.833000000000084,1.8962999999999965,3.075990085956913,0.3492110048689085,-607.3000000000084,559.3000000000084,mid,expanded
2025-07-31,13,Thu,NY,SHORT,5.663000000000011,2.857300000000032,1.981940993245353,0.12605407285056047,542.3000000000011,-590.3000000000011,low,expanded
2025-07-31,23,Thu,ASIA,SHORT,4.949999999999818,1.6067000000000007,3.0808489450425194,0.02078623807685874,-518.9999999999818,470.9999999999818,low,expanded
2025-08-01,6,Fri,LON,SHORT,5.860000000000127,1.9025999999999612,3.079995795227713,0.0940807526460189,562.0000000000127,-610.0000000000127,low,expanded
2025-08-01,14,Fri,NY,LONG,15.159999999999854,6.090000000000009,2.4893267651888067,0.7705435250250968,-601.9999999999745,553.9999999999745,high,expanded
2025-08-04,6,Mon,LON,LONG,7.400000000000091,1.7582999999999174,4.208610589774463,0.36411213016218724,-764.0000000000091,716.0000000000091,mid,expanded
2025-08-04,13,Mon,NY,LONG,10.57699999999977,2.8899499999999536,3.659924912195692,0.2720694645441485,-484.99999999996726,436.99999999996726,low,expanded
2025-08-04,23,Mon,ASIA,LONG,2.519999999999982,1.0996000000000095,2.2917424518006184,0.009093452714053346,227.99999999999818,-275.9999999999982,low,expanded
2025-08-05,7,Tue,LON,LONG,5.637000000000171,1.6474999999999909,3.421547799696633,0.15727846302507448,-587.7000000000171,539.7000000000171,low,expanded
2025-08-05,13,Tue,NY,LONG,5.7599999999997635,2.6055999999999813,2.2106232729504933,0.7290794553952114,551.9999999999764,-599.9999999999764,high,expanded
2025-08-05,23,Tue,ASIA,LONG,2.799999999999727,1.034599999999955,2.7063599458726553,0.006012325266792064,255.99999999997272,-303.9999999999727,low,expanded
2025-08-06,6,Wed,LON,LONG,4.760000000000218,1.6787999999999783,2.835358589468835,0.19715224534502382,-500.0000000000218,452.0000000000218,low,expanded
2025-08-06,13,Wed,NY,SHORT,4.309999999999945,2.5055999999999132,1.7201468710089778,0.14480806651335332,-454.99999999999454,406.99999999999454,low,expanded
2025-08-07,6,Thu,LON,LONG,6.110000000000127,2.1563999999999623,2.833426080504653,0.08787276341948264,587.0000000000127,-635.0000000000127,low,expanded
2025-08-07,13,Thu,NY,LONG,7.3960000000001855,3.4629499999999327,2.1357513102991175,0.22029225255032922,-763.6000000000186,715.6000000000186,low,expanded
2025-08-08,7,Fri,LON,LONG,6.3400000000001455,2.624199999999996,2.4159743921957757,0.20495583522238722,-658.0000000000146,610.0000000000146,low,expanded
2025-08-08,13,Fri,NY,LONG,9.010000000000218,4.8113000000000286,1.8726747448714827,0.11067368336479748,-925.0000000000218,877.0000000000218,low,expanded
2025-08-11,6,Mon,LON,SHORT,11.11999999999989,2.408600000000001,4.616789836419449,0.44203811623876316,1087.999999999989,-1135.999999999989,mid,expanded
2025-08-12,13,Tue,NY,SHORT,11.672999999999774,5.207750000000033,2.241467044308905,0.02092437597215262,-1191.2999999999774,1143.2999999999774,low,expanded
2025-08-13,13,Wed,NY,LONG,4.2590000000000146,2.9614000000000034,1.4381711352738602,0.08218572545818993,401.90000000000146,-449.90000000000146,low,normal
2025-08-14,6,Thu,LON,LONG,5.30600000000004,1.7024500000000444,3.1166847778201423,0.11798636601990277,-554.600000000004,506.600000000004,low,expanded
2025-08-14,13,Thu,NY,SHORT,11.230000000000018,3.930250000000001,2.8573245976719077,0.2559359545342937,1099.0000000000018,-1147.0000000000018,low,expanded
2025-08-14,22,Thu,ASIA,SHORT,5.059999999999945,1.2120000000000573,4.174917491748933,0.4639927073837764,-529.9999999999945,481.99999999999454,mid,expanded
2025-08-15,6,Fri,LON,SHORT,3.1599999999998545,1.9099499999999352,1.6544935731301667,0.17680881648298963,-339.99999999998545,291.99999999998545,low,expanded
2025-08-15,13,Fri,NY,SHORT,9.606999999999971,3.0786000000000286,3.120574287013539,0.14618379490193692,-189.0000000000091,141.0000000000091,low,expanded
2025-08-17,23,Sun,ASIA,SHORT,6.550000000000182,1.4559500000000072,4.498780864727601,0.20899647383966255,631.0000000000182,-679.0000000000182,low,expanded
2025-08-18,7,Mon,LON,LONG,5.037000000000262,2.112050000000022,2.3848867214318834,0.34407027818449276,-527.7000000000262,479.7000000000262,mid,expanded
2025-08-18,13,Mon,NY,SHORT,4.5300000000002,2.1430999999998903,2.1137604404836132,0.19496258826008972,429.00000000002,-477.00000000002,low,expanded
2025-08-18,23,Mon,ASIA,SHORT,1.9029999999997926,0.8576499999999442,2.218853844808391,0.1518631955079057,166.29999999997926,-214.29999999997926,low,expanded
2025-08-19,6,Tue,LON,SHORT,3.75,1.5738499999999704,2.3826921244083428,0.06306425916090008,-399.0,351.0,low,expanded
2025-08-19,23,Tue,ASIA,SHORT,2.099999999999909,0.925149999999985,2.2699021780251236,0.07547169811320407,185.9999999999909,-233.9999999999909,low,expanded
2025-08-20,6,Wed,LON,SHORT,3.619999999999891,1.3960000000000263,2.5931232091689274,0.26089050994428586,-385.9999999999891,337.9999999999891,low,expanded
2025-08-20,13,Wed,NY,LONG,4.893000000000029,2.28130000000001,2.144829702362691,0.5545314900153645,465.3000000000029,-513.3000000000029,mid,expanded
2025-08-21,13,Thu,NY,LONG,6.440000000000055,3.194499999999948,2.015964939740228,0.32938042001881707,-668.0000000000055,620.0000000000055,mid,expanded
2025-08-21,22,Thu,ASIA,LONG,2.580000000000382,0.8920000000000528,2.892376681614607,0.033474237404331635,-282.0000000000382,234.0000000000382,low,expanded
2025-08-22,6,Fri,LON,SHORT,3.4600000000000364,1.4774000000000114,2.341952077974827,0.06271196892148923,-370.00000000000364,322.00000000000364,low,expanded
2025-08-25,6,Mon,LON,LONG,4.7599999999997635,1.15649999999996,4.1158668396021865,0.30490051584376177,-499.99999999997635,451.99999999997635,mid,expanded
2025-08-25,13,Mon,NY,LONG,2.992999999999938,1.6251499999999168,1.8416761529705512,0.4065809379727679,275.2999999999938,-323.2999999999938,mid,expanded
2025-08-26,6,Tue,LON,LONG,4.25,1.732349999999974,2.4533148613155906,0.23541247484907965,-449.0,401.0,low,expanded
2025-08-26,13,Tue,NY,LONG,4.0,2.432849999999985,1.6441621966007047,0.23364485981308147,-424.0,376.0,low,expanded
2025-08-28,6,Thu,LON,LONG,3.769999999999982,1.3514999999999873,2.78949315575288,0.03746770025842257,352.9999999999982,-400.9999999999982,low,expanded
2025-08-28,13,Thu,NY,LONG,11.61999999999989,3.0896500000000287,3.760943796222803,0.02296819787986606,1137.999999999989,-1185.999999999989,low,expanded
2025-08-29,7,Fri,LON,LONG,2.300000000000182,1.1470000000000482,2.0052310374891764,0.3076142131979323,-254.0000000000182,206.0000000000182,mid,expanded
2025-08-29,13,Fri,NY,LONG,6.730000000000018,2.386550000000034,2.819970249942353,0.3377443348901381,649.0000000000018,-697.0000000000018,mid,expanded
2025-08-31,22,Sun,ASIA,LONG,6.600000000000364,2.572450000000072,2.5656475344516627,0.08258848766537466,-684.0000000000364,636.0000000000364,low,expanded
2025-09-01,6,Mon,LON,LONG,9.549999999999727,2.86375000000005,3.334788302051352,0.30434782608696,-978.9999999999727,930.9999999999727,mid,expanded
2025-09-01,13,Mon,NY,LONG,9.609999999999673,2.3220000000000254,4.138673557278022,0.3942457231726232,-353.9999999999727,305.9999999999727,mid,expanded
2025-09-01,22,Mon,ASIA,LONG,4.630000000000109,1.2478500000000394,3.7103818567936555,0.21269907795476997,-487.0000000000109,439.0000000000109,low,expanded
2025-09-02,13,Tue,NY,LONG,7.489999999999782,4.723949999999922,1.5855375268578003,0.011759069726927588,724.9999999999782,-772.9999999999782,low,expanded
2025-09-03,6,Wed,LON,LONG,5.230000000000018,2.4940499999999473,2.0969908381949556,0.16897364158442596,-547.0000000000018,499.0000000000018,low,expanded
2025-09-03,13,Wed,NY,LONG,11.970000000000255,3.8294000000001005,3.1258160547344076,0.3569801496908386,589.9999999999873,-637.9999999999873,mid,expanded
2025-09-03,22,Wed,ASIA,LONG,4.382999999999811,1.8996999999999615,2.307206401010633,0.03051876668586441,-462.2999999999811,414.2999999999811,low,expanded
2025-09-04,6,Thu,LON,LONG,14.490000000000236,2.9531500000000053,4.906625129099507,0.25494276795004045,45.99999999998181,-93.99999999998181,low,expanded
2025-09-04,13,Thu,NY,LONG,14.446999999999662,3.8847499999999626,3.7189008301692,0.21966765308444972,-1468.6999999999662,1420.6999999999662,low,expanded
2025-09-05,13,Fri,NY,LONG,11.820000000000164,7.092500000000041,1.6665491716602179,0.43205051112446774,1158.0000000000164,-1206.0000000000164,mid,expanded
2025-09-08,6,Mon,LON,LONG,4.950000000000273,2.3056499999999915,2.146900006505884,0.4456521739130589,471.0000000000273,-519.0000000000273,mid,expanded
2025-09-08,13,Mon,NY,LONG,8.757000000000062,3.4451000000000476,2.5418710632492356,0.22675877701917957,851.7000000000062,-899.7000000000062,low,expanded
2025-09-09,13,Tue,NY,LONG,15.29300000000012,3.7084499999999934,4.123825317855208,0.25294296732292576,-1553.300000000012,1505.300000000012,low,expanded
2025-09-09,22,Tue,ASIA,LONG,11.623000000000047,2.7582999999999855,4.213827357430341,0.1818486575442659,-292.2999999999993,244.29999999999927,low,expanded
2025-09-10,7,Wed,LON,LONG,6.639999999999873,1.9539999999999282,3.3981576253838877,0.047269920895238474,639.9999999999873,-687.9999999999873,low,expanded
2025-09-10,13,Wed,NY,LONG,7.5300000000002,3.9663000000000013,1.898494818848851,0.10991720331186605,-777.00000000002,729.00000000002,low,expanded
2025-09-11,13,Thu,NY,SHORT,16.949999999999818,6.631799999999953,2.5558671853795256,0.07285372608258117,-1718.9999999999818,1670.9999999999818,low,expanded
2025-09-12,13,Fri,NY,LONG,7.369999999999891,2.955350000000044,2.493782462314034,0.04955810688030978,-760.9999999999891,712.9999999999891,low,expanded
2025-09-15,13,Mon,NY,LONG,7.110000000000127,2.9686000000000377,2.3950683824024916,0.3287651778740381,687.0000000000127,-735.0000000000127,mid,expanded
2025-09-16,6,Tue,LON,LONG,5.436999999999898,1.7565500000000156,3.095271982010105,0.15436241610740953,519.6999999999898,-567.6999999999898,low,expanded
2025-09-16,13,Tue,NY,LONG,9.309999999999945,3.09350000000004,3.0095361241311864,0.13073599523241317,-954.9999999999945,906.9999999999945,low,expanded
2025-09-16,22,Tue,ASIA,LONG,2.6399999999998727,1.1194999999999253,2.358195623046046,0.05482126764794637,239.99999999998727,-287.99999999998727,low,expanded
2025-09-18,13,Thu,NY,SHORT,12.730000000000018,3.6293499999999996,3.507515119787295,0.3575645134086538,1249.0000000000018,-1297.0000000000018,mid,expanded
2025-09-18,22,Thu,ASIA,SHORT,3.0399999999999636,1.0842499999999973,2.8037814157251293,0.284725808117339,279.99999999999636,-327.99999999999636,low,expanded
2025-09-19,6,Fri,LON,SHORT,7.6599999999998545,2.51070000000002,3.0509419683752714,0.29899390125469943,-789.9999999999854,741.9999999999854,low,expanded
2025-09-22,6,Mon,LON,LONG,10.88000000000011,2.1,5.180952380952433,0.6569075937785384,1064.000000000011,-1112.000000000011,high,expanded
2025-09-22,23,Mon,ASIA,LONG,4.360000000000127,1.3160000000000083,3.313069908814666,0.25274579859733726,-460.00000000001273,412.00000000001273,low,expanded
2025-09-23,13,Tue,NY,LONG,6.932999999999993,3.2124000000000477,2.158199477026488,0.05581548058769286,-717.2999999999993,669.2999999999993,low,expanded
2025-09-23,23,Tue,ASIA,LONG,5.789000000000215,1.9297499999999446,2.9998704495402935,0.15038631346578185,-602.9000000000215,554.9000000000215,low,expanded
2025-09-24,7,Wed,LON,LONG,6.960000000000036,2.4871999999999845,2.7983274364747825,0.15155963302751277,-720.0000000000036,672.0000000000036,low,expanded
2025-09-25,22,Thu,ASIA,LONG,4.770000000000437,1.8385500000000092,2.594435832585686,0.01915529807513978,-501.00000000004366,453.00000000004366,low,expanded
2025-09-26,7,Fri,LON,SHORT,12.739999999999782,2.420649999999955,5.26304918100511,0.14844152498711147,-1297.9999999999782,1249.9999999999782,low,expanded
2025-09-26,14,Fri,NY,LONG,15.190000000000055,4.0590499999999565,3.74225496113628,0.12207328749238765,1495.0000000000055,-1543.0000000000055,low,expanded
2025-09-29,6,Mon,LON,LONG,7.579999999999927,4.372999999999979,1.7333638234621458,0.15947724364833282,-781.9999999999927,733.9999999999927,low,expanded
2025-09-29,13,Mon,NY,LONG,13.699999999999818,4.410549999999989,3.106188570586401,0.10274713389573967,872.0000000000036,-920.0000000000036,low,expanded
2025-09-30,13,Tue,NY,LONG,8.400000000000091,4.507200000000012,1.8636847710330293,0.002284148012789141,816.0000000000091,-864.0000000000091,low,expanded
2025-09-30,23,Tue,ASIA,LONG,6.6599999999998545,2.9494500000000246,2.258048110664632,0.016099738340762407,641.9999999999854,-689.9999999999854,low,expanded
2025-10-01,6,Wed,LON,LONG,11.170000000000073,3.169799999999964,3.5238816329106566,0.03735181075081672,1093.0000000000073,-1141.0000000000073,low,expanded
2025-10-01,13,Wed,NY,LONG,10.360000000000127,5.013850000000025,2.066276414332315,0.2868289222857717,-1060.0000000000127,1012.0000000000127,low,expanded
2025-10-02,7,Thu,LON,LONG,7.430000000000291,1.946850000000063,3.8164213986696716,0.4624812535553696,-767.0000000000291,719.0000000000291,mid,expanded
2025-10-02,13,Thu,NY,LONG,9.422999999999774,3.642800000000034,2.5867464587678946,0.25863425486311853,-966.2999999999774,918.2999999999774,low,expanded
2025-10-03,13,Fri,NY,LONG,14.346999999999753,3.6097000000000437,3.9745685236999138,0.47204418209918475,-1458.6999999999753,1410.6999999999753,mid,expanded
2025-10-05,22,Sun,ASIA,LONG,10.436999999999898,2.512400000000002,4.1541951918483875,0.2714156898106414,1019.6999999999898,-1067.6999999999898,low,expanded
2025-10-06,6,Mon,LON,LONG,10.25,4.602100000000019,2.227244084222411,0.14032639454200668,1001.0,-1049.0,low,expanded
2025-10-06,13,Mon,NY,LONG,6.3100000000004,4.5756999999999834,1.3790239744739434,0.0767702642653723,-655.00000000004,607.00000000004,low,normal
2025-10-07,23,Tue,ASIA,LONG,7.599999999999909,1.9382999999999584,3.920961667440578,0.4818014221754065,735.9999999999909,-783.9999999999909,mid,expanded
2025-10-08,6,Wed,LON,LONG,11.687000000000353,4.034900000000084,2.896478227465392,0.09756518735969383,1144.7000000000353,-1192.7000000000353,low,expanded
2025-10-10,6,Fri,LON,SHORT,8.269999999999982,3.9399999999999635,2.098984771573619,0.15128345166575963,802.9999999999982,-850.9999999999982,low,expanded
2025-10-10,13,Fri,NY,SHORT,15.220000000000255,5.405150000000026,2.815833048111557,0.04048653954009997,-1546.0000000000255,1498.0000000000255,low,expanded
2025-10-12,23,Sun,ASIA,LONG,44.309999999999945,8.7133499999999,5.085300142884247,0.38504317283769646,262.00000000001273,-310.00000000001273,mid,expanded
2025-10-13,6,Mon,LON,LONG,11.806999999999789,4.9051500000000035,2.4070619654852106,0.276006157906296,-97.99999999997817,49.99999999997817,low,expanded
2025-10-13,13,Mon,NY,LONG,14.760000000000218,3.9018499999999676,3.782820969540177,0.40097241249629684,1452.0000000000218,-1500.0000000000218,mid,expanded
2025-10-13,22,Mon,ASIA,LONG,5.493000000000393,2.76594999999993,1.985936115982043,0.0955812136470177,525.3000000000393,-573.3000000000393,low,expanded
2025-10-14,13,Tue,NY,LONG,22.197000000000116,6.696299999999837,3.3148156444604715,0.2971247121222867,2195.7000000000116,-2243.7000000000116,low,expanded
2025-10-14,23,Tue,ASIA,LONG,23.182999999999993,4.229649999999902,5.481068173489658,0.2406623809911157,2294.2999999999993,-2342.2999999999993,low,expanded
2025-10-15,6,Wed,LON,LONG,9.436999999999898,4.405549999999994,2.1420707970627757,0.26296123306866637,919.6999999999898,-967.6999999999898,low,expanded
2025-10-15,13,Wed,NY,LONG,14.95299999999952,6.145949999999902,2.432984323009422,0.0022977237217080564,-1519.299999999952,1471.299999999952,low,expanded
2025-10-15,22,Wed,ASIA,LONG,13.480000000000473,3.651350000000048,3.6917852301204475,0.005290406540889291,1324.0000000000473,-1372.0000000000473,low,expanded
2025-10-16,7,Thu,LON,LONG,23.780000000000655,6.596649999999954,3.6048600425975033,0.12646925125008338,1036.9999999999673,-1084.9999999999673,low,expanded
2025-10-16,13,Thu,NY,LONG,19.960000000000036,6.557499999999891,3.0438429279451573,0.15592948444458954,1972.0000000000036,-2020.0000000000036,low,expanded
2025-10-19,23,Sun,ASIA,SHORT,34.337000000000444,9.5800000000002,3.584237995824606,0.4060929983965723,-2289.7000000000153,2241.7000000000153,mid,expanded
2025-10-20,6,Mon,LON,SHORT,19.842999999999847,6.7011500000001885,2.961133536780894,0.4856225472707676,-2008.2999999999847,1960.2999999999847,mid,expanded
2025-10-20,14,Mon,NY,LONG,11.445999999999913,8.48100000000004,1.34960499941043,0.5406901828138889,1120.5999999999913,-1168.5999999999913,mid,normal
2025-10-21,6,Tue,LON,LONG,13.610000000000582,6.165200000000186,2.207552066437451,0.28864620598757834,-1385.0000000000582,1337.0000000000582,low,expanded
2025-10-21,13,Tue,NY,SHORT,21.480000000000473,12.133200000000215,1.7703491247156637,0.507451247551737,2124.0000000000473,-2172.0000000000473,mid,expanded
2025-10-22,22,Wed,ASIA,SHORT,23.360000000000127,7.664449999999988,3.0478377443913347,0.04894893498279231,2312.0000000000127,-2360.0000000000127,low,expanded
2025-10-23,22,Thu,ASIA,SHORT,15.200000000000728,5.126149999999962,2.9651882992110727,0.07338849156264386,-1544.0000000000728,1496.0000000000728,low,expanded
2025-10-27,6,Mon,LON,SHORT,7.617000000000189,4.587350000000038,1.6604357635672287,0.4563869255558096,737.7000000000189,-785.7000000000189,mid,expanded
2025-10-27,13,Mon,NY,SHORT,18.899999999999636,6.283450000000016,3.0079017100477583,0.14553647545974704,1865.9999999999636,-1913.9999999999636,low,expanded
2025-10-28,6,Tue,LON,SHORT,16.284999999999854,6.410299999999938,2.540442724989472,0.33955465212972136,1604.4999999999854,-1652.4999999999854,mid,expanded
2025-10-30,13,Thu,NY,LONG,17.342999999999847,7.338150000000018,2.3634022199055353,0.04921333233912539,1710.2999999999847,-1758.2999999999847,low,expanded
2025-10-30,22,Thu,ASIA,LONG,7.639999999999873,3.772250000000008,2.0253164556961645,0.044469087884676524,739.9999999999873,-787.9999999999873,low,expanded
2025-10-31,7,Fri,LON,LONG,12.740000000000236,5.036700000000019,2.529433954772011,0.0966534051018035,-1298.0000000000236,1250.0000000000236,low,expanded
2025-11-03,7,Mon,LON,LONG,8.510000000000218,4.30474999999999,1.9768859980254925,0.3288407302953865,827.0000000000218,-875.0000000000218,mid,expanded
2025-11-03,13,Mon,NY,LONG,7.540000000000418,3.5350000000000366,2.1329561527582293,0.25757677125844625,-778.0000000000418,730.0000000000418,low,expanded
2025-11-04,13,Tue,NY,SHORT,13.059999999999945,4.245149999999944,3.07645195105005,0.29437219879451676,1281.9999999999945,-1329.9999999999945,low,expanded
2025-11-06,6,Thu,LON,LONG,5.069999999999709,2.6817000000000464,1.8905917887905512,0.008298755186714163,482.9999999999709,-530.9999999999709,low,expanded
2025-11-06,13,Thu,NY,LONG,12.409999999999854,3.504849999999942,3.5408077378489975,0.07309941520467923,-1264.9999999999854,1216.9999999999854,low,expanded
2025-11-07,6,Fri,LON,LONG,7.559999999999945,2.9085000000000036,2.599277978339328,0.06986806639239034,731.9999999999945,-779.9999999999945,low,expanded
2025-11-07,14,Fri,NY,LONG,9.86999999999989,4.122500000000014,2.3941782898726154,0.11931233271566659,-1010.9999999999891,962.9999999999891,low,expanded
2025-11-10,6,Mon,LON,LONG,6.929999999999836,3.3301999999999907,2.0809560987327655,0.5558698727015542,668.9999999999836,-716.9999999999836,mid,expanded
2025-11-11,13,Tue,NY,LONG,9.840000000000146,2.999850000000015,3.280164008200442,0.037783375314854394,-1008.0000000000146,960.0000000000146,low,expanded
2025-11-12,6,Wed,LON,LONG,12.789999999999964,3.7748499999999696,3.388214101222583,0.09240150093808015,1254.9999999999964,-1302.9999999999964,low,expanded
2025-11-12,13,Wed,NY,LONG,8.779999999999745,3.7257999999998903,2.356540877127061,0.03023880905613822,853.9999999999745,-901.9999999999745,low,expanded
2025-11-13,6,Thu,LON,LONG,8.704000000000633,4.525400000000127,1.9233658903081248,0.04182630906770708,846.4000000000633,-894.4000000000633,low,expanded
2025-11-14,13,Fri,NY,SHORT,66.40000000000009,11.033499999999957,6.018035981329619,0.7614904793171285,-5310.000000000013,5262.000000000013,high,expanded
2025-11-17,13,Mon,NY,SHORT,17.200000000000273,5.575999999999953,3.084648493543834,0.0070580686557594466,1696.0000000000273,-1744.0000000000273,low,expanded
2025-11-18,6,Tue,LON,SHORT,12.150000000000091,4.738999999999942,2.5638320320743277,0.10626825432486962,-1239.000000000009,1191.000000000009,low,expanded
2025-11-19,13,Wed,NY,LONG,14.480000000000473,4.3624999999999545,3.319197707736533,0.12954333643990001,1424.0000000000473,-1472.0000000000473,low,expanded
2025-11-20,13,Thu,NY,SHORT,13.230000000000018,5.60649999999996,2.3597609917060756,0.4997174609154419,1299.0000000000018,-1347.0000000000018,mid,expanded
2025-11-21,6,Fri,LON,SHORT,34.179999999999836,6.216149999999994,5.4985803109641616,0.24225467449160495,-2829.9999999999945,2781.9999999999945,low,expanded
2025-11-24,13,Mon,NY,LONG,8.970000000000255,3.931799999999953,2.2813978330536555,0.31826213782849644,-921.0000000000255,873.0000000000255,mid,expanded
2025-11-25,13,Tue,NY,LONG,17.289999999999964,5.093499999999949,3.3945224305487653,0.12701912401681717,-1752.9999999999964,1704.9999999999964,low,expanded
2025-11-27,6,Thu,LON,LONG,9.949999999999818,2.883999999999878,3.450069348127683,0.1074734422563208,970.9999999999818,-1018.9999999999818,low,expanded
2025-11-27,13,Thu,NY,LONG,5.069999999999709,2.5206500000000687,2.0113859520360107,0.3326948700865799,482.9999999999709,-530.9999999999709,mid,expanded
2025-11-28,6,Fri,LON,LONG,4.869999999999891,3.5580499999997754,1.368727252287123,0.09305873379097662,-510.9999999999891,462.9999999999891,low,normal
2025-11-28,13,Fri,NY,LONG,10.187000000000808,2.9083500000000186,3.5026733371158016,0.07908911161112128,994.7000000000808,-1042.7000000000808,low,expanded
2025-12-01,6,Mon,LON,LONG,7.769999999999527,5.527999999999929,1.4055716353110757,0.19717667772311506,752.9999999999527,-800.9999999999527,low,normal
2025-12-01,13,Mon,NY,LONG,12.140000000000327,4.5258499999998545,2.682369057746217,0.068465651359868,-1238.0000000000327,1190.0000000000327,low,expanded
2025-12-03,13,Wed,NY,LONG,12.027000000000044,3.54940000000006,3.388460021412025,0.4577503580477873,1178.7000000000044,-1226.7000000000044,mid,expanded
2025-12-05,7,Fri,LON,LONG,10.61999999999989,2.623649999999907,4.047796009376353,0.6020408163265246,-1085.999999999989,1037.999999999989,high,expanded
2025-12-05,13,Fri,NY,LONG,13.529999999999745,3.422649999999976,3.9530772939096432,0.30944786795896145,1328.9999999999745,-1376.9999999999745,mid,expanded
2025-12-08,6,Mon,LON,LONG,6.510000000000218,3.0548499999999876,2.131037530484392,0.21335601242417399,-675.0000000000218,627.0000000000218,low,expanded
2025-12-08,13,Mon,NY,SHORT,12.25,3.429000000000042,3.572470107903135,0.2364864864864635,1201.0,-1249.0,low,expanded
2025-12-11,6,Thu,LON,LONG,10.480000000000473,3.2711999999999533,3.203717290291215,0.043131083522770355,135.00000000001455,-183.00000000001455,low,expanded
2025-12-11,13,Thu,NY,LONG,17.25,3.3530000000000655,5.1446465851475285,0.003060183610990794,1701.0,-1749.0,low,expanded
2025-12-12,6,Fri,LON,LONG,5.11699999999928,2.499649999999838,2.0470865921227417,0.6370675291580071,487.69999999992797,-535.699999999928,high,expanded
2025-12-12,13,Fri,NY,LONG,18.029999999999745,4.114250000000084,4.382329707723006,0.03052064631955241,-1826.9999999999745,1778.9999999999745,low,expanded
2025-12-15,6,Mon,LON,LONG,6.287000000000262,3.11220000000003,2.020114388535506,0.6119746288423106,-652.7000000000262,604.7000000000262,high,expanded
2025-12-16,7,Tue,LON,SHORT,7.5600000000004,3.798850000000175,1.9900759440357088,0.05753424657533143,47.999999999934516,-95.99999999993452,low,expanded
2025-12-17,13,Wed,NY,LONG,16.520000000000437,3.2364499999999223,5.104358170217625,0.3324658425503843,1628.0000000000437,-1676.0000000000437,mid,expanded
2025-12-18,6,Thu,LON,LONG,4.800000000000182,2.5703500000000985,1.8674499581769013,0.10550268928420624,-504.0000000000182,456.0000000000182,low,expanded
2025-12-18,13,Thu,NY,LONG,9.479999999999563,3.1257999999999355,3.0328235971590503,0.18847227762265434,923.9999999999563,-971.9999999999563,low,expanded
2025-12-19,6,Fri,LON,SHORT,5.289999999999964,2.537349999999924,2.0848523065403364,0.3549975381585374,-552.9999999999964,504.99999999999636,mid,expanded
2025-12-19,13,Fri,NY,LONG,9.230000000000473,3.662499999999909,2.5201365187715226,0.18241373468119243,-947.0000000000473,899.0000000000473,low,expanded
2025-12-22,6,Mon,LON,LONG,6.514000000000124,4.05255000000002,1.607383005761827,0.07345709368085782,627.4000000000124,-675.4000000000124,low,expanded
2025-12-22,14,Mon,NY,LONG,14.010000000000218,3.8851500000000216,3.606038376896681,0.20240890512216905,-1425.0000000000218,1377.0000000000218,low,expanded
2025-12-23,6,Tue,LON,LONG,8.739999999999782,4.155549999999994,2.103211367929587,0.18506538514856888,849.9999999999782,-897.9999999999782,low,expanded
2025-12-24,6,Wed,LON,LONG,7.76299999999992,4.299000000000069,1.8057687834379614,0.292663828121158,-800.299999999992,752.299999999992,low,expanded
2025-12-26,6,Fri,LON,LONG,10.0,3.3855499999999212,2.95372982233322,0.32413793103444577,-1024.0,976.0,mid,expanded
2025-12-26,13,Fri,NY,LONG,16.329999999999927,3.7751500000000306,4.325655934201236,0.40201833270680104,1608.9999999999927,-1656.9999999999927,mid,expanded
2025-12-29,13,Mon,NY,SHORT,22.287999999999556,5.341899999999941,4.172298245942418,0.026409987777196647,2204.7999999999556,-2252.7999999999556,low,expanded
2025-12-30,6,Tue,LON,SHORT,14.216999999999643,4.657150000000138,3.0527253792553863,0.023461480670569832,-1445.6999999999643,1397.6999999999643,low,expanded
2025-12-30,13,Tue,NY,SHORT,14.143000000000029,4.905099999999993,2.8833255183380664,0.1927229108356671,1390.300000000003,-1438.300000000003,low,expanded
2026-01-05,6,Mon,LON,LONG,14.950000000000728,4.3211000000002056,3.459767188910235,0.3677648383047102,648.2999999999956,-696.2999999999956,mid,expanded
2026-01-05,14,Mon,NY,LONG,22.350000000000364,5.510300000000098,4.056040505961557,0.5022150931867048,2211.0000000000364,-2259.0000000000364,mid,expanded
2026-01-06,6,Tue,LON,LONG,9.890000000000327,3.8718499999999496,2.554334491263984,0.12114882506528787,965.0000000000327,-1013.0000000000327,low,expanded
2026-01-06,14,Tue,NY,LONG,13.050000000000182,3.7388500000000477,3.490378057424078,0.03291991206881825,1281.0000000000182,-1329.0000000000182,low,expanded
2026-01-07,13,Wed,NY,LONG,22.26000000000022,6.661200000000053,3.3417402269861345,0.11541872194203143,-2250.000000000022,2202.000000000022,low,expanded
2026-01-09,6,Fri,LON,LONG,7.600000000000364,3.789300000000094,2.0056474810651506,0.26620134501731546,-784.0000000000364,736.0000000000364,low,expanded
2026-01-09,13,Fri,NY,LONG,12.710000000000036,4.512650000000076,2.816526874452887,0.004915102770315999,-1295.0000000000036,-1295.0000000000036,low,expanded
2026-01-12,7,Mon,LON,LONG,11.159999999999854,3.856349999999975,2.893928196351453,0.11303369582687307,1091.9999999999854,-1139.9999999999854,low,expanded
2026-01-12,13,Mon,NY,LONG,22.590000000000146,4.295850000000018,5.258563497328828,0.4434824434824759,-2283.0000000000146,2235.0000000000146,mid,expanded
2026-01-13,13,Tue,NY,LONG,15.820000000000618,4.3491500000001455,3.637492383569224,0.25284018108825335,1558.0000000000618,-1606.0000000000618,low,expanded
2026-01-14,6,Wed,LON,LONG,16.75999999999931,5.374999999999955,3.1181395348836185,0.05717761557178087,-495.9999999999345,447.9999999999345,low,expanded
2026-01-16,6,Fri,LON,SHORT,8.8100000000004,3.6025999999999385,2.4454560595127273,0.110914344300501,857.00000000004,-905.00000000004,low,expanded
2026-01-19,6,Mon,LON,LONG,5.925999999999476,3.378250000000162,1.7541626581807717,0.16411997736275355,568.5999999999476,-616.5999999999476,low,expanded
2026-01-19,13,Mon,NY,LONG,5.0770000000002256,3.16569999999997,1.6037527245159913,0.396188998103121,-531.7000000000226,483.70000000002256,mid,expanded
2026-01-20,7,Tue,LON,LONG,9.75,4.950649999999996,1.9694383565794407,0.45972662346876014,951.0,-999.0,mid,expanded
2026-01-20,13,Tue,NY,LONG,12.5,3.768150000000105,3.3172777092206127,0.43182906392149306,1226.0,-1274.0,mid,expanded
2026-01-21,13,Wed,NY,LONG,13.11999999999989,5.235699999999952,2.505873140172281,0.11442155309032177,-1335.999999999989,1287.999999999989,low,expanded
2026-01-22,7,Thu,LON,LONG,12.989999999999782,4.859499999999889,2.6731145179545384,0.4942216179469724,-1322.9999999999782,1274.9999999999782,mid,expanded
2026-01-26,6,Mon,LON,LONG,16.909999999999854,8.001999999999862,2.113221694576374,0.15803417671215542,1666.9999999999854,-1714.9999999999854,low,expanded
2026-01-27,6,Tue,LON,LONG,10.730000000000473,6.2608000000000175,1.7138384870943717,0.2588289252407939,1049.0000000000473,-1097.0000000000473,low,expanded
2026-01-28,6,Wed,LON,LONG,13.909999999999854,6.817350000000033,2.0403822599690185,0.24432081594808894,1366.9999999999854,-1414.9999999999854,low,expanded
2026-01-29,14,Thu,NY,LONG,32.960000000000036,9.857349999999906,3.343697849827829,0.057393730135142984,-3320.0000000000036,3272.0000000000036,low,expanded
2026-01-30,6,Fri,LON,SHORT,49.75,19.6903499999999,2.526618368896452,0.22541088307928114,4951.0,-4999.0,low,expanded
2026-01-30,13,Fri,NY,SHORT,86.3100000000004,27.143449999999984,3.179772652334189,0.250318169865894,-8655.00000000004,8607.00000000004,low,expanded
2026-02-02,6,Mon,LON,SHORT,140.183,38.71005,3.621359311083297,0.6313424822688348,-14042.3,13994.3,high,expanded
2026-02-02,13,Mon,NY,SHORT,83.87299999999959,26.563600000000132,3.157441009501693,0.16065194081063525,8363.29999999996,-8411.29999999996,low,expanded
2026-02-03,13,Tue,NY,LONG,36.61999999999989,12.485150000000067,2.9330845043911924,0.19619261240276234,-3685.999999999989,3637.999999999989,low,expanded
2026-02-04,7,Wed,LON,LONG,31.850000000000364,8.328050000000076,3.8244246852504578,0.28866890118741323,-3209.0000000000364,3161.0000000000364,low,expanded
2026-02-04,13,Wed,NY,LONG,30.86999999999989,10.296000000000003,2.998251748251737,0.09209131521162849,-3110.999999999989,3062.999999999989,low,expanded
2026-02-06,6,Fri,LON,SHORT,55.30000000000018,13.699049999999989,4.036776272807255,0.23060718533698593,-1827.2999999999447,1779.2999999999447,low,expanded
2026-02-06,13,Fri,NY,LONG,31.08299999999963,12.032149999999955,2.58332883150557,0.1767774768819621,-3132.299999999963,3084.299999999963,low,expanded
2026-02-10,13,Tue,NY,LONG,19.530000000000655,7.841000000000031,2.490753730391605,0.18781061993199588,1929.0000000000655,-1977.0000000000655,low,expanded
2026-02-11,6,Wed,LON,LONG,12.179999999999382,5.199849999999924,2.342375260824747,0.09341169192700112,-1241.9999999999382,1193.9999999999382,low,expanded
2026-02-12,13,Thu,NY,LONG,22.949999999999818,5.573349999999982,4.117810652480087,0.03594771241830092,-2318.999999999982,2270.999999999982,low,expanded
2026-02-16,13,Mon,NY,SHORT,10.606999999999971,4.2987000000000535,2.467490171447144,0.174242886488904,1036.699999999997,-1084.699999999997,low,expanded
2026-02-17,13,Tue,NY,SHORT,22.470000000000255,6.663149999999996,3.3722788771077146,0.156530742759704,2223.0000000000255,-2271.0000000000255,low,expanded
2026-02-19,6,Thu,LON,LONG,5.760000000000218,3.2282000000000606,1.7842760671582027,0.7654417513682717,552.0000000000218,-600.0000000000218,high,expanded
2026-02-19,13,Thu,NY,LONG,13.0,5.554199999999855,2.340571099348302,0.06940837953539716,-1324.0,1276.0,low,expanded
2026-02-20,6,Fri,LON,LONG,17.567000000000007,4.387349999999924,4.004011533157899,0.4766449803264366,-1780.7000000000007,1732.7000000000007,mid,expanded
2026-02-20,13,Fri,NY,LONG,8.350000000000364,5.284149999999954,1.5801973827390283,0.11481570173338267,-859.0000000000364,811.0000000000364,low,expanded
2026-02-23,14,Mon,NY,LONG,21.783000000000357,5.078300000000081,4.289427564342399,0.07934408886539707,2154.3000000000357,-2202.3000000000357,low,expanded
2026-02-26,13,Thu,NY,SHORT,17.400000000000546,6.372200000000066,2.730611091930631,0.043592360402386586,1716.0000000000546,-1764.0000000000546,low,expanded
2026-03-02,6,Mon,LON,LONG,18.420000000000073,6.049200000000065,3.045030747867466,0.4949331766779044,1818.0000000000073,-1866.0000000000073,mid,expanded
2026-03-02,13,Mon,NY,LONG,28.61700000000019,9.258849999999848,3.0907726121495283,0.216266251525212,-2885.700000000019,2837.700000000019,low,expanded
2026-03-03,13,Tue,NY,SHORT,78.30000000000018,19.91940000000013,3.9308412904002967,0.15806168834103035,7806.000000000018,-7854.000000000018,low,expanded
2026-03-04,13,Wed,NY,SHORT,25.329999999999927,9.181350000000112,2.758853545502526,0.0030794272265330506,2508.9999999999927,-2556.9999999999927,low,expanded
2026-03-06,7,Fri,LON,SHORT,13.896999999999935,5.989699999999902,2.3201495901297498,0.242188910962609,-1413.6999999999935,1365.6999999999935,low,expanded
2026-03-09,6,Mon,LON,SHORT,14.849999999999454,10.29079999999999,1.443036498620075,0.3861239983129427,1460.9999999999454,-1508.9999999999454,mid,normal
2026-03-09,13,Mon,NY,SHORT,14.739999999999782,7.095149999999921,2.0774754585879007,0.11725293132327577,1449.9999999999782,-1497.9999999999782,low,expanded
2026-03-09,22,Mon,ASIA,LONG,32.55000000000018,7.842300000000023,4.150568073141819,0.029442640954830318,3231.000000000018,-3279.000000000018,low,expanded
2026-03-11,14,Wed,NY,LONG,20.780000000000655,7.787800000000061,2.668276021469541,0.059990978800178583,-495.00000000000364,447.00000000000364,low,expanded
2026-03-11,22,Wed,ASIA,SHORT,18.149999999999636,3.896399999999949,4.658145980905419,0.23794174529681747,1790.9999999999636,-1838.9999999999636,low,expanded
2026-03-13,6,Fri,LON,SHORT,19.139999999999418,5.046900000000005,3.792427034417048,0.22732413481113264,1889.9999999999418,-1937.9999999999418,low,expanded
2026-03-13,13,Fri,NY,SHORT,14.030000000000655,6.589000000000124,2.1293064197906193,0.21773566859943025,1379.0000000000655,-1427.0000000000655,low,expanded
2026-03-15,23,Sun,ASIA,SHORT,32.72999999999956,8.44464999999991,3.8758267068498884,0.03741363183780142,-3296.9999999999563,3248.9999999999563,low,expanded
2026-03-16,6,Mon,LON,SHORT,23.07000000000062,5.180850000000101,4.452937259330065,0.22335716717740636,2283.000000000062,-2331.000000000062,low,expanded
2026-03-16,22,Mon,ASIA,SHORT,17.390000000000327,5.38514999999993,3.229250810098243,0.16803725537301767,-1763.0000000000327,1715.0000000000327,low,expanded
2026-03-17,13,Tue,NY,SHORT,9.420000000000073,5.086549999999988,1.85194286893869,0.06018259735419135,-966.0000000000073,918.0000000000073,low,expanded
2026-03-17,22,Tue,ASIA,SHORT,8.210000000000036,3.0355000000000927,2.704661505517966,0.009357454772308023,-845.0000000000036,797.0000000000036,low,expanded
2026-03-19,6,Thu,LON,SHORT,29.329999999999927,6.9807000000000246,4.201584368329798,0.39136707947576344,2908.9999999999927,-2956.9999999999927,mid,expanded
2026-03-19,22,Thu,ASIA,SHORT,26.966999999999643,8.352999999999929,3.2284209266131776,0.3915933429258982,-2720.6999999999643,2672.6999999999643,mid,expanded
2026-03-20,6,Fri,LON,SHORT,20.949999999999818,9.216349999999967,2.273134158316459,0.3041898031297386,-2118.999999999982,2070.999999999982,mid,expanded
2026-03-20,13,Fri,NY,SHORT,25.36699999999928,10.229850000000079,2.4797040034799225,0.05804615228220244,2512.699999999928,-2560.699999999928,low,expanded
2026-03-23,6,Mon,LON,SHORT,71.25,18.149399999999968,3.9257496115574138,0.564082022107804,7101.0,-7149.0,mid,expanded
2026-03-23,13,Mon,NY,SHORT,79.89699999999993,28.928000000000065,2.7619261615044164,0.05295261076479716,-8013.699999999993,7965.699999999993,low,expanded
2026-03-24,13,Tue,NY,SHORT,33.28700000000026,17.586150000000043,1.8927963198312412,0.36496544824848914,-3352.700000000026,3304.700000000026,mid,expanded
2026-03-24,22,Tue,ASIA,SHORT,17.470000000000255,14.62765000000004,1.19431350900522,0.4245341821636732,-1771.0000000000255,1723.0000000000255,mid,normal
2026-03-25,7,Wed,LON,LONG,23.98700000000008,7.819249999999966,3.0676855197109933,0.2149779735682806,-2422.700000000008,2374.700000000008,low,expanded
2026-03-25,13,Wed,NY,LONG,30.089999999999236,12.178199999999924,2.4708084938660413,0.06745893610303468,-3032.9999999999236,2984.9999999999236,low,expanded
2026-03-25,22,Wed,ASIA,LONG,26.436999999999898,9.977350000000115,2.649701574065217,0.026618641834311896,-2667.69999999999,2619.69999999999,low,expanded
2026-03-27,7,Fri,LON,SHORT,20.960000000000036,7.424199999999973,2.823199806039723,0.23527416619558605,2072.0000000000036,-2120.0000000000036,low,expanded
2026-03-27,13,Fri,NY,SHORT,25.533000000000357,8.81619999999998,2.8961457317211963,0.012725944430042073,-2577.3000000000357,2529.3000000000357,low,expanded
2026-03-30,6,Mon,LON,LONG,18.800000000000182,7.4990500000000795,2.5069842180009445,0.47396607450396605,-1904.0000000000182,1856.0000000000182,mid,expanded
2026-03-31,13,Tue,NY,LONG,20.13000000000011,8.991400000000066,2.2388059701492495,0.13237988775310086,1989.000000000011,-2037.000000000011,low,expanded
2026-03-31,22,Tue,ASIA,LONG,23.603000000000065,7.848949999999968,3.0071538231228585,0.11941014431180472,-2384.3000000000065,2336.3000000000065,low,expanded
2026-04-01,6,Wed,LON,LONG,28.779999999999745,6.957550000000128,4.136513571587587,0.41103179753406394,2853.9999999999745,-2901.9999999999745,mid,expanded
2026-04-01,13,Wed,NY,LONG,26.140000000000327,10.508450000000085,2.4875219466239185,0.2020650303414568,2590.0000000000327,-2638.0000000000327,low,expanded
2026-04-01,22,Wed,ASIA,LONG,25.859999999999673,6.344850000000133,4.075746471547654,0.09624197983501183,2561.9999999999673,-2609.9999999999673,low,expanded
2026-04-06,13,Mon,NY,LONG,17.76000000000022,7.113700000000108,2.4965910848081796,0.19714365723886243,1752.0000000000218,-1800.0000000000218,low,expanded
2026-04-07,13,Tue,NY,SHORT,14.739999999999782,8.063799999999992,1.8279223195019465,0.034377070907882674,-1497.9999999999782,1449.9999999999782,low,expanded
2026-04-07,22,Tue,ASIA,LONG,33.40700000000015,10.736250000000018,3.111607870532085,0.31131956685973355,-3364.7000000000153,3316.7000000000153,mid,expanded
2026-04-08,6,Wed,LON,LONG,15.539999999999964,6.748000000000002,2.3029045643153467,0.5232930051453165,-1577.9999999999964,1529.9999999999964,mid,expanded
2026-04-09,6,Thu,LON,SHORT,13.909999999999854,6.446249999999964,2.1578437075819172,0.0388783852155631,-1414.9999999999854,1366.9999999999854,low,expanded
2026-04-09,13,Thu,NY,LONG,20.029999999999745,6.289849999999933,3.184495655699255,0.07150693519316229,1978.9999999999745,-2026.9999999999745,low,expanded
2026-04-10,14,Fri,NY,LONG,14.050000000000182,7.392000000000098,1.9007034632034625,0.17103417933842158,1381.0000000000182,-1429.0000000000182,low,expanded
2026-04-13,6,Mon,LON,SHORT,8.520000000000437,4.905349999999953,1.7368791217753101,0.27447003821275884,-876.0000000000437,828.0000000000437,low,expanded
2026-04-13,13,Mon,NY,SHORT,14.61999999999989,6.3592000000000555,2.299031324694893,0.3936257943502079,-1485.999999999989,1437.999999999989,mid,expanded
2026-04-13,22,Mon,ASIA,LONG,13.407000000000153,3.6776999999999136,3.645484949832903,0.2659806672902971,1316.7000000000153,-1364.7000000000153,low,expanded
2026-04-14,6,Tue,LON,LONG,10.006999999999607,4.341550000000052,2.304937176814614,0.16389287826308446,976.6999999999607,-1024.6999999999607,low,expanded
2026-04-14,13,Tue,NY,LONG,21.329999999999927,7.006699999999955,3.044229095009072,0.091324200913242,2108.9999999999927,-2156.9999999999927,low,expanded
2026-04-15,13,Wed,NY,LONG,13.590000000000146,4.994049999999925,2.7212382735455893,0.3744387907812114,-1383.0000000000146,1335.0000000000146,mid,expanded
2026-04-15,22,Wed,ASIA,LONG,15.010000000000218,3.714200000000028,4.0412471057024675,0.062165058949620586,1477.0000000000218,-1525.0000000000218,low,expanded
2026-04-16,6,Thu,LON,LONG,13.730000000000473,4.370450000000028,3.1415529293323075,0.3126589155709887,-1397.0000000000473,1349.0000000000473,mid,expanded
2026-04-16,13,Thu,NY,LONG,9.0,4.85015000000003,1.8556127130088644,0.017702777266885482,-924.0,876.0,low,expanded
2026-04-17,6,Fri,LON,SHORT,12.127000000000407,4.456550000000197,2.7211632316477705,0.3666814224583089,-1236.7000000000407,1188.7000000000407,mid,expanded
2026-04-21,6,Tue,LON,SHORT,15.170000000000073,5.166999999999962,2.935939616798952,0.24028268551239057,-1541.0000000000073,1493.0000000000073,low,expanded
2026-04-22,22,Wed,ASIA,SHORT,14.029999999999745,3.1121999999999845,4.508065034380764,0.22239502332817274,1378.9999999999745,-1426.9999999999745,low,expanded
2026-04-23,7,Thu,LON,SHORT,9.769999999999527,4.629350000000022,2.110447471027138,0.27146814404428476,-1000.9999999999527,952.9999999999527,low,expanded
2026-04-23,14,Thu,NY,SHORT,16.9399999999996,7.275849999999901,2.3282503075241836,0.30715935334872724,-1717.99999999996,1669.99999999996,mid,expanded
2026-04-23,22,Thu,ASIA,SHORT,10.139999999999418,4.018500000000086,2.523329600597039,0.12652068126519847,-1037.9999999999418,989.9999999999418,low,expanded
2026-04-24,6,Fri,LON,SHORT,18.139999999999418,4.061999999999989,4.465780403741868,0.09999999999999187,-1837.9999999999418,1789.9999999999418,low,expanded
2026-04-24,13,Fri,NY,SHORT,12.099999999999454,6.062000000000035,1.9960409105904626,0.1285941083083439,-1233.9999999999454,1185.9999999999454,low,expanded
2026-04-26,23,Sun,ASIA,SHORT,24.050000000000182,4.873000000000047,4.935358095628965,0.5093039283253001,-2429.000000000018,2381.000000000018,mid,expanded
2026-04-27,7,Mon,LON,LONG,6.4299999999993815,3.2130000000000107,2.0012449424212138,0.32534930139719276,-666.9999999999382,618.9999999999382,mid,expanded
2026-04-27,13,Mon,NY,SHORT,10.180000000000291,4.782500000000164,2.1285938316779807,0.07966457023060541,994.0000000000291,-1042.000000000029,low,expanded
2026-04-28,6,Tue,LON,SHORT,19.56999999999971,7.139399999999933,2.7411267053253625,0.3860492115192276,1179.9999999999964,-1227.9999999999964,mid,expanded
2026-04-28,13,Tue,NY,SHORT,23.470000000000255,9.947499999999991,2.359386780598168,0.25671641791044564,-1010.2999999999374,962.2999999999374,low,expanded
2026-04-28,22,Tue,ASIA,SHORT,5.657000000000153,2.6770499999999173,2.113146934125372,0.08311784263022443,541.7000000000153,-589.7000000000153,low,expanded
2026-04-29,6,Wed,LON,SHORT,17.43000000000029,4.396150000000034,3.9648328651206524,0.43992606284656366,1719.000000000029,-1767.000000000029,mid,expanded
2026-04-29,13,Wed,NY,SHORT,18.720000000000255,6.1395000000000435,3.049108233569529,0.45919828203293167,1848.0000000000255,-1896.0000000000255,mid,expanded
2026-05-04,6,Mon,LON,SHORT,13.049999999999272,6.064349999999786,2.1519206510177895,0.2659588921452725,1280.9999999999272,-1328.9999999999272,low,expanded
2026-05-04,13,Mon,NY,SHORT,19.13500000000022,6.673100000000067,2.8674828790217477,0.08759244042727848,-1937.5000000000218,1889.5000000000218,low,expanded
2026-05-04,22,Mon,ASIA,SHORT,7.260000000000218,3.0006499999999505,2.419475780247726,0.06134301270419434,-750.0000000000218,702.0000000000218,low,expanded
2026-05-05,22,Tue,ASIA,SHORT,13.0,2.870150000000012,4.529379997561084,0.47476948216157194,-1324.0,1276.0,mid,expanded
2026-05-06,6,Wed,LON,LONG,9.760000000000218,5.162350000000015,1.8906118337579183,0.26228967337511744,952.0000000000218,-1000.0000000000218,low,expanded
2026-05-06,13,Wed,NY,LONG,23.659999999999854,8.768350000000009,2.6983411930408607,0.15455325407525175,2341.9999999999854,-2389.9999999999854,low,expanded
2026-05-07,6,Thu,LON,LONG,16.75,3.9561999999999444,4.233860775491693,0.4888888888888889,1651.0,-1699.0,mid,expanded
2026-05-07,13,Thu,NY,LONG,19.06999999999971,6.7447000000000115,2.827405221877871,0.11440141736269585,-1930.999999999971,1882.999999999971,low,expanded
2026-05-08,13,Fri,NY,LONG,12.350000000000364,7.513849999999957,1.6436314272976482,0.14697760049095046,1211.0000000000364,-1259.0000000000364,low,expanded
2026-05-11,22,Mon,ASIA,LONG,11.050000000000182,3.1885000000000674,3.4655794260623956,0.3216286888307754,1081.0000000000182,-1129.0000000000182,mid,expanded
2026-05-12,13,Tue,NY,SHORT,29.700000000000728,7.534600000000182,3.941815093037455,0.2012077957727112,2946.0000000000728,-2994.0000000000728,low,expanded
2026-05-12,22,Tue,ASIA,LONG,19.015000000000327,5.582850000000053,3.4059664866511095,0.22455274521898597,-1925.5000000000327,1877.5000000000327,low,expanded
2026-05-13,6,Wed,LON,SHORT,11.9399999999996,4.716849999999795,2.5313503715403542,0.1540239546123174,1169.99999999996,-1217.99999999996,low,expanded
2026-05-13,13,Wed,NY,SHORT,11.170000000000073,5.909000000000015,1.8903367744119215,0.2446444644464585,1093.0000000000073,-1141.0000000000073,low,expanded
2026-05-14,13,Thu,NY,SHORT,19.74000000000069,6.823250000000053,2.893049499871841,0.11616537852685926,1950.0000000000691,-1998.0000000000691,low,expanded
2026-05-15,13,Fri,NY,SHORT,21.659999999999854,7.957849999999871,2.721840698178554,0.09121785540999988,2141.9999999999854,-2189.9999999999854,low,expanded
2026-05-18,14,Mon,NY,SHORT,14.920000000000073,7.415800000000081,2.011920494080195,0.20196651607760283,1468.0000000000073,-1516.0000000000073,low,expanded
2026-05-19,13,Tue,NY,SHORT,46.469999999999345,7.852699999999913,5.917709832286966,0.5326811916407352,-1672.9999999999782,1624.9999999999782,mid,expanded
2026-05-19,22,Tue,ASIA,SHORT,7.800000000000182,3.0441499999999904,2.56229160849505,0.3065784029789186,-804.0000000000182,756.0000000000182,mid,expanded
2026-05-20,6,Wed,LON,SHORT,10.732999999999265,6.068649999999797,1.7685976287971168,0.17265055070806018,-1097.2999999999265,1049.2999999999265,low,expanded
2026-05-20,13,Wed,NY,SHORT,16.8100000000004,4.920300000000088,3.416458346035831,0.06771191657312084,1657.00000000004,-1705.00000000004,low,expanded
2026-05-21,13,Thu,NY,SHORT,17.23999999999978,6.536500000000115,2.6374971314923092,0.19534598897734654,-1747.9999999999782,1699.9999999999782,low,expanded
2026-05-22,13,Fri,NY,SHORT,13.710000000000036,5.933350000000064,2.310667666663839,0.00690690690690751,1347.0000000000036,-1395.0000000000036,low,expanded
2026-05-24,22,Sun,ASIA,LONG,24.622999999999593,5.500850000000082,4.476217311869843,0.6246498599440018,1093.0000000000073,-1141.0000000000073,high,expanded
2026-05-25,6,Mon,LON,LONG,6.789999999999964,3.437899999999945,1.9750429040984532,0.2841680752008985,654.9999999999964,-702.9999999999964,low,expanded
2026-05-25,22,Mon,ASIA,LONG,6.447000000000116,2.481399999999849,2.598130087853836,0.024336283185836256,-668.7000000000116,620.7000000000116,low,expanded
2026-05-26,7,Tue,LON,SHORT,9.210000000000036,3.8724999999999907,2.3783085861846502,0.08684707363122962,-945.0000000000036,897.0000000000036,low,expanded
2026-05-26,13,Tue,NY,SHORT,11.61999999999989,6.6393499999999674,1.7501713270124255,0.13487126558621265,1137.999999999989,-1185.999999999989,low,expanded
2026-05-27,6,Wed,LON,SHORT,15.510000000000218,5.588299999999935,2.7754415475189944,0.4843775036051931,-746.0000000000255,698.0000000000255,mid,expanded
2026-05-27,23,Wed,ASIA,SHORT,10.579999999999927,3.4746500000001106,3.04491099822992,0.2518638573744034,1033.9999999999927,-1081.9999999999927,low,expanded
2026-05-28,13,Thu,NY,SHORT,14.077000000000226,7.400850000000128,1.9020788152712165,0.5265553869499142,-1431.7000000000226,1383.7000000000226,mid,expanded
2026-05-29,6,Fri,LON,LONG,12.590000000000146,5.01255000000001,2.5116956439337503,0.13131672597865005,-1283.0000000000146,1235.0000000000146,low,expanded
2026-05-29,13,Fri,NY,LONG,12.140000000000327,5.983200000000079,2.0290145741409558,0.02648894887800994,1190.0000000000327,-1238.0000000000327,low,expanded
2026-05-31,22,Sun,ASIA,LONG,18.859999999999673,4.835299999999916,3.900481872893099,0.26364369413419186,-826.9999999999745,778.9999999999745,low,expanded
2026-06-01,13,Mon,NY,SHORT,41.48000000000047,7.613199999999961,5.4484316713078185,0.6507560035576715,-725.299999999992,677.299999999992,high,expanded
2026-06-01,22,Mon,ASIA,SHORT,6.8400000000001455,2.4466999999999643,2.7956022397516023,0.09677698090381577,-708.0000000000146,660.0000000000146,low,expanded
2026-06-02,6,Tue,LON,LONG,16.98999999999978,4.712049999999908,3.6056493458261505,0.4537583803223347,-843.9999999999818,795.9999999999818,mid,expanded
2026-06-02,22,Tue,ASIA,SHORT,5.369999999999891,2.2358499999999366,2.40177113849321,0.1768941765810698,512.9999999999891,-560.9999999999891,low,expanded
2026-06-03,6,Wed,LON,SHORT,14.1899999999996,5.3875499999999645,2.633850265890747,0.1491023430368131,-1442.99999999996,1394.99999999996,low,expanded
2026-06-03,13,Wed,NY,SHORT,20.36999999999989,5.804500000000052,3.5093461969161353,0.273717512314291,626.0,-674.0,low,expanded
2026-06-04,13,Thu,NY,LONG,9.949999999999818,6.6938499999999745,1.4864390447948275,0.05466860183840198,-1018.9999999999818,970.9999999999818,low,normal
2026-06-04,22,Thu,ASIA,LONG,9.127000000000407,2.2355500000000577,4.082664221332635,0.02239522235256552,-936.7000000000407,888.7000000000407,low,expanded
2026-06-05,13,Fri,NY,SHORT,21.25,9.947850000000107,2.136139969943231,0.5353830298866358,2101.0,-2149.0,mid,expanded
2026-06-08,14,Mon,NY,SHORT,14.777000000000044,6.66555000000003,2.2169213343234957,0.12618025751071826,-1501.7000000000044,1453.7000000000044,low,expanded
2026-06-08,23,Mon,ASIA,SHORT,9.747000000000298,3.0657500000000253,3.1793199054065786,0.08301008533745208,950.7000000000298,-998.7000000000298,low,expanded
2026-06-09,6,Tue,LON,SHORT,10.730000000000473,5.0748500000001515,2.1143482073362074,0.1874761359297415,1049.0000000000473,-1097.0000000000473,low,expanded
2026-06-09,13,Tue,NY,SHORT,15.420000000000073,4.785199999999941,3.2224358438519314,0.20174102285093123,-1566.0000000000073,1518.0000000000073,low,expanded
2026-06-09,22,Tue,ASIA,SHORT,8.289999999999964,3.6479999999998656,2.2724780701755125,0.15712044999729852,804.9999999999964,-852.9999999999964,low,expanded
2026-06-10,6,Wed,LON,SHORT,16.64300000000003,6.540299999999979,2.544684494595062,0.6547186147185907,1640.300000000003,-1688.300000000003,high,expanded
2026-06-10,23,Wed,ASIA,SHORT,36.789999999999964,6.826550000000043,5.389252257728975,0.4847273733739275,-3702.9999999999964,3654.9999999999964,mid,expanded
2026-06-11,13,Thu,NY,SHORT,14.13000000000011,9.185850000000006,1.5382354382011574,0.12770827372747148,-1437.000000000011,1389.000000000011,low,expanded
2026-06-11,22,Thu,ASIA,LONG,14.930000000000291,5.4294499999999974,2.749818121540911,0.09904113045672633,1469.000000000029,-1517.000000000029,low,expanded
2026-06-12,13,Fri,NY,LONG,20.23999999999978,6.526700000000028,3.10110775736585,0.10971143987109322,-2047.9999999999782,1999.9999999999782,low,expanded
2026-06-15,7,Mon,LON,LONG,10.449999999999818,5.2663499999999654,1.9842965241580766,0.4442285270112799,1020.9999999999818,-1068.9999999999818,mid,expanded
2026-06-15,13,Mon,NY,LONG,14.8100000000004,5.39965000000002,2.7427703647459274,0.3424369747899345,-1505.00000000004,1457.00000000004,mid,expanded
2026-06-15,23,Mon,ASIA,LONG,9.38000000000011,3.7741999999999734,2.4852948969318467,0.29509052924792906,914.0000000000109,-962.0000000000109,low,expanded
2026-06-16,6,Tue,LON,LONG,6.3200000000006185,4.038000000000056,1.5651312530957233,0.16461207318267831,608.0000000000618,-656.0000000000618,low,expanded
2026-06-16,22,Tue,ASIA,LONG,6.400000000000546,2.6843999999999597,2.384145432871644,0.3469222462203157,-664.0000000000546,616.0000000000546,mid,expanded
2026-06-17,6,Wed,LON,LONG,9.5600000000004,3.9440000000000053,2.423935091277989,0.026737967914438762,-980.00000000004,932.00000000004,low,expanded
2026-06-17,13,Wed,NY,LONG,14.239999999999782,4.3782000000001515,3.2524781873827804,0.2554697394889076,1399.9999999999782,-1447.9999999999782,low,expanded
2026-06-18,14,Thu,NY,SHORT,18.4399999999996,7.084050000000071,2.603030752182638,0.3192364170337775,1819.99999999996,-1867.99999999996,mid,expanded
2026-06-18,23,Thu,ASIA,SHORT,10.539999999999964,3.3124999999999547,3.181886792452863,0.40260005445144287,1029.9999999999964,-1077.9999999999964,mid,expanded
2026-06-19,6,Fri,LON,SHORT,14.489999999999782,5.882849999999962,2.4630918687370706,0.1113561190738827,-1472.9999999999782,1424.9999999999782,low,expanded
2026-06-19,13,Fri,NY,SHORT,21.170000000000073,7.695350000000099,2.751011974763955,0.1084024378059781,985.9999999999454,-1033.9999999999454,low,expanded
2026-06-22,13,Mon,NY,SHORT,11.590000000000146,4.7122000000000295,2.4595730232163477,0.38973588146876326,-1183.0000000000146,1135.0000000000146,mid,expanded
2026-06-22,22,Mon,ASIA,SHORT,3.380000000000109,2.167699999999786,1.5592563546618272,0.36145169200587407,-362.0000000000109,314.0000000000109,mid,expanded
2026-06-23,6,Tue,LON,SHORT,15.920000000000073,8.847849999999926,1.799307176319694,0.21603567774195892,1568.0000000000073,-1616.0000000000073,low,expanded
2026-06-23,22,Tue,ASIA,SHORT,10.350000000000364,3.3048499999998966,3.1317608968639083,0.47729841122112243,1011.0000000000364,-1059.0000000000364,mid,expanded
2026-06-24,22,Wed,ASIA,SHORT,8.387000000000171,5.2875,1.5861938534279285,0.30813614461528827,814.7000000000171,-862.7000000000171,mid,expanded
2026-06-25,7,Thu,LON,SHORT,15.370000000000346,6.386999999999989,2.406450602786969,0.13798977853492328,-1561.0000000000346,1513.0000000000346,low,expanded
2026-06-25,13,Thu,NY,SHORT,22.270000000000437,9.802849999999967,2.271788306461948,0.45752457776657046,-2251.0000000000437,2203.0000000000437,mid,expanded
2026-06-26,13,Fri,NY,LONG,22.73999999999978,6.670049999999923,3.40926979557875,0.16621964050205226,2249.999999999978,-2297.999999999978,low,expanded
2026-06-29,6,Mon,LON,LONG,10.769999999999982,5.7875,1.8609071274298026,0.07137129109863483,-1100.9999999999982,1052.9999999999982,low,expanded
2026-06-29,13,Mon,NY,SHORT,14.20699999999988,5.465899999999988,2.5992059862053662,0.04075851892056579,1396.699999999988,-1444.699999999988,low,expanded
2026-06-29,22,Mon,ASIA,SHORT,7.179999999999836,2.6437999999999873,2.7157878810802143,0.03549215792320917,693.9999999999836,-741.9999999999836,low,expanded
2026-06-30,23,Tue,ASIA,SHORT,8.079999999999927,3.1720000000000255,2.5472887767969303,0.18121546961326135,783.9999999999927,-831.9999999999927,low,expanded
2026-07-01,7,Wed,LON,SHORT,14.259999999999764,4.391500000000065,3.247182056244917,0.3150755055029334,-1449.9999999999764,1401.9999999999764,mid,expanded
2026-07-01,13,Wed,NY,LONG,34.51999999999998,7.31099999999999,4.721652304746277,0.17339601769911306,3427.999999999998,-3475.999999999998,low,expanded
2026-07-01,22,Wed,ASIA,LONG,8.739999999999782,4.433999999999924,1.9711321605773415,0.2514409221902004,-897.9999999999782,849.9999999999782,low,expanded
2026-07-02,13,Thu,NY,LONG,19.979999999999563,11.426999999999907,1.748490417432373,0.2703172254037718,-2021.9999999999563,1973.9999999999563,low,expanded
2026-07-02,23,Thu,ASIA,LONG,5.519999999999527,2.9974999999999,1.8415346121767175,0.22984092155788588,-575.9999999999527,527.9999999999527,low,expanded
2026-07-03,6,Fri,LON,LONG,11.3799999999992,4.5294999999999614,2.512418589248106,0.2158167036215911,1113.99999999992,-1161.99999999992,low,expanded
2026-07-05,22,Sun,ASIA,LONG,13.710000000000036,3.7695000000001073,3.6370871468363566,0.47499277247753735,1347.0000000000036,-1395.0000000000036,mid,expanded
2026-07-06,6,Mon,LON,LONG,11.009999999999309,4.695999999999913,2.3445485519590106,0.07776261937244766,-1124.9999999999309,1076.9999999999309,low,expanded
2026-07-06,13,Mon,NY,LONG,11.829999999999927,5.487500000000091,2.155808656036397,0.19027902790279455,-1206.9999999999927,1158.9999999999927,low,expanded
2026-07-06,22,Mon,ASIA,LONG,6.260000000000218,1.8174999999999728,3.4442916093536793,0.1945441493180045,-650.0000000000218,602.0000000000218,low,expanded
2026-07-07,13,Tue,NY,LONG,18.339999999999236,6.807999999999947,2.6938895417155373,0.23253507156015582,-1857.9999999999236,1809.9999999999236,low,expanded
2026-07-08,7,Wed,LON,SHORT,11.569999999999709,4.423499999999967,2.6155759014354687,0.10914454277287342,1132.999999999971,-1180.999999999971,low,expanded
2026-07-08,14,Wed,NY,SHORT,18.84999999999991,7.421499999999947,2.5399178063733805,0.066237221677637,1860.999999999991,-1908.999999999991,low,expanded
2026-07-08,23,Wed,ASIA,SHORT,7.480000000000018,3.842000000000007,1.9469026548672577,0.12569758171671702,-772.0000000000018,724.0000000000018,low,expanded
2026-07-09,13,Thu,NY,LONG,20.519999999999527,5.945999999999913,3.4510595358223726,0.30416221985057934,712.9999999999891,-760.9999999999891,mid,expanded
2026-07-12,22,Sun,ASIA,SHORT,23.370000000000346,5.700000000000022,4.100000000000045,0.2789059262328948,-470.99999999998,422.99999999998,low,expanded
2026-07-13,13,Mon,NY,SHORT,9.139999999999873,4.669500000000016,1.9573830174536548,0.01687454145267968,889.9999999999873,-937.9999999999873,low,expanded
2026-07-13,23,Mon,ASIA,SHORT,6.380000000000109,2.855000000000041,2.2346760070052603,0.26580459770115566,614.0000000000109,-662.0000000000109,low,expanded
2026-07-14,6,Tue,LON,SHORT,10.190000000000055,3.5374999999999774,2.880565371024769,0.14576846872346547,860.0000000000146,-908.0000000000146,low,expanded
2026-07-14,14,Tue,NY,SHORT,15.5,11.222999999999933,1.381092399536674,0.3846710050614608,-1574.0,1526.0,mid,normal
2026-07-14,23,Tue,ASIA,LONG,7.820000000000164,3.05400000000011,2.5605762933856853,0.06174142480211525,758.0000000000164,-806.0000000000164,low,expanded
2026-07-15,7,Wed,LON,SHORT,14.099999999999909,4.298499999999922,3.280214028149393,0.14253457521873414,-1433.999999999991,1385.999999999991,low,expanded
2026-07-16,6,Thu,LON,SHORT,9.440000000000055,3.8370000000000575,2.4602554078707097,0.11446609936865615,-968.0000000000055,920.0000000000055,low,expanded
2026-07-16,22,Thu,ASIA,SHORT,5.630000000000109,2.838999999999987,1.9830926382529535,0.046353101567830325,-587.0000000000109,539.0000000000109,low,expanded
2026-07-19,22,Sun,ASIA,SHORT,13.099999999999909,4.025500000000034,3.2542541299216987,0.3004242190512872,-1333.999999999991,1285.999999999991,mid,expanded
