ts,open,high,low,close,adj close,volume
2009-06-01,44.72999954223633,45.099998474121094,43.38999938964844,43.40999984741211,37.56803512573242,10206600
2009-06-02,43.77000045776367,44.88999938964844,43.61000061035156,44.54999923706055,38.554622650146484,9135500
2009-06-03,43.7400016784668,43.83000183105469,41.29999923706055,42.15999984741211,36.48625946044922,10839900
2009-06-04,42.75,43.619998931884766,42.34000015258789,43.5099983215332,37.654579162597656,9864900
2009-06-05,42.25,43.25,40.81999969482422,41.33000183105469,35.76795959472656,10246700
2009-06-08,40.5,41.29999923706055,39.849998474121094,41.29999923706055,35.74199676513672,9576700
2009-06-09,42.08000183105469,42.099998474121094,40.900001525878906,41.09000015258789,35.56025314331055,5323900
2009-06-10,41.939998626708984,42.0,40.310001373291016,40.79999923706055,35.30927658081055,5776600
2009-06-11,40.5099983215332,41.709999084472656,40.099998474121094,40.91999816894531,35.41313171386719,5545000
2009-06-12,39.9900016784668,40.18000030517578,39.279998779296875,39.540000915527344,34.21885681152344,8795500
2009-06-15,39.279998779296875,39.380001068115234,37.68000030517578,37.970001220703125,32.86013412475586,8499000
2009-06-16,38.849998474121094,39.2400016784668,37.86000061035156,38.369998931884766,33.2062873840332,7023200
2009-06-17,38.130001068115234,38.43000030517578,37.130001068115234,38.22999954223633,33.08513641357422,8442100
2009-06-18,38.34000015258789,38.5,37.04999923706055,37.20000076293945,32.193756103515625,7646300
2009-06-19,37.709999084472656,38.68000030517578,37.560001373291016,38.38999938964844,33.22361373901367,8648000
2009-06-22,37.400001525878906,37.400001525878906,35.650001525878906,35.7400016784668,30.93023109436035,10768600
2009-06-23,36.18000030517578,37.33000183105469,35.459999084472656,37.33000183105469,32.3062629699707,8370100
2009-06-24,38.15999984741211,38.709999084472656,37.75,38.4900016784668,33.310150146484375,7890100
2009-06-25,38.5,40.0,38.29999923706055,39.9900016784668,34.6082878112793,6125500
2009-06-26,40.25,40.2599983215332,39.130001068115234,39.20000076293945,33.924598693847656,5540900
2009-06-29,39.5,39.709999084472656,38.86000061035156,39.150001525878906,33.88133239746094,4046600
2009-06-30,39.150001525878906,39.349998474121094,37.630001068115234,37.810001373291016,32.7216682434082,5487600
2009-07-01,38.70000076293945,39.91999816894531,38.599998474121094,39.40999984741211,34.10634994506836,5890300
2009-07-02,38.29999923706055,38.470001220703125,37.720001220703125,38.310001373291016,33.15438461303711,3867400
2009-07-06,36.95000076293945,37.209999084472656,36.18000030517578,36.939998626708984,31.968748092651367,6927900
2009-07-07,36.90999984741211,37.400001525878906,36.5,36.5099983215332,31.59661102294922,5481700
2009-07-08,36.29999923706055,36.58000183105469,34.45000076293945,35.189998626708984,30.454256057739258,11077700
2009-07-09,35.63999938964844,36.5,35.2599983215332,35.310001373291016,30.55810546875,4610400
2009-07-10,34.810001373291016,35.58000183105469,34.58000183105469,35.13999938964844,30.41098403930664,4228100
2009-07-13,35.0099983215332,35.93000030517578,34.04999923706055,35.93000030517578,31.094667434692383,5147500
2009-07-14,36.4900016784668,36.810001373291016,36.189998626708984,36.7599983215332,31.812965393066406,5434700
2009-07-15,38.099998474121094,38.61000061035156,38.040000915527344,38.290000915527344,33.1370735168457,6690700
2009-07-16,38.0,38.599998474121094,37.65999984741211,38.33000183105469,33.17168426513672,3940200
2009-07-17,38.400001525878906,38.939998626708984,38.11000061035156,38.63999938964844,33.43996810913086,3814700
2009-07-20,39.95000076293945,40.29999923706055,39.52000045776367,40.22999954223633,34.815982818603516,6699500
2009-07-21,40.689998626708984,40.689998626708984,38.849998474121094,39.7400016784668,34.39192581176758,6574700
2009-07-22,39.5,40.349998474121094,39.130001068115234,39.77000045776367,34.41789627075195,5225900
2009-07-23,39.54999923706055,40.689998626708984,39.439998626708984,39.959999084472656,34.58232879638672,5418300
2009-07-24,39.810001373291016,40.439998626708984,39.7400016784668,39.900001525878906,34.530399322509766,3454100
2009-07-27,40.310001373291016,40.459999084472656,39.66999816894531,39.849998474121094,34.48712921142578,3709900
2009-07-28,38.779998779296875,38.97999954223633,37.349998474121094,38.349998474121094,33.188995361328125,7435600
2009-07-29,37.7400016784668,37.86000061035156,37.02000045776367,37.18000030517578,32.17644500732422,6151800
2009-07-30,38.09000015258789,38.58000183105469,37.970001220703125,38.15999984741211,33.02456283569336,5209700
2009-07-31,38.290000915527344,40.04999923706055,38.09000015258789,39.77000045776367,34.41789627075195,5305800
2009-08-03,40.720001220703125,41.25,40.470001220703125,40.77000045776367,35.2833251953125,7058400
2009-08-04,40.70000076293945,41.869998931884766,40.34000015258789,41.08000183105469,35.55160140991211,4939600
2009-08-05,41.150001525878906,41.34000015258789,40.08000183105469,40.95000076293945,35.43909454345703,4436100
2009-08-06,41.33000183105469,41.400001525878906,40.290000915527344,40.849998474121094,35.35255432128906,5332000
2009-08-07,40.720001220703125,41.0,39.900001525878906,39.97999954223633,34.59963607788086,4095900
2009-08-10,39.31999969482422,39.459999084472656,38.91999816894531,39.099998474121094,33.83805847167969,3379200
2009-08-11,38.95000076293945,39.04999923706055,38.369998931884766,38.43000030517578,33.25822448730469,5056900
2009-08-12,38.31999969482422,39.209999084472656,38.220001220703125,38.790000915527344,33.56977462768555,3485200
2009-08-13,39.900001525878906,40.150001525878906,39.279998779296875,39.880001068115234,34.513092041015625,6098300
2009-08-14,40.15999984741211,40.20000076293945,38.79999923706055,39.209999084472656,33.933258056640625,4969200
2009-08-17,37.560001373291016,37.810001373291016,36.9900016784668,37.29999923706055,32.28030014038086,7318700
2009-08-18,37.529998779296875,38.13999938964844,37.5,37.869998931884766,32.77358627319336,4268600
2009-08-19,37.459999084472656,38.58000183105469,37.11000061035156,38.2400016784668,33.09379577636719,5892600
2009-08-20,37.9900016784668,38.86000061035156,37.939998626708984,38.61000061035156,33.41400146484375,2748200
2009-08-21,39.380001068115234,39.90999984741211,39.099998474121094,39.29999923706055,34.01114273071289,5600600
2009-08-24,39.400001525878906,40.0,38.790000915527344,38.88999938964844,33.65631866455078,5324000
2009-08-25,39.689998626708984,39.939998626708984,39.040000915527344,39.2400016784668,33.95922088623047,4862600
2009-08-26,39.18000030517578,39.18000030517578,38.43000030517578,38.81999969482422,33.595741271972656,4202000
2009-08-27,38.86000061035156,39.7400016784668,38.060001373291016,39.56999969482422,34.24480438232422,4836700
2009-08-28,40.209999084472656,40.630001068115234,39.77000045776367,40.18000030517578,34.7727165222168,5624400
2009-08-31,39.38999938964844,39.56999969482422,39.08000183105469,39.5099983215332,34.1928825378418,4245900
2009-09-01,39.099998474121094,39.77000045776367,38.34000015258789,38.790000915527344,33.56977462768555,6372400
2009-09-02,39.400001525878906,42.63999938964844,39.18000030517578,42.47999954223633,36.763187408447266,17974000
2009-09-03,43.150001525878906,45.18000030517578,42.70000076293945,44.650001525878906,38.64116287231445,23524600
2009-09-04,44.41999816894531,45.38999938964844,43.900001525878906,45.02000045776367,38.96136474609375,13293400
2009-09-08,46.97999954223633,47.45000076293945,45.029998779296875,45.11000061035156,39.03925704956055,21956700
2009-09-09,45.220001220703125,45.56999969482422,43.470001220703125,44.119998931884766,38.1824836730957,15785300
2009-09-10,43.790000915527344,45.79999923706055,43.599998474121094,45.540000915527344,39.411380767822266,16575600
2009-09-11,46.66999816894531,47.290000915527344,45.66999816894531,46.09000015258789,39.88737106323242,16190800
2009-09-14,45.2400016784668,46.0,45.040000915527344,45.38999938964844,39.28157424926758,12142500
2009-09-15,45.34000015258789,47.0,45.34000015258789,46.849998474121094,40.54508972167969,13140000
2009-09-16,48.04999923706055,48.36000061035156,47.63999938964844,48.0,41.54033660888672,16299400
2009-09-17,47.79999923706055,48.400001525878906,46.06999969482422,47.779998779296875,41.34994125366211,18540200
2009-09-18,47.25,47.29999923706055,45.369998931884766,45.91999816894531,39.74025344848633,13002600
2009-09-21,44.5,45.36000061035156,43.5,45.150001525878906,39.0738639831543,16952900
2009-09-22,46.72999954223633,46.84000015258789,45.869998931884766,46.2599983215332,40.034488677978516,9360600
2009-09-23,46.11000061035156,46.36000061035156,44.72999954223633,44.84000015258789,38.80559539794922,12289900
2009-09-24,45.34000015258789,45.470001220703125,43.25,43.7400016784668,37.85363006591797,11410300
2009-09-25,43.27000045776367,43.7400016784668,42.66999816894531,43.06999969482422,37.27379608154297,10547000
2009-09-28,43.290000915527344,44.380001068115234,43.0,43.040000915527344,37.24783706665039,5793200
2009-09-29,43.25,44.7400016784668,43.099998474121094,44.459999084472656,38.476741790771484,7640600
2009-09-30,45.400001525878906,45.65999984741211,43.83000183105469,45.290000915527344,39.19503402709961,10604900
2009-10-01,45.290000915527344,45.369998931884766,42.810001373291016,43.060001373291016,37.265140533447266,11245400
2009-10-02,42.63999938964844,44.220001220703125,42.279998779296875,42.7599983215332,37.0055046081543,13271500
2009-10-05,43.099998474121094,44.83000183105469,43.099998474121094,44.560001373291016,38.56327438354492,7808100
2009-10-06,46.58000183105469,48.06999969482422,46.349998474121094,47.599998474121094,41.194156646728516,17726600
2009-10-07,47.650001525878906,48.060001373291016,46.849998474121094,47.900001525878906,41.45378494262695,11827700
2009-10-08,48.540000915527344,49.52000045776367,47.689998626708984,48.689998626708984,42.13747024536133,17081400
2009-10-09,48.290000915527344,48.7599983215332,47.630001068115234,48.290000915527344,41.791297912597656,9855300
2009-10-12,48.939998626708984,49.400001525878906,47.880001068115234,48.279998779296875,41.782649993896484,7120900
2009-10-13,48.810001373291016,49.7400016784668,48.0099983215332,49.189998626708984,42.570186614990234,11942300
2009-10-14,49.599998474121094,49.72999954223633,48.97999954223633,49.130001068115234,42.51826477050781,8690600
2009-10-15,48.150001525878906,48.86000061035156,47.97999954223633,48.15999984741211,41.67880630493164,9913900
2009-10-16,47.97999954223633,48.86000061035156,47.599998474121094,48.380001068115234,41.869197845458984,12171200
2009-10-19,48.52000045776367,48.84000015258789,47.54999923706055,48.529998779296875,41.99900817871094,8294700
2009-10-20,48.720001220703125,48.72999954223633,46.810001373291016,47.5,41.10762023925781,8938200
2009-10-21,47.029998779296875,49.0,47.0099983215332,47.38999938964844,41.012420654296875,12517900
2009-10-22,47.060001373291016,47.52000045776367,46.34000015258789,46.9900016784668,40.666255950927734,10834100
2009-10-23,47.810001373291016,47.91999816894531,46.36000061035156,46.689998626708984,40.40662384033203,9369900
2009-10-26,46.790000915527344,47.400001525878906,44.380001068115234,44.689998626708984,38.675777435302734,14361100
2009-10-27,44.40999984741211,44.7400016784668,43.43000030517578,44.470001220703125,38.48538589477539,12606500
2009-10-28,43.900001525878906,44.40999984741211,41.61000061035156,41.869998931884766,36.235286712646484,18057500
2009-10-29,42.54999923706055,44.349998474121094,42.400001525878906,43.79999923706055,37.90555191040039,13254700
2009-10-30,43.5,43.529998779296875,40.91999816894531,42.369998931884766,36.66799545288086,17395900
2009-11-02,43.130001068115234,44.25,41.810001373291016,42.880001068115234,37.10935974121094,16954900
2009-11-03,42.400001525878906,46.189998626708984,42.20000076293945,46.18000030517578,39.96526336669922,22137000
2009-11-04,46.63999938964844,47.33000183105469,45.720001220703125,46.529998779296875,40.26816177368164,21205200
2009-11-05,46.650001525878906,47.0,46.040000915527344,46.720001220703125,40.432594299316406,11448800
2009-11-06,47.0,48.38999938964844,46.7599983215332,47.619998931884766,41.21147537231445,14085700
2009-11-09,49.150001525878906,50.20000076293945,49.04999923706055,49.279998779296875,42.6480712890625,15186300
2009-11-10,49.06999969482422,49.90999984741211,48.400001525878906,49.65999984741211,42.976932525634766,13192100
2009-11-11,50.869998931884766,50.88999938964844,49.650001525878906,49.900001525878906,43.18464279174805,12321100
2009-11-12,49.45000076293945,49.900001525878906,48.209999084472656,48.439998626708984,41.921112060546875,14504200
2009-11-13,48.439998626708984,50.029998779296875,48.31999969482422,49.779998779296875,43.08078384399414,13422500
2009-11-16,50.66999816894531,51.88999938964844,50.54999923706055,51.34000015258789,44.430850982666016,15491700
2009-11-17,50.470001220703125,51.59000015258789,50.18000030517578,51.529998779296875,44.595279693603516,10591000
2009-11-18,52.0,52.43000030517578,50.560001373291016,50.9900016784668,44.12794494628906,11689900
2009-11-19,50.290000915527344,51.349998474121094,49.27000045776367,51.099998474121094,44.223140716552734,12795700
2009-11-20,50.27000045776367,50.90999984741211,49.790000915527344,50.81999969482422,43.980831146240234,12129100
2009-11-23,52.34000015258789,53.11000061035156,51.38999938964844,51.68000030517578,44.725101470947266,13656800
2009-11-24,51.880001068115234,51.959999084472656,50.540000915527344,51.45000076293945,44.52604293823242,14639200
2009-11-25,52.16999816894531,52.959999084472656,51.849998474121094,52.83000183105469,45.7203254699707,10383300
2009-11-27,50.290000915527344,51.72999954223633,49.40999984741211,50.81999969482422,43.980831146240234,10088300
2009-11-30,50.63999938964844,51.59000015258789,50.380001068115234,51.11000061035156,44.23179244995117,14052600
2009-12-01,52.599998474121094,54.220001220703125,52.5,53.68000030517578,46.4559326171875,14080400
2009-12-02,54.470001220703125,55.400001525878906,54.209999084472656,54.779998779296875,47.40789794921875,17780100
2009-12-03,54.220001220703125,54.599998474121094,53.06999969482422,53.529998779296875,46.32612228393555,15821400
2009-12-04,52.5,52.56999969482422,49.47999954223633,50.689998626708984,43.868316650390625,31698100
2009-12-07,49.38999938964844,50.75,48.79999923706055,49.7599983215332,43.063472747802734,21137500
2009-12-08,49.02000045776367,49.08000183105469,47.41999816894531,47.75,41.323978424072266,21027900
2009-12-09,48.040000915527344,49.279998779296875,47.630001068115234,48.790000915527344,42.22401428222656,18644400
2009-12-10,49.2599983215332,49.41999816894531,48.279998779296875,48.7400016784668,42.18073272705078,10748700
2009-12-11,48.84000015258789,49.09000015258789,47.5099983215332,47.81999969482422,41.38456344604492,12582000
2009-12-14,48.45000076293945,48.540000915527344,47.560001373291016,48.470001220703125,41.94708251953125,8234300
2009-12-15,48.22999954223633,48.63999938964844,47.33000183105469,47.47999954223633,41.09030532836914,10858400
2009-12-16,48.099998474121094,48.7400016784668,47.720001220703125,48.209999084472656,41.722068786621094,12141300
2009-12-17,47.040000915527344,47.290000915527344,45.16999816894531,45.20000076293945,39.11714172363281,19775800
2009-12-18,45.54999923706055,46.29999923706055,44.97999954223633,46.290000915527344,40.060462951660156,15884200
2009-12-21,46.439998626708984,46.599998474121094,44.79999923706055,45.40999984741211,39.29888153076172,12100300
2009-12-22,45.5,45.959999084472656,44.79999923706055,45.5099983215332,39.38542938232422,13940400
2009-12-23,45.79999923706055,47.380001068115234,45.75,46.93000030517578,40.7136344909668,12614200
2009-12-24,47.54999923706055,47.56999969482422,46.959999084472656,46.959999084472656,40.739654541015625,4523300
2009-12-28,47.400001525878906,47.59000015258789,46.4900016784668,46.869998931884766,40.66157531738281,7292400
2009-12-29,46.93000030517578,47.290000915527344,46.29999923706055,46.43000030517578,40.27986145019531,7193000
2009-12-30,46.0099983215332,46.20000076293945,45.59000015258789,45.869998931884766,39.79403305053711,6923800
2009-12-31,46.459999084472656,46.70000076293945,46.040000915527344,46.209999084472656,40.08899688720703,7475300
2010-01-04,47.779998779296875,48.25,47.560001373291016,47.709999084472656,41.39031219482422,12508700
2010-01-05,47.970001220703125,48.68000030517578,47.439998626708984,48.16999816894531,41.78936767578125,13787800
2010-01-06,48.91999816894531,50.06999969482422,48.709999084472656,49.34000015258789,42.80440139770508,19322600
2010-01-07,49.34000015258789,49.369998931884766,48.54999923706055,49.099998474121094,42.5961799621582,13312000
2010-01-08,49.5099983215332,49.84000015258789,48.630001068115234,49.84000015258789,43.2381706237793,10719800
2010-01-11,51.0,51.15999984741211,49.90999984741211,50.16999816894531,43.52445602416992,12918100
2010-01-12,49.47999954223633,49.869998931884766,47.939998626708984,48.349998474121094,41.94553756713867,14794800
2010-01-13,48.599998474121094,48.959999084472656,47.5,48.86000061035156,42.38798141479492,9377500
2010-01-14,48.779998779296875,48.93000030517578,48.02000045776367,48.599998474121094,42.16241455078125,8445500
2010-01-15,48.02000045776367,48.08000183105469,47.04999923706055,47.41999816894531,41.13871765136719,14184100
2010-01-19,47.34000015258789,47.810001373291016,47.279998779296875,47.689998626708984,41.37295913696289,8578100
2010-01-20,46.65999984741211,46.849998474121094,44.849998474121094,45.72999954223633,39.67258071899414,21228000
2010-01-21,45.310001373291016,45.65999984741211,43.720001220703125,43.75,37.95485305786133,24757600
2010-01-22,43.29999923706055,44.779998779296875,42.95000076293945,43.790000915527344,37.989559173583984,26244900
2010-01-25,44.45000076293945,44.540000915527344,43.130001068115234,43.189998626708984,37.46902847290039,17791100
2010-01-26,42.689998626708984,43.86000061035156,42.29999923706055,43.130001068115234,37.4169807434082,17133300
2010-01-27,42.939998626708984,43.2400016784668,41.81999969482422,42.77000045776367,37.10466766357422,18111200
2010-01-28,43.130001068115234,43.22999954223633,41.15999984741211,42.16999816894531,36.58414077758789,28262300
2010-01-29,42.0,42.5,40.529998779296875,40.720001220703125,35.32621383666992,22948500
2010-02-01,41.25,42.95000076293945,41.20000076293945,42.939998626708984,37.252140045166016,18770400
2010-02-02,43.52000045776367,43.70000076293945,42.68000030517578,43.0,37.30419921875,19421400
2010-02-03,43.02000045776367,43.61000061035156,42.5099983215332,42.56999969482422,36.931156158447266,13517700
2010-02-04,41.650001525878906,41.75,40.04999923706055,40.2400016784668,34.909793853759766,25283400
2010-02-05,40.18000030517578,42.40999984741211,39.47999954223633,42.40999984741211,36.79235076904297,33034700
2010-02-08,42.2599983215332,42.5099983215332,40.77000045776367,40.779998779296875,35.378257751464844,18173900
2010-02-09,41.7599983215332,43.11000061035156,41.59000015258789,42.56999969482422,36.931156158447266,24227600
2010-02-10,42.58000183105469,42.77000045776367,41.40999984741211,42.349998474121094,36.740299224853516,15919300
2010-02-11,42.59000015258789,44.22999954223633,42.31999969482422,43.9900016784668,38.16307067871094,18114400
2010-02-12,43.150001525878906,43.939998626708984,42.650001525878906,43.939998626708984,38.11968231201172,16589900
2010-02-16,45.16999816894531,45.22999954223633,44.56999969482422,44.90999984741211,38.96119689941406,15964000
2010-02-17,44.900001525878906,45.34000015258789,44.33000183105469,44.709999084472656,38.787689208984375,14755100
2010-02-18,44.61000061035156,45.560001373291016,44.61000061035156,45.060001373291016,39.091339111328125,15184500
2010-02-19,44.43000030517578,45.75,44.209999084472656,44.56999969482422,38.666229248046875,15114000
2010-02-22,44.97999954223633,45.0099983215332,43.880001068115234,44.09000015258789,38.249813079833984,12299900
2010-02-23,43.93000030517578,44.099998474121094,42.189998626708984,42.5,36.870426177978516,15431400
2010-02-24,42.22999954223633,43.04999923706055,42.029998779296875,42.25,36.65354919433594,12516800
2010-02-25,41.86000061035156,43.689998626708984,41.349998474121094,43.45000076293945,37.69459533691406,21464000
2010-02-26,43.810001373291016,44.040000915527344,43.09000015258789,43.88999938964844,38.07630157470703,10706200
2010-03-01,44.20000076293945,44.779998779296875,43.4900016784668,44.63999938964844,38.72696304321289,11664500
2010-03-02,45.16999816894531,46.38999938964844,44.959999084472656,45.5099983215332,39.48172378540039,21127800
2010-03-03,46.2599983215332,46.91999816894531,45.959999084472656,46.36000061035156,40.21913528442383,18235600
2010-03-04,46.150001525878906,46.470001220703125,45.2400016784668,45.58000183105469,39.54245376586914,15228300
2010-03-05,45.95000076293945,46.72999954223633,45.939998626708984,46.43000030517578,40.27986145019531,13823000
2010-03-08,46.77000045776367,46.97999954223633,45.810001373291016,45.95000076293945,39.86344528198242,9919600
2010-03-09,45.349998474121094,46.099998474121094,45.25,45.58000183105469,39.54245376586914,10594100
2010-03-10,45.79999923706055,46.13999938964844,44.599998474121094,44.959999084472656,39.00456619262695,16057900
2010-03-11,44.790000915527344,45.369998931884766,44.25,45.31999969482422,39.31689453125,10309800
2010-03-12,45.58000183105469,45.83000183105469,44.75,44.9900016784668,39.030609130859375,9797100
2010-03-15,45.119998931884766,45.20000076293945,44.31999969482422,44.939998626708984,38.98722457885742,8384600
2010-03-16,45.779998779296875,46.27000045776367,45.560001373291016,46.119998931884766,40.010921478271484,14902600
2010-03-17,46.20000076293945,46.77000045776367,46.130001068115234,46.27000045776367,40.141056060791016,15113900
2010-03-18,46.369998931884766,46.84000015258789,45.52000045776367,45.970001220703125,39.88079071044922,12704600
2010-03-19,45.310001373291016,46.08000183105469,44.869998931884766,45.310001373291016,39.308204650878906,17280500
2010-03-22,44.65999984741211,45.290000915527344,44.209999084472656,45.13999938964844,39.160743713378906,12044100
2010-03-23,45.02000045776367,45.72999954223633,44.439998626708984,45.279998779296875,39.28218078613281,11287100
2010-03-24,44.38999938964844,44.5,43.369998931884766,43.5,37.737972259521484,18192200
2010-03-25,43.97999954223633,44.04999923706055,42.720001220703125,42.90999984741211,37.22611999511719,14569900
2010-03-26,43.15999984741211,43.939998626708984,42.75,43.709999084472656,37.92015075683594,12771600
2010-03-29,44.189998626708984,44.4900016784668,43.849998474121094,44.33000183105469,38.45802307128906,9462600
2010-03-30,44.439998626708984,44.52000045776367,43.59000015258789,43.86000061035156,38.0502815246582,10072700
2010-03-31,44.47999954223633,44.70000076293945,44.15999984741211,44.40999984741211,38.52743148803711,8492500
2010-04-01,45.459999084472656,46.439998626708984,45.36000061035156,46.400001525878906,40.25383758544922,12672400
2010-04-05,46.86000061035156,47.209999084472656,46.400001525878906,46.900001525878906,40.68761444091797,8188700
2010-04-06,46.63999938964844,47.290000915527344,46.58000183105469,46.810001373291016,40.60952377319336,9463300
2010-04-07,47.31999969482422,48.5,47.150001525878906,48.18000030517578,41.79804992675781,14321100
2010-04-08,48.0,48.36000061035156,47.61000061035156,48.189998626708984,41.80672836303711,8628700
2010-04-09,48.65999984741211,49.11000061035156,48.209999084472656,48.68000030517578,42.2318229675293,9311900
2010-04-12,48.5,49.11000061035156,48.0099983215332,48.13999938964844,41.76335144042969,8421500
2010-04-13,48.02000045776367,48.060001373291016,46.86000061035156,47.75,41.42500305175781,10893000
2010-04-14,48.22999954223633,48.45000076293945,47.61000061035156,48.09000015258789,41.719970703125,7795500
2010-04-15,47.959999084472656,48.290000915527344,47.54999923706055,47.56999969482422,41.26884841918945,5925400
2010-04-16,47.02000045776367,47.45000076293945,45.72999954223633,46.650001525878906,40.470726013183594,20720900
2010-04-19,46.119998931884766,46.599998474121094,45.70000076293945,46.59000015258789,40.41866683959961,10560900
2010-04-20,47.0,47.310001373291016,46.439998626708984,46.459999084472656,40.305885314941406,6337400
2010-04-21,46.70000076293945,47.209999084472656,46.36000061035156,46.97999954223633,40.75699996948242,8103800
2010-04-22,46.41999816894531,47.36000061035156,46.04999923706055,47.36000061035156,41.086673736572266,7762600
2010-04-23,47.209999084472656,48.29999923706055,46.68000030517578,48.209999084472656,41.82408142089844,9274400
2010-04-26,48.25,48.560001373291016,47.90999984741211,48.130001068115234,41.75467300415039,5567100
2010-04-27,47.689998626708984,48.689998626708984,47.31999969482422,48.279998779296875,41.884803771972656,17820100
2010-04-28,48.470001220703125,50.33000183105469,48.34000015258789,49.70000076293945,43.11671447753906,17930100
2010-04-29,49.81999969482422,50.66999816894531,49.63999938964844,50.310001373291016,43.64591979980469,9864000
2010-04-30,50.869998931884766,51.540000915527344,50.5,50.5099983215332,43.81942367553711,12778500
2010-05-03,50.91999816894531,51.04999923706055,49.369998931884766,49.880001068115234,43.27287673950195,10052600
2010-05-04,50.220001220703125,50.310001373291016,48.459999084472656,49.65999984741211,43.08201599121094,22279200
2010-05-05,48.060001373291016,49.869998931884766,47.88999938964844,49.2400016784668,42.71764373779297,17606300
2010-05-06,49.16999816894531,50.5,48.06999969482422,49.939998626708984,43.32491683959961,23954100
2010-05-07,49.66999816894531,50.45000076293945,48.40999984741211,49.130001068115234,42.622222900390625,16601100
2010-05-10,49.5099983215332,50.34000015258789,49.029998779296875,50.13999938964844,43.49843215942383,15389200
2010-05-11,51.38999938964844,54.20000076293945,51.31999969482422,53.599998474121094,46.500118255615234,21796600
2010-05-12,54.040000915527344,54.630001068115234,53.2599983215332,53.43000030517578,46.35264587402344,22283300
2010-05-13,53.470001220703125,53.869998931884766,52.43000030517578,52.65999984741211,45.684627532958984,12815800
2010-05-14,53.47999954223633,53.709999084472656,51.369998931884766,53.150001525878906,46.10972595214844,17431200
2010-05-17,52.970001220703125,53.06999969482422,51.209999084472656,51.869998931884766,44.999263763427734,14198200
2010-05-18,51.27000045776367,52.2599983215332,50.95000076293945,51.4900016784668,44.66960906982422,14859300
2010-05-19,50.5,50.709999084472656,48.099998474121094,49.45000076293945,42.89982604980469,21950900
2010-05-20,48.11000061035156,48.779998779296875,46.7599983215332,47.04999923706055,40.81774139404297,25901600
2010-05-21,46.16999816894531,47.720001220703125,45.880001068115234,47.209999084472656,40.95653533935547,17751400
2010-05-24,48.06999969482422,48.540000915527344,47.5099983215332,47.63999938964844,41.3295783996582,11161700
2010-05-25,47.220001220703125,49.029998779296875,46.88999938964844,48.939998626708984,42.45737838745117,16751400
2010-05-26,50.04999923706055,50.380001068115234,48.84000015258789,48.9900016784668,42.500755310058594,11067000
2010-05-27,49.41999816894531,50.40999984741211,49.31999969482422,50.18000030517578,43.53313446044922,9490600
2010-05-28,49.86000061035156,50.189998626708984,49.29999923706055,49.86000061035156,43.25551986694336,7536800
2010-06-01,50.29999923706055,51.15999984741211,49.720001220703125,49.810001373291016,43.21214294433594,9029200
2010-06-02,49.81999969482422,50.70000076293945,49.5099983215332,50.66999816894531,43.95821762084961,6356700
2010-06-03,50.61000061035156,51.0,49.150001525878906,49.83000183105469,43.229496002197266,7316500
2010-06-04,49.13999938964844,49.900001525878906,48.630001068115234,48.810001373291016,42.34461212158203,9554600
2010-06-07,48.70000076293945,50.79999923706055,48.400001525878906,50.189998626708984,43.54180145263672,10433700
2010-06-08,50.709999084472656,51.630001068115234,50.310001373291016,50.720001220703125,44.00160598754883,12295100
2010-06-09,50.5,51.040000915527344,49.83000183105469,50.20000076293945,43.550479888916016,7962500
2010-06-10,50.119998931884766,50.900001525878906,50.0099983215332,50.65999984741211,43.94954299926758,6449900
2010-06-11,50.790000915527344,50.970001220703125,50.40999984741211,50.790000915527344,44.06233596801758,4276300
2010-06-14,50.93000030517578,51.040000915527344,49.79999923706055,49.900001525878906,43.290218353271484,6659900
2010-06-15,50.16999816894531,51.189998626708984,50.150001525878906,51.16999816894531,44.391998291015625,6474100
2010-06-16,50.97999954223633,51.970001220703125,50.810001373291016,51.65999984741211,44.81708908081055,7094800
2010-06-17,52.619998931884766,53.25,52.47999954223633,52.959999084472656,45.944889068603516,9942500
2010-06-18,53.86000061035156,54.22999954223633,53.56999969482422,54.060001373291016,46.89918899536133,10202400
2010-06-21,54.27000045776367,54.400001525878906,52.16999816894531,52.52000045776367,45.56318283081055,10914800
2010-06-22,52.59000015258789,53.16999816894531,52.130001068115234,52.13999938964844,45.23351287841797,6096000
2010-06-23,51.900001525878906,52.65999984741211,51.41999816894531,52.45000076293945,45.50244903564453,6464600
2010-06-24,52.13999938964844,53.06999969482422,51.939998626708984,52.18000030517578,45.26821517944336,8071600
2010-06-25,53.040000915527344,54.310001373291016,52.79999923706055,53.880001068115234,46.74302291870117,8479600
2010-06-28,53.95000076293945,54.83000183105469,52.970001220703125,53.400001525878906,46.32661437988281,12312700
2010-06-29,52.599998474121094,52.86000061035156,51.650001525878906,51.97999954223633,45.09471130371094,10291600
2010-06-30,51.77000045776367,52.79999923706055,51.709999084472656,51.959999084472656,45.07735061645508,6028700
2010-07-01,51.529998779296875,51.810001373291016,48.790000915527344,49.619998931884766,43.04730224609375,14999200
2010-07-02,50.0,50.47999954223633,49.27000045776367,49.58000183105469,43.01261901855469,7383000
2010-07-06,49.83000183105469,49.970001220703125,48.47999954223633,48.90999984741211,42.431358337402344,8130900
2010-07-07,48.900001525878906,50.11000061035156,48.5,49.9900016784668,43.36830139160156,7720100
2010-07-08,50.22999954223633,50.400001525878906,48.619998931884766,49.380001068115234,42.83910369873047,7610700
2010-07-09,49.91999816894531,51.0,49.91999816894531,50.47999954223633,43.79339599609375,6954000
2010-07-12,50.38999938964844,50.95000076293945,49.83000183105469,50.150001525878906,43.507110595703125,4625200
2010-07-13,51.369998931884766,51.47999954223633,50.25,50.38999938964844,43.71531295776367,8299600
2010-07-14,50.369998931884766,51.040000915527344,49.880001068115234,50.2599983215332,43.6025390625,7023800
2010-07-15,50.65999984741211,50.72999954223633,49.5099983215332,50.16999816894531,43.52445602416992,5826200
2010-07-16,49.25,49.290000915527344,48.41999816894531,48.540000915527344,42.1103630065918,9591800
2010-07-19,48.11000061035156,48.20000076293945,46.9900016784668,47.529998779296875,41.23415756225586,8842000
2010-07-20,47.380001068115234,48.65999984741211,47.22999954223633,48.54999923706055,42.11904525756836,6985900
2010-07-21,49.0099983215332,49.15999984741211,47.88999938964844,48.18000030517578,41.79804992675781,6896800
2010-07-22,48.56999969482422,49.59000015258789,48.52000045776367,49.15999984741211,42.64824295043945,7207800
2010-07-23,49.36000061035156,49.63999938964844,48.869998931884766,49.209999084472656,42.69162368774414,8233600
2010-07-26,49.5,49.560001373291016,48.599998474121094,48.88999938964844,42.41401290893555,7215800
2010-07-27,48.5,48.540000915527344,46.81999969482422,47.09000015258789,40.85243606567383,17306800
2010-07-28,46.90999984741211,47.59000015258789,46.79999923706055,47.38999938964844,41.11269760131836,8290600
2010-07-29,47.7400016784668,48.029998779296875,47.119998931884766,47.68000030517578,41.36429214477539,7329300
2010-07-30,47.58000183105469,48.43000030517578,47.45000076293945,48.220001220703125,41.83274841308594,9818200
2010-08-02,48.93000030517578,49.04999923706055,47.68000030517578,48.04999923706055,41.685272216796875,6512800
2010-08-03,48.279998779296875,48.79999923706055,48.130001068115234,48.31999969482422,41.919517517089844,6389400
2010-08-04,49.31999969482422,49.7599983215332,49.11000061035156,49.619998931884766,43.04730224609375,11804700
2010-08-05,49.599998474121094,49.70000076293945,49.16999816894531,49.689998626708984,43.10803985595703,4171500
2010-08-06,50.119998931884766,50.70000076293945,49.95000076293945,50.16999816894531,43.52445602416992,6680500
2010-08-09,50.16999816894531,50.220001220703125,49.47999954223633,50.189998626708984,43.54180145263672,5638600
2010-08-10,49.459999084472656,50.4900016784668,49.13999938964844,50.369998931884766,43.697967529296875,8309300
2010-08-11,50.15999984741211,50.33000183105469,48.9900016784668,49.08000183105469,42.578834533691406,8253200
2010-08-12,49.7599983215332,50.36000061035156,49.70000076293945,50.310001373291016,43.64591979980469,7018800
2010-08-13,50.27000045776367,50.380001068115234,49.650001525878906,49.7400016784668,43.151424407958984,3979300
2010-08-16,50.36000061035156,50.790000915527344,50.16999816894531,50.709999084472656,43.9929313659668,5563700
2010-08-17,50.939998626708984,51.369998931884766,50.529998779296875,51.290000915527344,44.49610137939453,5996700
2010-08-18,50.84000015258789,52.220001220703125,50.5,52.130001068115234,45.22483825683594,8128500
2010-08-19,52.220001220703125,52.54999923706055,51.209999084472656,51.72999954223633,44.87782287597656,6209300
2010-08-20,51.189998626708984,51.459999084472656,50.5099983215332,51.279998779296875,44.4874267578125,6285900
2010-08-23,51.369998931884766,51.47999954223633,50.65999984741211,50.900001525878906,44.15775680541992,4604000
2010-08-24,49.790000915527344,51.150001525878906,49.56999969482422,50.29999923706055,43.637237548828125,7947800
2010-08-25,50.75,52.0,50.40999984741211,52.0,45.11205291748047,9649600
2010-08-26,51.9900016784668,52.83000183105469,51.97999954223633,52.72999954223633,45.745357513427734,8288000
2010-08-27,52.810001373291016,53.459999084472656,51.97999954223633,53.34000015258789,46.27455520629883,9827100
2010-08-30,53.20000076293945,53.689998626708984,52.939998626708984,53.119998931884766,46.08369827270508,5655100
2010-08-31,53.41999816894531,54.4900016784668,53.310001373291016,53.61000061035156,46.508792877197266,12207400
2010-09-01,54.150001525878906,54.33000183105469,52.7599983215332,52.849998474121094,45.84946060180664,7926200
2010-09-02,53.459999084472656,53.779998779296875,52.810001373291016,53.56999969482422,46.47408676147461,6963000
2010-09-03,53.11000061035156,53.70000076293945,52.7599983215332,53.689998626708984,46.578189849853516,6072000
2010-09-07,54.2599983215332,54.529998779296875,53.91999816894531,53.95000076293945,46.80375671386719,7737500
2010-09-08,54.290000915527344,54.689998626708984,53.65999984741211,53.66999816894531,46.56084442138672,6306500
2010-09-09,53.939998626708984,54.0,52.5,52.650001525878906,45.67595672607422,7008500
2010-09-10,52.470001220703125,53.47999954223633,52.43000030517578,53.040000915527344,46.014305114746094,5493200
2010-09-13,53.20000076293945,53.439998626708984,52.720001220703125,53.0,45.97958755493164,5218600
2010-09-14,53.970001220703125,55.59000015258789,53.91999816894531,54.880001068115234,47.610565185546875,14873400
2010-09-15,54.72999954223633,55.119998931884766,54.2599983215332,54.599998474121094,47.36765670776367,8739800
2010-09-16,55.16999816894531,55.66999816894531,54.86000061035156,55.36000061035156,48.0269889831543,9409700
2010-09-17,55.72999954223633,55.77000045776367,54.68000030517578,54.779998779296875,47.523807525634766,8981800
2010-09-20,55.18000030517578,55.900001525878906,54.959999084472656,55.34000015258789,48.00963592529297,9126700
2010-09-21,55.09000015258789,55.77000045776367,53.849998474121094,55.66999816894531,48.295928955078125,16432400
2010-09-22,56.290000915527344,56.66999816894531,55.810001373291016,56.369998931884766,48.9031982421875,10975400
2010-09-23,56.09000015258789,56.5,55.47999954223633,55.7599983215332,48.37400436401367,8142200
2010-09-24,56.619998931884766,56.619998931884766,55.4900016784668,55.66999816894531,48.295928955078125,9569200
2010-09-27,55.849998474121094,55.97999954223633,55.150001525878906,55.34000015258789,48.00963592529297,5841700
2010-09-28,55.0,56.75,54.279998779296875,56.65999984741211,49.15479278564453,15152200
2010-09-29,56.779998779296875,56.86000061035156,56.099998474121094,56.5099983215332,49.024654388427734,10175400
2010-09-30,56.7599983215332,56.810001373291016,54.9900016784668,55.93000030517578,48.52149200439453,12778900
2010-10-01,55.93000030517578,57.25,55.93000030517578,56.599998474121094,49.10273742675781,9595500
2010-10-04,56.369998931884766,56.369998931884766,55.20000076293945,55.54999923706055,48.19181823730469,7089800
2010-10-05,56.810001373291016,57.83000183105469,56.720001220703125,57.2599983215332,49.67530822753906,12005700
2010-10-06,57.4900016784668,58.40999984741211,57.209999084472656,58.119998931884766,50.42139434814453,11074600
2010-10-07,58.58000183105469,58.58000183105469,55.970001220703125,56.58000183105469,49.085391998291016,18951100
2010-10-08,56.63999938964844,57.459999084472656,56.61000061035156,57.29999923706055,49.710018157958984,8792800
2010-10-11,57.029998779296875,57.72999954223633,56.599998474121094,57.40999984741211,49.805442810058594,7204500
2010-10-12,56.959999084472656,57.279998779296875,56.11000061035156,57.16999816894531,49.597232818603516,9428600
2010-10-13,57.79999923706055,58.81999969482422,57.75,58.59000015258789,50.829139709472656,10926900
2010-10-14,58.43000030517578,58.880001068115234,57.88999938964844,58.189998626708984,50.48211669921875,8451000
2010-10-15,57.869998931884766,58.08000183105469,56.91999816894531,57.40999984741211,49.805442810058594,11031300
2010-10-18,57.0,57.5099983215332,56.5099983215332,57.13999938964844,49.57120132446289,7251600
2010-10-19,55.36000061035156,55.400001525878906,54.0099983215332,54.529998779296875,47.30692672729492,16650900
2010-10-20,54.63999938964844,55.900001525878906,54.61000061035156,55.459999084472656,48.113739013671875,11603300
2010-10-21,55.5,55.900001525878906,53.779998779296875,54.279998779296875,47.090049743652344,13814000
2010-10-22,54.349998474121094,54.88999938964844,53.84000015258789,54.88999938964844,47.619239807128906,7658800
2010-10-25,55.97999954223633,56.189998626708984,55.400001525878906,55.7400016784668,48.35665512084961,9001000
2010-10-26,55.0099983215332,56.06999969482422,54.880001068115234,55.790000915527344,48.400028228759766,6279700
2010-10-27,55.0099983215332,55.09000015258789,53.66999816894531,54.68000030517578,47.43706512451172,8954800
2010-10-28,55.4900016784668,56.5,55.0099983215332,56.36000061035156,48.89453125,8830400
2010-10-29,56.720001220703125,57.4900016784668,56.52000045776367,57.29999923706055,49.710018157958984,8511700
2010-11-01,57.58000183105469,57.869998931884766,56.72999954223633,57.22999954223633,49.6492805480957,6735500
2010-11-02,57.7599983215332,57.88999938964844,57.150001525878906,57.66999816894531,50.03099060058594,7036500
2010-11-03,57.59000015258789,57.84000015258789,56.16999816894531,57.22999954223633,49.6492805480957,15068800
2010-11-04,59.34000015258789,60.029998779296875,59.08000183105469,59.9900016784668,52.043701171875,13991400
2010-11-05,59.66999816894531,60.849998474121094,59.560001373291016,60.09000015258789,52.13044738769531,10177600
2010-11-08,59.970001220703125,61.849998474121094,59.88999938964844,61.77000045776367,53.58791732788086,10841100
2010-11-09,62.83000183105469,63.7599983215332,59.189998626708984,59.66999816894531,51.766082763671875,25300200
2010-11-10,60.5,61.41999816894531,59.29999923706055,61.33000183105469,53.206207275390625,17318500
2010-11-11,61.59000015258789,61.90999984741211,60.47999954223633,61.779998779296875,53.59659194946289,10126300
2010-11-12,60.5099983215332,61.41999816894531,59.36000061035156,60.06999969482422,52.11310577392578,13211000
2010-11-15,60.22999954223633,60.38999938964844,59.20000076293945,59.470001220703125,51.59257507324219,7805600
2010-11-16,58.5099983215332,58.72999954223633,57.04999923706055,57.65999984741211,50.02232360839844,16198800
2010-11-17,57.54999923706055,58.86000061035156,57.52000045776367,58.040000915527344,50.351993560791016,9264000
2010-11-18,59.27000045776367,59.59000015258789,58.810001373291016,59.029998779296875,51.21085739135742,10379900
2010-11-19,58.68000030517578,59.40999984741211,58.349998474121094,59.279998779296875,51.42774200439453,7655600
2010-11-22,59.130001068115234,60.22999954223633,58.72999954223633,60.029998779296875,52.078392028808594,8650100
2010-11-23,59.90999984741211,60.189998626708984,59.18000030517578,59.619998931884766,51.72270965576172,10627800
2010-11-24,59.84000015258789,60.13999938964844,59.2599983215332,59.66999816894531,51.766082763671875,4914000
2010-11-26,58.36000061035156,58.849998474121094,58.2599983215332,58.61000061035156,50.84648513793945,3884200
2010-11-29,58.41999816894531,58.959999084472656,57.61000061035156,58.869998931884766,51.07204818725586,6868000
2010-11-30,58.900001525878906,60.119998931884766,58.790000915527344,59.5,51.61860275268555,10819500
2010-12-01,60.02000045776367,60.400001525878906,59.43000030517578,60.279998779296875,52.29528045654297,8486500
2010-12-02,60.70000076293945,61.720001220703125,60.70000076293945,61.18000030517578,53.07606887817383,9973000
2010-12-03,61.79999923706055,63.13999938964844,61.7400016784668,62.709999084472656,54.40340805053711,10234800
2010-12-06,63.06999969482422,63.880001068115234,62.88999938964844,63.79999923706055,55.34901428222656,8212400
2010-12-07,64.58000183105469,64.62000274658203,62.279998779296875,62.380001068115234,54.11711120605469,14763900
2010-12-08,61.849998474121094,62.29999923706055,60.77000045776367,61.20000076293945,53.09342956542969,11456300
2010-12-09,61.79999923706055,61.849998474121094,61.029998779296875,61.43000030517578,53.2929573059082,9156700
2010-12-10,61.099998474121094,61.83000183105469,60.599998474121094,61.65999984741211,53.49249267578125,7446700
2010-12-13,62.58000183105469,62.9900016784668,62.02000045776367,62.220001220703125,53.97830581665039,7754800
2010-12-14,62.33000183105469,62.81999969482422,61.869998931884766,62.130001068115234,53.90022659301758,6844900
2010-12-15,61.59000015258789,62.150001525878906,60.84000015258789,60.9900016784668,52.91123962402344,9763900
2010-12-16,60.849998474121094,60.869998931884766,59.5,60.16999816894531,52.19984436035156,10748800
2010-12-17,60.310001373291016,60.459999084472656,59.400001525878906,60.439998626708984,52.434085845947266,11315700
2010-12-20,60.630001068115234,60.869998931884766,59.83000183105469,60.56999969482422,52.5468635559082,5934300
2010-12-21,60.650001525878906,60.81999969482422,60.06999969482422,60.54999923706055,52.52951431274414,5673800
2010-12-22,60.540000915527344,60.59000015258789,59.810001373291016,59.84000015258789,51.913570404052734,4418900
2010-12-23,59.369998931884766,60.38999938964844,59.0,59.88999938964844,52.307464599609375,7247400
2010-12-27,59.93000030517578,59.93000030517578,58.93000030517578,59.540000915527344,52.00177764892578,3479200
2010-12-28,60.619998931884766,61.22999954223633,60.130001068115234,61.09000015258789,53.355533599853516,5314000
2010-12-29,61.380001068115234,61.599998474121094,60.95000076293945,61.310001373291016,53.54767608642578,4002400
2010-12-30,61.27000045776367,61.560001373291016,60.61000061035156,60.880001068115234,53.1721305847168,3477600
2010-12-31,61.119998931884766,61.7400016784668,60.959999084472656,61.470001220703125,53.68742752075195,4461500
2011-01-03,61.810001373291016,62.02000045776367,60.400001525878906,60.77000045776367,53.076053619384766,9097700
2011-01-04,60.040000915527344,60.209999084472656,58.0,59.02000045776367,51.54761505126953,13872000
2011-01-05,58.34000015258789,58.619998931884766,57.4900016784668,58.220001220703125,50.848899841308594,11490900
2011-01-06,58.279998779296875,58.36000061035156,56.560001373291016,56.7400016784668,49.55628204345703,13883700
2011-01-07,56.470001220703125,57.709999084472656,56.400001525878906,56.7400016784668,49.55628204345703,11027600
2011-01-10,56.880001068115234,57.060001373291016,56.279998779296875,56.88999938964844,49.68729019165039,7591100
2011-01-11,57.70000076293945,58.099998474121094,57.29999923706055,58.040000915527344,50.691688537597656,8288600
2011-01-12,58.22999954223633,58.2400016784668,57.310001373291016,57.900001525878906,50.56941223144531,7430200
2011-01-13,58.150001525878906,58.150001525878906,55.689998626708984,56.04999923706055,48.953636169433594,12741600
2011-01-14,55.54999923706055,56.04999923706055,54.61000061035156,54.880001068115234,47.93177032470703,17677900
2011-01-18,55.650001525878906,56.08000183105469,55.439998626708984,55.810001373291016,48.74402618408203,6702300
2011-01-19,56.349998474121094,56.40999984741211,54.939998626708984,55.470001220703125,48.44706726074219,8648800
2011-01-20,54.189998626708984,54.68000030517578,53.380001068115234,54.63999938964844,47.7221565246582,17410200
2011-01-21,54.40999984741211,54.959999084472656,53.900001525878906,53.939998626708984,47.110782623291016,16704300
2011-01-24,53.88999938964844,54.5,53.119998931884766,53.43000030517578,46.66535186767578,11997200
2011-01-25,52.77000045776367,53.31999969482422,52.459999084472656,53.119998931884766,46.39460372924805,17835300
2011-01-26,53.02000045776367,55.20000076293945,52.95000076293945,55.099998474121094,48.1239128112793,16728600
2011-01-27,55.040000915527344,55.040000915527344,53.33000183105469,53.72999954223633,46.9273681640625,14558900
2011-01-28,53.470001220703125,55.310001373291016,53.27000045776367,54.20000076293945,47.33786392211914,13555700
2011-01-31,54.13999938964844,54.52000045776367,53.439998626708984,53.91999816894531,47.09331130981445,8539200
2011-02-01,54.56999969482422,55.52000045776367,54.0099983215332,55.439998626708984,48.42087173461914,11419600
2011-02-02,55.56999969482422,55.63999938964844,54.560001373291016,55.029998779296875,48.062767028808594,6583300
2011-02-03,55.27000045776367,56.70000076293945,54.540000915527344,56.52000045776367,49.364131927490234,11667100
2011-02-04,56.93000030517578,57.029998779296875,55.970001220703125,56.11000061035156,49.006038665771484,8586900
2011-02-07,56.65999984741211,56.81999969482422,55.93000030517578,56.119998931884766,49.01477813720703,6296600
2011-02-08,56.9900016784668,57.459999084472656,56.7599983215332,57.349998474121094,50.089054107666016,8316700
2011-02-09,57.369998931884766,57.66999816894531,56.099998474121094,56.459999084472656,49.311729431152344,7190000
2011-02-10,55.849998474121094,56.2599983215332,55.220001220703125,55.93000030517578,48.848838806152344,7487800
2011-02-11,56.02000045776367,56.70000076293945,55.5099983215332,55.72999954223633,48.674156188964844,8777200
2011-02-14,55.9900016784668,56.650001525878906,55.95000076293945,56.459999084472656,49.311729431152344,4779600
2011-02-15,57.099998474121094,57.720001220703125,57.02000045776367,57.5099983215332,50.22879409790039,8398600
2011-02-16,57.70000076293945,57.939998626708984,56.959999084472656,57.7400016784668,50.42967224121094,6611200
2011-02-17,58.130001068115234,58.45000076293945,57.779998779296875,58.45000076293945,51.049781799316406,6277500
2011-02-18,58.7400016784668,59.65999984741211,58.65999984741211,58.97999954223633,51.512672424316406,7849900
2011-02-22,60.20000076293945,60.33000183105469,58.43000030517578,58.43000030517578,51.03231430053711,10995900
2011-02-23,58.90999984741211,60.060001373291016,58.689998626708984,59.61000061035156,52.06291198730469,9591100
2011-02-24,59.95000076293945,60.0,57.630001068115234,57.7400016784668,50.42967224121094,10741600
2011-02-25,58.25,58.95000076293945,58.18000030517578,58.95000076293945,51.486480712890625,6030200
2011-02-28,59.2400016784668,59.900001525878906,58.91999816894531,59.83000183105469,52.255062103271484,5107500
2011-03-01,60.380001068115234,61.150001525878906,60.25,60.79999923706055,53.10224914550781,10062600
2011-03-02,61.099998474121094,61.25,60.36000061035156,60.790000915527344,53.09351348876953,7046500
2011-03-03,60.11000061035156,60.20000076293945,59.189998626708984,59.869998931884766,52.28999710083008,8688500
2011-03-04,60.08000183105469,60.84000015258789,60.060001373291016,60.400001525878906,52.75289535522461,5798800
2011-03-07,61.2400016784668,61.29999923706055,59.790000915527344,59.95000076293945,52.35986328125,8315100
2011-03-08,59.7599983215332,59.83000183105469,58.599998474121094,59.40999984741211,51.88822937011719,6310700
2011-03-09,59.689998626708984,59.880001068115234,58.540000915527344,58.939998626708984,51.47774124145508,5931000
2011-03-10,57.599998474121094,57.83000183105469,56.54999923706055,56.83000183105469,49.63488006591797,13804700
2011-03-11,56.349998474121094,58.2400016784668,56.119998931884766,57.81999969482422,50.499549865722656,8314400
2011-03-14,57.810001373291016,58.08000183105469,57.04999923706055,57.810001373291016,50.490814208984375,6208700
2011-03-15,55.04999923706055,56.650001525878906,54.75,56.47999954223633,49.329193115234375,13460200
2011-03-16,56.529998779296875,56.95000076293945,54.68000030517578,55.2400016784668,48.246192932128906,12467700
2011-03-17,55.68000030517578,55.970001220703125,55.060001373291016,55.720001220703125,48.66542053222656,7536000
2011-03-18,56.4900016784668,57.06999969482422,56.08000183105469,56.65999984741211,49.48640823364258,10996300
2011-03-21,57.720001220703125,58.04999923706055,57.209999084472656,58.02000045776367,50.67422103881836,6313200
2011-03-22,57.720001220703125,58.56999969482422,57.439998626708984,58.16999816894531,50.80522155761719,5635400
2011-03-23,58.400001525878906,60.43000030517578,58.31999969482422,60.279998779296875,52.64808654785156,8172200
2011-03-24,60.689998626708984,61.369998931884766,59.79999923706055,59.9900016784668,52.394805908203125,12404200
2011-03-25,60.099998474121094,60.61000061035156,59.220001220703125,59.52000045776367,51.984310150146484,7526500
2011-03-28,58.88999938964844,59.5,58.439998626708984,58.47999954223633,51.075984954833984,6115400
2011-03-29,58.41999816894531,59.380001068115234,58.040000915527344,58.540000915527344,51.128387451171875,7364500
2011-03-30,59.27000045776367,59.75,58.650001525878906,59.63999938964844,52.089111328125,8175500
2011-03-31,60.25,60.59000015258789,59.86000061035156,60.099998474121094,52.49087905883789,6820900
2011-04-01,59.880001068115234,60.2400016784668,59.43000030517578,59.77000045776367,52.202659606933594,6738400
2011-04-04,60.06999969482422,60.689998626708984,59.72999954223633,59.75,52.1851921081543,4070600
2011-04-05,59.83000183105469,62.7400016784668,59.68000030517578,62.709999084472656,54.77043151855469,11402200
2011-04-06,63.22999954223633,63.68000030517578,62.36000061035156,62.77000045776367,54.82283401489258,9953500
2011-04-07,62.65999984741211,63.459999084472656,62.279998779296875,62.5099983215332,54.59575271606445,7358200
2011-04-08,63.58000183105469,64.13999938964844,63.34000015258789,63.95000076293945,55.853431701660156,7970000
2011-04-11,63.84000015258789,63.849998474121094,61.540000915527344,62.099998474121094,54.2376594543457,10108200
2011-04-12,61.720001220703125,62.189998626708984,60.529998779296875,61.11000061035156,53.373008728027344,10917800
2011-04-13,61.68000030517578,61.81999969482422,60.5099983215332,60.86000061035156,53.1546516418457,7912400
2011-04-14,60.970001220703125,62.0,60.79999923706055,61.63999938964844,53.83590316772461,10613900
2011-04-15,61.68000030517578,61.900001525878906,61.040000915527344,61.439998626708984,53.66122055053711,9797800
2011-04-18,61.349998474121094,61.45000076293945,59.529998779296875,60.83000183105469,53.12845230102539,13988800
2011-04-19,60.849998474121094,61.709999084472656,60.560001373291016,61.63999938964844,53.83590316772461,7253700
2011-04-20,62.369998931884766,63.11000061035156,62.06999969482422,62.099998474121094,54.2376594543457,10690700
2011-04-21,62.650001525878906,62.970001220703125,62.15999984741211,62.630001068115234,54.70055389404297,7236100
2011-04-25,62.869998931884766,62.900001525878906,60.900001525878906,61.2400016784668,53.486549377441406,9336200
2011-04-26,60.79999923706055,60.869998931884766,59.79999923706055,60.220001220703125,52.59568786621094,8200000
2011-04-27,60.619998931884766,61.779998779296875,59.5099983215332,61.61000061035156,53.80970001220703,12458900
2011-04-28,61.779998779296875,62.59000015258789,61.11000061035156,61.279998779296875,53.5214729309082,9883500
2011-04-29,61.59000015258789,62.5,61.16999816894531,62.20000076293945,54.32500457763672,10129400
2011-05-02,61.45000076293945,62.15999984741211,59.59000015258789,60.119998931884766,52.50834655761719,12053300
2011-05-03,59.83000183105469,60.04999923706055,57.56999969482422,58.220001220703125,50.848899841308594,19236200
2011-05-04,58.33000183105469,58.880001068115234,57.029998779296875,58.34000015258789,50.953712463378906,15991400
2011-05-05,57.349998474121094,58.04999923706055,55.2400016784668,56.11000061035156,49.006038665771484,23610000
2011-05-06,56.86000061035156,57.66999816894531,55.95000076293945,56.09000015258789,48.98857498168945,12707600
2011-05-09,56.81999969482422,57.310001373291016,56.290000915527344,57.209999084472656,49.96677017211914,8612300
2011-05-10,57.36000061035156,57.470001220703125,56.72999954223633,56.7599983215332,49.57374954223633,10316100
2011-05-11,56.650001525878906,56.939998626708984,54.4900016784668,54.90999984741211,47.957969665527344,15720200
2011-05-12,54.310001373291016,55.40999984741211,53.61000061035156,54.650001525878906,47.73089599609375,14713600
2011-05-13,54.68000030517578,55.33000183105469,53.369998931884766,54.209999084472656,47.34659957885742,13901400
2011-05-16,54.150001525878906,55.459999084472656,53.83000183105469,54.470001220703125,47.57368087768555,14157200
2011-05-17,54.209999084472656,55.13999938964844,53.61000061035156,55.0099983215332,48.04530715942383,14210100
2011-05-18,55.34000015258789,55.93000030517578,55.029998779296875,55.38999938964844,48.377197265625,11678200
2011-05-19,55.33000183105469,55.849998474121094,55.0,55.599998474121094,48.560611724853516,7864500
2011-05-20,55.599998474121094,56.5099983215332,54.540000915527344,55.7599983215332,48.700355529785156,19310600
2011-05-23,55.369998931884766,56.290000915527344,54.91999816894531,55.34000015258789,48.33353042602539,11369900
2011-05-24,55.869998931884766,56.88999938964844,55.83000183105469,56.61000061035156,49.44274139404297,11177000
2011-05-25,56.70000076293945,57.5,56.369998931884766,57.08000183105469,49.853233337402344,8180600
2011-05-26,57.04999923706055,57.22999954223633,56.310001373291016,57.099998474121094,49.870697021484375,7962300
2011-05-27,57.4900016784668,58.09000015258789,57.45000076293945,57.91999816894531,50.58687973022461,7031300
2011-05-31,58.459999084472656,58.5,57.41999816894531,58.150001525878906,50.78776168823242,8879000
2011-06-01,58.0099983215332,58.400001525878906,57.0,57.06999969482422,49.84450149536133,9626300
2011-06-02,57.150001525878906,57.68000030517578,55.81999969482422,56.61000061035156,49.44274139404297,9937100
2011-06-03,56.310001373291016,56.959999084472656,56.0,56.4900016784668,49.337928771972656,9447200
2011-06-06,56.2599983215332,56.79999923706055,54.619998931884766,54.81999969482422,47.87936782836914,10447800
2011-06-07,55.279998779296875,55.5,54.41999816894531,54.66999816894531,47.74835968017578,9865400
2011-06-08,54.08000183105469,54.400001525878906,52.79999923706055,53.43000030517578,46.66535186767578,13321700
2011-06-09,53.599998474121094,54.7599983215332,53.25,54.369998931884766,47.48634338378906,9639300
2011-06-10,53.75,53.91999816894531,52.900001525878906,53.400001525878906,46.6391487121582,10939500
2011-06-13,53.150001525878906,53.65999984741211,52.15999984741211,52.52000045776367,45.87057113647461,9552300
2011-06-14,52.720001220703125,53.7400016784668,52.720001220703125,53.38999938964844,46.63041687011719,7111100
2011-06-15,53.0099983215332,54.04999923706055,52.52000045776367,53.060001373291016,46.342193603515625,11589200
2011-06-16,52.900001525878906,53.04999923706055,51.099998474121094,51.779998779296875,45.224246978759766,14785800
2011-06-17,51.79999923706055,52.70000076293945,51.58000183105469,51.970001220703125,45.39019775390625,12022000
2011-06-20,51.959999084472656,52.689998626708984,51.95000076293945,52.25,45.63475036621094,8240800
2011-06-21,52.630001068115234,54.13999938964844,52.560001373291016,54.0099983215332,47.17192077636719,11127400
2011-06-22,54.08000183105469,55.400001525878906,54.029998779296875,54.65999984741211,47.739627838134766,13614500
2011-06-23,53.2599983215332,54.0099983215332,52.529998779296875,54.0099983215332,47.17192077636719,17473700
2011-06-24,53.900001525878906,53.900001525878906,52.43000030517578,52.58000183105469,45.922969818115234,9523200
2011-06-27,52.22999954223633,52.86000061035156,51.79999923706055,52.52000045776367,45.87057113647461,8743900
2011-06-28,52.83000183105469,53.45000076293945,52.310001373291016,53.15999984741211,46.42953872680664,8985900
2011-06-29,53.81999969482422,55.0,53.4900016784668,54.369998931884766,47.48634338378906,11305800
2011-06-30,54.65999984741211,54.84000015258789,54.04999923706055,54.59000015258789,47.67848587036133,9545400
2011-07-01,54.209999084472656,54.2400016784668,53.02000045776367,53.7400016784668,46.93610763549805,10228300
2011-07-05,54.93000030517578,55.7400016784668,54.54999923706055,55.41999816894531,48.40340042114258,11813200
2011-07-06,55.84000015258789,56.470001220703125,55.65999984741211,56.130001068115234,49.02351760864258,9346200
2011-07-07,56.54999923706055,56.95000076293945,56.25,56.25,49.12831497192383,10928500
2011-07-08,56.63999938964844,56.97999954223633,55.97999954223633,56.290000915527344,49.16325759887695,8155800
2011-07-11,56.470001220703125,56.810001373291016,55.310001373291016,55.619998931884766,48.57807540893555,13055100
2011-07-12,55.58000183105469,57.75,55.52000045776367,57.369998931884766,50.10651779174805,16395200
2011-07-13,58.290000915527344,59.970001220703125,58.15999984741211,59.27000045776367,51.76597213745117,20717500
2011-07-14,60.0,60.119998931884766,58.720001220703125,58.779998779296875,51.33800506591797,16631100
2011-07-15,59.099998474121094,59.72999954223633,58.93000030517578,59.720001220703125,52.158992767333984,8716600
2011-07-18,60.38999938964844,60.9900016784668,60.2400016784668,60.58000183105469,52.91010665893555,13536900
2011-07-19,60.869998931884766,60.939998626708984,59.34000015258789,59.68000030517578,52.124053955078125,12716600
2011-07-20,59.310001373291016,60.540000915527344,59.040000915527344,60.349998474121094,52.70922088623047,8719100
2011-07-21,60.59000015258789,60.779998779296875,59.7400016784668,60.04999923706055,52.44720458984375,10937800
2011-07-22,60.45000076293945,61.0,60.150001525878906,60.7599983215332,53.06732177734375,6874300
2011-07-25,61.43000030517578,61.709999084472656,60.130001068115234,60.279998779296875,52.64808654785156,9478200
2011-07-26,60.2400016784668,60.56999969482422,59.84000015258789,60.290000915527344,52.65681457519531,6589300
2011-07-27,60.599998474121094,60.939998626708984,58.349998474121094,58.47999954223633,51.075984954833984,14018900
2011-07-28,58.130001068115234,58.29999923706055,57.150001525878906,58.130001068115234,50.77029800415039,12542600
2011-07-29,57.93000030517578,57.93000030517578,56.7599983215332,56.88999938964844,49.68729019165039,13971800
2011-08-01,56.9900016784668,58.22999954223633,56.75,57.36000061035156,50.0977897644043,10818000
2011-08-02,58.08000183105469,59.029998779296875,57.630001068115234,58.45000076293945,51.049781799316406,13021100
2011-08-03,59.150001525878906,59.77000045776367,58.90999984741211,59.20000076293945,51.70482635498047,12672400
2011-08-04,59.709999084472656,59.72999954223633,54.91999816894531,55.900001525878906,48.822635650634766,24418000
2011-08-05,56.20000076293945,57.15999984741211,53.779998779296875,55.41999816894531,48.40340042114258,17767700
2011-08-08,56.189998626708984,57.97999954223633,55.27000045776367,55.439998626708984,48.42087173461914,26913200
2011-08-09,56.380001068115234,57.720001220703125,54.900001525878906,57.70000076293945,50.39474868774414,23868200
2011-08-10,57.72999954223633,60.529998779296875,56.720001220703125,59.29999923706055,51.79216003417969,23957300
2011-08-11,58.959999084472656,60.34000015258789,57.790000915527344,59.849998474121094,52.27252960205078,20157100
2011-08-12,59.209999084472656,59.4900016784668,58.22999954223633,59.220001220703125,51.722293853759766,13455500
2011-08-15,59.06999969482422,61.0,58.599998474121094,60.900001525878906,53.189598083496094,11934000
2011-08-16,60.869998931884766,61.220001220703125,60.0,60.279998779296875,52.64808654785156,11112800
2011-08-17,60.34000015258789,61.560001373291016,60.279998779296875,60.7400016784668,53.04984664916992,8825900
2011-08-18,61.040000915527344,61.130001068115234,59.290000915527344,59.7599983215332,52.19392395019531,11366200
2011-08-19,60.63999938964844,61.7599983215332,60.459999084472656,61.2599983215332,53.50401306152344,15347500
2011-08-22,62.130001068115234,64.05000305175781,61.849998474121094,63.70000076293945,55.63508987426758,21888700
2011-08-23,62.529998779296875,63.060001373291016,60.63999938964844,61.4900016784668,53.704898834228516,22696900
2011-08-24,60.93000030517578,61.220001220703125,58.790000915527344,59.959999084472656,52.36861038208008,18463200
2011-08-25,59.02000045776367,61.45000076293945,58.56999969482422,61.06999969482422,53.33807373046875,15036200
2011-08-26,61.16999816894531,62.56999969482422,59.58000183105469,62.47999954223633,54.569557189941406,12205600
2011-08-29,62.72999954223633,62.84000015258789,61.13999938964844,61.95000076293945,54.106666564941406,12107900
2011-08-30,62.70000076293945,63.290000915527344,62.08000183105469,63.0,55.023712158203125,11241500
2011-08-31,63.02000045776367,63.45000076293945,61.90999984741211,62.79999923706055,54.84904098510742,11582100
2011-09-01,62.88999938964844,63.900001525878906,62.31999969482422,63.380001068115234,55.35560607910156,12892500
2011-09-02,64.33000183105469,65.33999633789062,64.23999786376953,64.91000366210938,56.69189453125,18725800
2011-09-06,65.2699966430664,66.68000030517578,64.37999725341797,65.33999633789062,57.06745529174805,23412000
2011-09-07,63.75,65.45999908447266,63.099998474121094,65.43000030517578,57.14606857299805,15155100
2011-09-08,66.63999938964844,66.94000244140625,66.0,66.62999725341797,58.194122314453125,16666600
2011-09-09,65.98999786376953,66.9800033569336,65.30999755859375,65.80000305175781,57.46921920776367,14665800
2011-09-12,64.75,65.5999984741211,62.34000015258789,63.900001525878906,55.809776306152344,18843400
2011-09-13,63.9900016784668,64.75,62.880001068115234,64.38999938964844,56.237728118896484,10438400
2011-09-14,64.2699966430664,64.30999755859375,63.0,63.16999816894531,55.17219543457031,11954300
2011-09-15,62.650001525878906,62.900001525878906,61.349998474121094,62.79999923706055,54.84904098510742,14250700
2011-09-16,63.0099983215332,64.20999908447266,62.86000061035156,64.11000061035156,55.99319076538086,12489200
2011-09-19,64.06999969482422,64.76000213623047,63.220001220703125,63.47999954223633,55.44293975830078,12326100
2011-09-20,63.54999923706055,66.38999938964844,63.209999084472656,65.62999725341797,57.320735931396484,15775600
2011-09-21,65.44999694824219,66.9000015258789,64.27999877929688,64.27999877929688,56.141658782958984,16292300
2011-09-22,61.06999969482422,61.22999954223633,58.650001525878906,59.29999923706055,51.79216003417969,27372500
2011-09-23,57.52000045776367,57.84000015258789,54.939998626708984,56.40999984741211,49.2680549621582,30082300
2011-09-26,55.7599983215332,57.54999923706055,54.97999954223633,57.34000015258789,50.08031463623047,23422700
2011-09-27,59.459999084472656,59.70000076293945,56.7599983215332,57.06999969482422,49.84450149536133,26567200
2011-09-28,57.27000045776367,57.90999984741211,54.4900016784668,54.540000915527344,47.63481903076172,16821800
2011-09-29,55.540000915527344,55.880001068115234,54.09000015258789,55.029998779296875,48.062767028808594,17720900
2011-09-30,54.40999984741211,56.58000183105469,54.25,55.189998626708984,48.20252227783203,15197400
2011-10-03,56.22999954223633,56.720001220703125,54.40999984741211,54.45000076293945,47.55621337890625,16264400
2011-10-04,53.75,53.75,50.41999816894531,52.5,45.85309982299805,29700000
2011-10-05,52.61000061035156,55.02000045776367,52.18000030517578,54.88999938964844,47.940513610839844,20112000
2011-10-06,54.9900016784668,56.279998779296875,54.130001068115234,56.27000045776367,49.145790100097656,17540800
2011-10-07,56.650001525878906,56.849998474121094,54.22999954223633,54.880001068115234,47.93177032470703,14417500
2011-10-10,56.290000915527344,56.84000015258789,55.68000030517578,56.84000015258789,49.64361572265625,11984300
2011-10-11,56.29999923706055,57.099998474121094,55.72999954223633,56.90999984741211,49.70475769042969,11868600
2011-10-12,57.540000915527344,57.849998474121094,56.849998474121094,57.38999938964844,50.12398147583008,11025600
2011-10-13,56.86000061035156,57.0,55.650001525878906,56.279998779296875,49.154518127441406,11561200
2011-10-14,56.880001068115234,58.0,56.72999954223633,57.959999084472656,50.62181854248047,8425200
2011-10-17,57.86000061035156,57.97999954223633,56.41999816894531,56.59000015258789,49.42527389526367,8866200
2011-10-18,55.779998779296875,57.15999984741211,54.279998779296875,56.970001220703125,49.75715637207031,14667100
2011-10-19,56.5099983215332,56.529998779296875,53.43000030517578,53.54999923706055,46.77016067504883,17339800
2011-10-20,53.0099983215332,53.77000045776367,52.029998779296875,53.130001068115234,46.40333557128906,16157100
2011-10-21,54.18000030517578,54.560001373291016,53.439998626708984,53.97999954223633,47.14571762084961,9628300
2011-10-24,54.400001525878906,56.220001220703125,54.38999938964844,56.029998779296875,48.93617248535156,12321400
2011-10-25,56.18000030517578,58.220001220703125,54.939998626708984,57.45000076293945,50.176387786865234,20170000
2011-10-26,58.13999938964844,58.63999938964844,56.689998626708984,57.970001220703125,50.63055419921875,14249400
2011-10-27,58.810001373291016,59.63999938964844,58.13999938964844,59.11000061035156,51.626220703125,16160500
2011-10-28,58.790000915527344,60.810001373291016,58.54999923706055,60.47999954223633,52.82276153564453,11921100
2011-10-31,59.75,59.77000045776367,58.720001220703125,58.83000183105469,51.38167190551758,10746500
2011-11-01,56.630001068115234,59.369998931884766,56.029998779296875,58.5099983215332,51.1021842956543,14572300
2011-11-02,59.5,60.75,58.95000076293945,59.959999084472656,52.36861038208008,11390400
2011-11-03,61.11000061035156,61.83000183105469,59.9900016784668,61.83000183105469,54.001853942871094,11762100
2011-11-04,61.11000061035156,61.470001220703125,59.93000030517578,61.29999923706055,53.5389518737793,7508000
2011-11-07,61.86000061035156,63.31999969482422,61.849998474121094,63.29999923706055,55.285728454589844,11832200
2011-11-08,63.04999923706055,63.70000076293945,62.5,62.5,54.58700942993164,11886800
2011-11-09,61.779998779296875,63.04999923706055,60.66999816894531,60.689998626708984,53.00618362426758,15054500
2011-11-10,61.0,61.209999084472656,59.27000045776367,60.16999816894531,52.55200958251953,14523500
2011-11-11,60.7400016784668,62.56999969482422,60.7400016784668,62.310001373291016,54.42107391357422,7928100
2011-11-14,62.04999923706055,62.38999938964844,60.83000183105469,61.16999816894531,53.42540740966797,7790100
2011-11-15,61.099998474121094,61.63999938964844,60.41999816894531,61.33000183105469,53.56515121459961,7028900
2011-11-16,60.54999923706055,61.54999923706055,60.209999084472656,60.310001373291016,52.674293518066406,7930400
2011-11-17,59.630001068115234,59.849998474121094,57.630001068115234,57.869998931884766,50.54320526123047,18674200
2011-11-18,58.11000061035156,58.54999923706055,56.77000045776367,57.060001373291016,49.83576965332031,12504500
2011-11-21,56.130001068115234,56.209999084472656,54.91999816894531,56.20000076293945,49.084651947021484,14780200
2011-11-22,56.70000076293945,57.619998931884766,56.2400016784668,57.040000915527344,49.818302154541016,12750700
2011-11-23,56.290000915527344,56.4900016784668,55.11000061035156,55.4900016784668,48.46453857421875,15222200
2011-11-25,54.970001220703125,55.84000015258789,54.77000045776367,54.790000915527344,47.85316848754883,5170700
2011-11-28,56.470001220703125,56.93000030517578,55.79999923706055,56.20000076293945,49.084651947021484,9859400
2011-11-29,56.220001220703125,57.11000061035156,56.029998779296875,56.459999084472656,49.311729431152344,7563000
2011-11-30,58.70000076293945,60.5,58.560001373291016,60.40999984741211,52.76163101196289,17914300
2011-12-01,60.31999969482422,61.0099983215332,59.599998474121094,60.29999923706055,52.665557861328125,11337300
2011-12-02,60.720001220703125,60.869998931884766,58.06999969482422,58.25,50.875099182128906,15115100
2011-12-05,58.220001220703125,59.47999954223633,57.5099983215332,57.86000061035156,50.53447723388672,10462500
2011-12-06,57.4900016784668,59.470001220703125,57.099998474121094,59.02000045776367,51.54761505126953,13805500
2011-12-07,59.06999969482422,59.290000915527344,58.27000045776367,58.959999084472656,51.495208740234375,11633100
2011-12-08,58.119998931884766,58.25,56.970001220703125,57.2599983215332,50.010440826416016,15134300
2011-12-09,57.43000030517578,58.060001373291016,57.08000183105469,57.83000183105469,50.50828170776367,8459300
2011-12-12,56.310001373291016,56.33000183105469,55.20000076293945,55.79999923706055,48.73529052734375,13465800
2011-12-13,55.959999084472656,56.66999816894531,53.720001220703125,54.040000915527344,47.198123931884766,17873300
2011-12-14,52.91999816894531,53.220001220703125,51.529998779296875,52.380001068115234,45.74829864501953,30181400
2011-12-15,53.0099983215332,53.13999938964844,51.56999969482422,51.68000030517578,45.13691711425781,20605600
2011-12-16,52.5,53.18000030517578,52.040000915527344,52.68000030517578,46.01030731201172,16285400
2011-12-19,52.4900016784668,52.54999923706055,51.029998779296875,51.16999816894531,44.69147872924805,15120200
2011-12-20,52.380001068115234,53.25,52.369998931884766,52.9900016784668,46.28106689453125,11644900
2011-12-21,53.150001525878906,53.43000030517578,52.41999816894531,52.959999084472656,46.254852294921875,8724300
2011-12-22,52.560001373291016,52.619998931884766,51.77000045776367,52.400001525878906,45.7657585144043,13179600
2011-12-23,52.59000015258789,52.790000915527344,52.349998474121094,52.790000915527344,46.238746643066406,4729000
2011-12-27,52.369998931884766,52.52000045776367,51.68000030517578,51.869998931884766,45.43291091918945,4786400
2011-12-28,51.77000045776367,51.869998931884766,50.0099983215332,50.060001373291016,43.847530364990234,14170400
2011-12-29,49.52000045776367,51.20000076293945,49.220001220703125,51.20000076293945,44.84606170654297,12196600
2011-12-30,51.619998931884766,52.08000183105469,51.09000015258789,51.43000030517578,45.04751968383789,10001400
2012-01-03,52.790000915527344,54.02000045776367,52.7599983215332,53.79999923706055,47.12339401245117,13011400
2012-01-04,53.61000061035156,54.540000915527344,53.34000015258789,53.7400016784668,47.07085418701172,8184000
2012-01-05,53.2599983215332,54.27000045776367,52.7599983215332,53.900001525878906,47.21098327636719,7415800
2012-01-06,54.130001068115234,54.290000915527344,53.220001220703125,53.349998474121094,46.729251861572266,7757700
2012-01-09,53.54999923706055,53.95000076293945,53.18000030517578,53.650001525878906,46.99201583862305,5513900
2012-01-10,54.79999923706055,55.06999969482422,54.38999938964844,54.470001220703125,47.71025466918945,6615000
2012-01-11,54.459999084472656,54.5099983215332,53.66999816894531,54.310001373291016,47.57011795043945,6838500
2012-01-12,54.84000015258789,55.45000076293945,54.310001373291016,54.720001220703125,47.92922592163086,8358700
2012-01-13,54.040000915527344,54.16999816894531,53.22999954223633,54.04999923706055,47.342376708984375,7322500
2012-01-17,54.540000915527344,54.540000915527344,52.86000061035156,53.18000030517578,46.58033752441406,8412800
2012-01-18,53.06999969482422,53.58000183105469,52.95000076293945,53.2400016784668,46.63290023803711,7007800
2012-01-19,53.16999816894531,53.41999816894531,51.58000183105469,52.150001525878906,45.67817306518555,12918900
2012-01-20,52.06999969482422,52.779998779296875,51.75,52.18000030517578,45.70444107055664,8845400
2012-01-23,52.41999816894531,53.27000045776367,52.41999816894531,53.0099983215332,46.431434631347656,12818900
2012-01-24,52.5099983215332,52.58000183105469,51.709999084472656,51.81999969482422,45.38911437988281,12761700
2012-01-25,51.58000183105469,55.40999984741211,51.27000045776367,55.22999954223633,48.375938415527344,26995600
2012-01-26,56.060001373291016,56.779998779296875,55.5099983215332,55.7599983215332,48.84016418457031,20174200
2012-01-27,55.79999923706055,57.369998931884766,55.720001220703125,57.13999938964844,50.04890060424805,14823200
2012-01-30,56.400001525878906,56.90999984741211,55.79999923706055,56.459999084472656,49.45329284667969,8660600
2012-01-31,57.52000045776367,57.709999084472656,55.75,56.459999084472656,49.45329284667969,14442300
2012-02-01,57.040000915527344,57.150001525878906,56.369998931884766,56.560001373291016,49.54088592529297,8178400
2012-02-02,57.09000015258789,57.939998626708984,56.689998626708984,57.470001220703125,50.33795166015625,10696000
2012-02-03,56.77000045776367,56.939998626708984,55.95000076293945,56.439998626708984,49.4357795715332,16557400
2012-02-06,56.02000045776367,56.79999923706055,55.86000061035156,56.18000030517578,49.208038330078125,9668400
2012-02-07,56.09000015258789,56.650001525878906,55.290000915527344,55.880001068115234,48.94526672363281,13118400
2012-02-08,56.13999938964844,56.529998779296875,55.369998931884766,55.540000915527344,48.647464752197266,8798100
2012-02-09,56.20000076293945,56.43000030517578,55.25,55.25,48.39345932006836,8596700
2012-02-10,54.540000915527344,54.84000015258789,54.08000183105469,54.4900016784668,47.72776794433594,9900900
2012-02-13,54.7599983215332,54.91999816894531,54.130001068115234,54.29999923706055,47.56134796142578,6050800
2012-02-14,54.29999923706055,54.54999923706055,53.189998626708984,53.77000045776367,47.09711837768555,10699100
2012-02-15,54.43000030517578,54.459999084472656,53.52000045776367,53.560001373291016,46.91318130493164,10014200
2012-02-16,52.939998626708984,55.150001525878906,52.689998626708984,54.95000076293945,48.13068389892578,15885900
2012-02-17,55.29999923706055,55.349998474121094,54.040000915527344,54.150001525878906,47.429954528808594,9653200
2012-02-21,55.0099983215332,55.849998474121094,54.70000076293945,55.81999969482422,48.8927116394043,11722700
2012-02-22,55.58000183105469,57.0,55.310001373291016,56.83000183105469,49.77737045288086,13146400
2012-02-23,57.040000915527344,57.709999084472656,56.77000045776367,57.2599983215332,50.15400695800781,14465100
2012-02-24,57.150001525878906,57.290000915527344,56.18000030517578,56.459999084472656,49.45329284667969,9122200
2012-02-27,56.27000045776367,56.63999938964844,55.72999954223633,56.060001373291016,49.10293197631836,8395400
2012-02-28,56.54999923706055,57.439998626708984,56.20000076293945,57.33000183105469,50.21532440185547,15019900
2012-02-29,57.5099983215332,57.90999984741211,54.869998931884766,55.400001525878906,48.524845123291016,34053800
2012-03-01,55.540000915527344,56.380001068115234,55.209999084472656,55.88999938964844,48.95402145385742,15032900
2012-03-02,55.38999938964844,55.529998779296875,54.5099983215332,54.790000915527344,47.99055099487305,12757700
2012-03-05,54.34000015258789,54.439998626708984,53.220001220703125,53.619998931884766,46.965736389160156,13539600
2012-03-06,52.54999923706055,52.58000183105469,51.63999938964844,52.470001220703125,45.95846176147461,20943600
2012-03-07,52.58000183105469,52.91999816894531,51.93000030517578,52.66999816894531,46.13364028930664,11751800
2012-03-08,53.22999954223633,53.709999084472656,52.470001220703125,53.31999969482422,46.702964782714844,9950500
2012-03-09,52.95000076293945,53.939998626708984,52.63999938964844,53.2400016784668,46.63290023803711,8384800
2012-03-12,52.95000076293945,53.2400016784668,52.220001220703125,52.369998931884766,45.8708610534668,8761400
2012-03-13,52.209999084472656,52.86000061035156,51.790000915527344,52.11000061035156,45.64312744140625,13602500
2012-03-14,51.349998474121094,51.349998474121094,49.68000030517578,50.119998931884766,43.90009307861328,24309200
2012-03-15,50.22999954223633,50.939998626708984,49.91999816894531,50.13999938964844,43.917606353759766,11196700
2012-03-16,49.95000076293945,50.310001373291016,49.79999923706055,49.93000030517578,43.73366928100586,11395500
2012-03-19,50.06999969482422,50.52000045776367,49.59000015258789,49.599998474121094,43.444618225097656,11432600
2012-03-20,48.9900016784668,49.9900016784668,48.41999816894531,49.86000061035156,43.672359466552734,15287200
2012-03-21,50.27000045776367,50.5,49.720001220703125,49.7599983215332,43.58476638793945,14024800
2012-03-22,48.7599983215332,49.130001068115234,48.45000076293945,48.75,42.700111389160156,11460500
2012-03-23,49.08000183105469,50.060001373291016,48.83000183105469,49.7599983215332,43.58476638793945,14594200
2012-03-26,50.810001373291016,50.95000076293945,50.20000076293945,50.630001068115234,44.34678649902344,12638700
2012-03-27,50.84000015258789,50.86000061035156,49.79999923706055,49.90999984741211,43.716156005859375,10166200
2012-03-28,49.650001525878906,49.75,48.630001068115234,48.93000030517578,42.85776901245117,14557900
2012-03-29,48.7599983215332,49.09000015258789,48.04999923706055,49.060001373291016,42.971641540527344,12259600
2012-03-30,49.619998931884766,49.630001068115234,48.810001373291016,49.540000915527344,43.39207458496094,9890400
2012-04-02,49.540000915527344,50.7599983215332,49.41999816894531,50.38999938964844,44.136573791503906,13114500
2012-04-03,50.470001220703125,50.470001220703125,48.349998474121094,48.75,42.700111389160156,17390400
2012-04-04,47.72999954223633,47.77000045776367,46.0099983215332,46.709999084472656,40.91327667236328,27237700
2012-04-05,46.95000076293945,47.08000183105469,46.0,46.20000076293945,40.4665641784668,11559200
2012-04-09,46.59000015258789,47.130001068115234,46.38999938964844,46.47999954223633,40.71181869506836,9302200
2012-04-10,46.439998626708984,47.189998626708984,45.97999954223633,47.040000915527344,41.20231246948242,18461300
2012-04-11,47.15999984741211,47.22999954223633,46.36000061035156,46.4900016784668,40.720577239990234,10167900
2012-04-12,46.459999084472656,48.33000183105469,46.45000076293945,48.150001525878906,42.17457962036133,14841700
2012-04-13,47.91999816894531,48.060001373291016,47.25,47.5,41.6052360534668,12925100
2012-04-16,47.34000015258789,47.7400016784668,46.38999938964844,46.63999938964844,40.851959228515625,12576000
2012-04-17,46.81999969482422,47.709999084472656,46.47999954223633,47.11000061035156,41.26362991333008,10549000
2012-04-18,46.650001525878906,47.2599983215332,46.400001525878906,46.630001068115234,40.843204498291016,10432800
2012-04-19,46.95000076293945,47.27000045776367,46.439998626708984,46.61000061035156,40.825687408447266,10358700
2012-04-20,46.72999954223633,47.060001373291016,46.099998474121094,46.119998931884766,40.396488189697266,10535400
2012-04-23,45.40999984741211,45.45000076293945,44.18000030517578,45.040000915527344,39.45051956176758,19325900
2012-04-24,45.349998474121094,45.470001220703125,44.790000915527344,45.13999938964844,39.538116455078125,10375100
2012-04-25,45.470001220703125,46.38999938964844,45.099998474121094,46.290000915527344,40.54539489746094,21177600
2012-04-26,46.31999969482422,46.45000076293945,45.869998931884766,46.25,40.51035690307617,12882600
2012-04-27,46.86000061035156,47.11000061035156,46.5099983215332,46.79999923706055,40.992103576660156,9498400
2012-04-30,46.369998931884766,46.56999969482422,45.709999084472656,46.38999938964844,40.632991790771484,9197900
2012-05-01,46.40999984741211,46.900001525878906,46.119998931884766,46.439998626708984,40.67677688598633,8883700
2012-05-02,46.06999969482422,46.099998474121094,45.29999923706055,45.65999984741211,39.99357223510742,10172800
2012-05-03,45.040000915527344,45.150001525878906,43.400001525878906,43.880001068115234,38.434471130371094,19120600
2012-05-04,43.81999969482422,44.7400016784668,43.790000915527344,44.04999923706055,38.58338165283203,14631400
2012-05-07,44.09000015258789,44.38999938964844,43.09000015258789,43.66999816894531,38.25053405761719,13775000
2012-05-08,42.7400016784668,42.849998474121094,41.72999954223633,42.16999816894531,36.93668746948242,23654800
2012-05-09,41.38999938964844,43.630001068115234,41.099998474121094,43.02000045776367,37.68120193481445,28890800
2012-05-10,43.54999923706055,43.88999938964844,42.68000030517578,43.09000015258789,37.742515563964844,18881400
2012-05-11,42.58000183105469,43.29999923706055,42.33000183105469,42.41999816894531,37.155662536621094,12632900
2012-05-14,41.56999969482422,42.2599983215332,40.95000076293945,40.970001220703125,35.8856086730957,21789800
2012-05-15,40.970001220703125,41.34000015258789,39.25,39.34000015258789,34.457889556884766,24527000
2012-05-16,39.45000076293945,40.65999984741211,39.08000183105469,39.560001373291016,34.65058898925781,28720000
2012-05-17,40.18000030517578,41.970001220703125,40.119998931884766,41.34000015258789,36.209693908691406,30740700
2012-05-18,42.189998626708984,42.810001373291016,41.439998626708984,41.619998931884766,36.45493698120117,21909600
2012-05-21,41.63999938964844,43.119998931884766,41.630001068115234,43.0099983215332,37.67244338989258,13536300
2012-05-22,42.959999084472656,43.7599983215332,42.20000076293945,42.540000915527344,37.260765075683594,20767800
2012-05-23,42.119998931884766,44.439998626708984,41.29999923706055,44.439998626708984,38.92498016357422,31400000
2012-05-24,44.75,45.279998779296875,43.70000076293945,44.630001068115234,39.091407775878906,21742500
2012-05-25,44.7400016784668,45.150001525878906,44.38999938964844,44.90999984741211,39.33665466308594,12572600
2012-05-29,45.41999816894531,45.47999954223633,43.68000030517578,44.09000015258789,38.6184196472168,16699100
2012-05-30,43.43000030517578,44.83000183105469,42.720001220703125,44.2400016784668,38.74980163574219,20220700
2012-05-31,44.31999969482422,44.849998474121094,43.13999938964844,43.779998779296875,38.346885681152344,15763700
2012-06-01,44.83000183105469,46.869998931884766,44.779998779296875,46.58000183105469,40.799407958984375,35430300
2012-06-04,46.91999816894531,47.349998474121094,45.86000061035156,47.33000183105469,41.45633316040039,20460800
2012-06-05,47.099998474121094,47.599998474121094,46.849998474121094,47.529998779296875,41.63151168823242,14154900
2012-06-06,48.380001068115234,48.720001220703125,46.90999984741211,47.619998931884766,41.71034240722656,24414600
2012-06-07,47.70000076293945,47.75,45.43000030517578,45.9900016784668,40.28262710571289,28584100
2012-06-08,45.36000061035156,46.63999938964844,45.06999969482422,46.33000183105469,40.58042526245117,14443000
2012-06-11,46.65999984741211,46.709999084472656,45.529998779296875,45.65999984741211,39.99357223510742,13785700
2012-06-12,46.119998931884766,46.939998626708984,46.0099983215332,46.7599983215332,40.95706558227539,13719300
2012-06-13,47.130001068115234,47.47999954223633,46.619998931884766,46.790000915527344,40.983341217041016,13250500
2012-06-14,47.13999938964844,47.16999816894531,46.20000076293945,46.93000030517578,41.10597610473633,15090600
2012-06-15,47.09000015258789,47.119998931884766,46.560001373291016,46.91999816894531,41.097206115722656,12873200
2012-06-18,46.33000183105469,47.91999816894531,46.150001525878906,47.72999954223633,41.80668640136719,13099100
2012-06-19,47.779998779296875,47.88999938964844,47.220001220703125,47.68000030517578,41.76289749145508,10395000
2012-06-20,47.099998474121094,48.349998474121094,46.5,47.27000045776367,41.403778076171875,21410300
2012-06-21,46.27000045776367,46.380001068115234,44.79999923706055,44.81999969482422,39.25782012939453,17763000
2012-06-22,44.7400016784668,45.349998474121094,44.029998779296875,44.58000183105469,39.047607421875,13971400
2012-06-25,44.119998931884766,45.45000076293945,43.869998931884766,45.15999984741211,39.555625915527344,11187900
2012-06-26,44.7599983215332,45.22999954223633,43.900001525878906,44.45000076293945,38.93374252319336,10339500
2012-06-27,44.70000076293945,44.79999923706055,43.68000030517578,44.279998779296875,38.78483581542969,9853800
2012-06-28,43.720001220703125,44.0,42.599998474121094,43.310001373291016,37.935211181640625,15493700
2012-06-29,44.9900016784668,45.08000183105469,44.13999938964844,44.77000045776367,39.21402359008789,12481800
2012-07-02,44.45000076293945,45.040000915527344,44.380001068115234,44.7599983215332,39.205265045166016,6302200
2012-07-03,45.47999954223633,46.56999969482422,45.459999084472656,46.45000076293945,40.685543060302734,11298800
2012-07-05,46.0,46.41999816894531,45.68000030517578,45.77000045776367,40.08993148803711,8584600
2012-07-06,45.0099983215332,45.40999984741211,44.25,44.43000030517578,38.91621780395508,12260200
2012-07-09,44.310001373291016,44.5099983215332,43.79999923706055,44.25,38.75856399536133,8547200
2012-07-10,44.66999816894531,44.84000015258789,42.650001525878906,42.869998931884766,37.5498161315918,14906800
2012-07-11,42.540000915527344,42.54999923706055,41.4900016784668,41.970001220703125,36.76150894165039,16633700
2012-07-12,41.20000076293945,42.060001373291016,40.459999084472656,41.709999084472656,36.533775329589844,24067000
2012-07-13,42.060001373291016,42.5099983215332,41.75,42.310001373291016,37.0593147277832,13690600
2012-07-16,42.369998931884766,42.43000030517578,41.900001525878906,42.15999984741211,36.92792510986328,7989500
2012-07-17,42.11000061035156,42.189998626708984,41.0,41.70000076293945,36.5250129699707,12185200
2012-07-18,41.290000915527344,41.58000183105469,41.0,41.119998931884766,36.01698684692383,8492600
2012-07-19,41.54999923706055,41.880001068115234,41.36000061035156,41.59000015258789,36.42865753173828,7725100
2012-07-20,41.349998474121094,41.869998931884766,41.310001373291016,41.720001220703125,36.54253387451172,8173800
2012-07-23,40.9900016784668,41.060001373291016,40.5099983215332,40.70000076293945,35.64910888671875,10124000
2012-07-24,41.04999923706055,41.16999816894531,40.400001525878906,40.720001220703125,35.6666374206543,8483400
2012-07-25,41.54999923706055,42.630001068115234,41.150001525878906,41.959999084472656,36.752750396728516,14456000
2012-07-26,42.08000183105469,42.959999084472656,41.810001373291016,42.83000183105469,37.5147819519043,13397600
2012-07-27,43.029998779296875,43.290000915527344,42.400001525878906,43.130001068115234,37.777557373046875,12202100
2012-07-30,43.0099983215332,43.77000045776367,42.90999984741211,43.720001220703125,38.29433822631836,7071700
2012-07-31,43.7400016784668,43.97999954223633,42.779998779296875,42.83000183105469,37.5147819519043,9413800
2012-08-01,42.59000015258789,43.04999923706055,41.09000015258789,42.25,37.00675964355469,30714900
2012-08-02,41.9900016784668,42.88999938964844,41.650001525878906,42.040000915527344,36.82282257080078,11901900
2012-08-03,42.54999923706055,43.0099983215332,42.33000183105469,42.86000061035156,37.54106140136719,14580100
2012-08-06,42.93000030517578,44.15999984741211,42.84000015258789,43.72999954223633,38.30309295654297,12916100
2012-08-07,44.040000915527344,44.25,43.77000045776367,44.22999954223633,38.74103927612305,8880400
2012-08-08,44.06999969482422,44.88999938964844,43.91999816894531,43.9900016784668,38.530826568603516,10652200
2012-08-09,44.0,44.72999954223633,43.72999954223633,44.560001373291016,39.030086517333984,8443400
2012-08-10,44.47999954223633,44.900001525878906,44.349998474121094,44.849998474121094,39.284095764160156,5845300
2012-08-13,45.0,45.34000015258789,44.06999969482422,44.2400016784668,38.74980163574219,8020400
2012-08-14,44.06999969482422,44.540000915527344,43.86000061035156,43.93000030517578,38.478275299072266,6268600
2012-08-15,44.0099983215332,44.189998626708984,43.70000076293945,44.150001525878906,38.67097091674805,4683000
2012-08-16,44.38999938964844,45.66999816894531,44.2599983215332,45.650001525878906,39.98481750488281,14382600
2012-08-17,45.75,45.900001525878906,45.060001373291016,45.34000015258789,39.71329116821289,7456000
2012-08-20,45.31999969482422,45.77000045776367,44.849998474121094,45.619998931884766,39.95853805541992,6397600
2012-08-21,46.36000061035156,47.22999954223633,46.08000183105469,46.380001068115234,40.624229431152344,16393800
2012-08-22,46.45000076293945,47.5,45.95000076293945,47.5,41.6052360534668,15922200
2012-08-23,47.959999084472656,48.150001525878906,47.349998474121094,47.41999816894531,41.535160064697266,14891700
2012-08-24,47.34000015258789,47.779998779296875,47.060001373291016,47.56999969482422,41.66654586791992,7617800
2012-08-27,47.59000015258789,47.66999816894531,46.790000915527344,46.900001525878906,41.07969665527344,8282900
2012-08-28,47.06999969482422,47.38999938964844,46.79999923706055,46.849998474121094,41.0359001159668,7093000
2012-08-29,46.959999084472656,47.0099983215332,46.2599983215332,46.38999938964844,40.632991790771484,8076100
2012-08-30,46.41999816894531,46.59000015258789,45.849998474121094,46.02000045776367,40.308902740478516,8065700
2012-08-31,46.43000030517578,48.060001373291016,45.959999084472656,47.939998626708984,41.990623474121094,26221700
2012-09-04,48.06999969482422,48.13999938964844,47.31999969482422,47.77000045776367,41.84172821044922,10668700
2012-09-05,47.72999954223633,47.97999954223633,47.290000915527344,47.93000030517578,41.98187255859375,6741300
2012-09-06,48.459999084472656,49.15999984741211,48.20000076293945,49.130001068115234,43.03295135498047,15134600
2012-09-07,50.2599983215332,50.72999954223633,50.08000183105469,50.459999084472656,44.19789505004883,18402500
2012-09-10,50.29999923706055,50.41999816894531,49.400001525878906,49.47999954223633,43.339508056640625,11893500
2012-09-11,49.93000030517578,50.349998474121094,49.58000183105469,49.810001373291016,43.62855911254883,9796700
2012-09-12,50.189998626708984,50.2400016784668,48.709999084472656,50.0099983215332,43.80374526977539,18235400
2012-09-13,49.88999938964844,52.529998779296875,49.2400016784668,52.52000045776367,46.002254486083984,32409600
2012-09-14,53.029998779296875,54.08000183105469,53.0,53.86000061035156,47.17595291137695,27035600
2012-09-17,54.02000045776367,54.20000076293945,53.130001068115234,53.88999938964844,47.20222854614258,12992700
2012-09-18,53.790000915527344,54.31999969482422,53.369998931884766,54.31999969482422,47.57887268066406,16323500
2012-09-19,54.5099983215332,54.95000076293945,53.900001525878906,54.790000915527344,47.99055099487305,15389300
2012-09-20,54.130001068115234,54.40999984741211,53.66999816894531,54.36000061035156,47.61391067504883,11582300
2012-09-21,55.11000061035156,55.25,54.310001373291016,54.810001373291016,48.008052825927734,13869600
2012-09-24,54.060001373291016,54.22999954223633,52.93000030517578,52.959999084472656,46.38764190673828,16072900
2012-09-25,53.709999084472656,53.959999084472656,52.15999984741211,52.16999816894531,45.695674896240234,17410200
2012-09-26,51.54999923706055,52.779998779296875,50.900001525878906,52.400001525878906,45.89714050292969,18635900
2012-09-27,53.09000015258789,53.9900016784668,52.599998474121094,53.88999938964844,47.20222854614258,17141300
2012-09-28,53.689998626708984,54.119998931884766,53.209999084472656,53.689998626708984,47.02705001831055,10909100
2012-10-01,54.209999084472656,54.61000061035156,53.70000076293945,53.93000030517578,47.237266540527344,10912600
2012-10-02,54.040000915527344,54.20000076293945,53.25,53.59000015258789,46.9394645690918,10223300
2012-10-03,53.68000030517578,53.68000030517578,52.619998931884766,52.720001220703125,46.17743682861328,11934900
2012-10-04,53.4900016784668,54.25,53.290000915527344,54.25,47.51755905151367,14103200
2012-10-05,53.9900016784668,54.63999938964844,53.41999816894531,53.650001525878906,46.99201583862305,12997100
2012-10-08,53.16999816894531,53.540000915527344,52.88999938964844,53.22999954223633,46.62413024902344,7563400
2012-10-09,53.43000030517578,53.65999984741211,52.04999923706055,52.08000183105469,45.616851806640625,13256500
2012-10-10,51.970001220703125,53.0,51.779998779296875,52.47999954223633,45.96720886230469,11006200
2012-10-11,52.81999969482422,53.130001068115234,52.459999084472656,52.4900016784668,45.97597885131836,7463700
2012-10-12,52.59000015258789,52.720001220703125,51.540000915527344,51.65999984741211,45.24898147583008,10958100
2012-10-15,51.27000045776367,51.68000030517578,50.810001373291016,51.63999938964844,45.2314567565918,10377700
2012-10-16,51.959999084472656,52.66999816894531,51.959999084472656,52.66999816894531,46.13364028930664,11357500
2012-10-17,52.7599983215332,53.400001525878906,52.220001220703125,53.11000061035156,46.51902389526367,10937100
2012-10-18,52.560001373291016,52.72999954223633,51.52000045776367,51.52000045776367,45.1263542175293,14783900
2012-10-19,51.349998474121094,52.0,50.7599983215332,51.72999954223633,45.3102912902832,19920000
2012-10-22,51.619998931884766,52.47999954223633,51.560001373291016,52.43000030517578,45.92341613769531,10197500
2012-10-23,51.22999954223633,51.47999954223633,50.91999816894531,50.959999084472656,44.63584518432617,14897400
2012-10-24,51.349998474121094,51.5,49.97999954223633,50.060001373291016,43.847530364990234,15897400
2012-10-25,51.290000915527344,51.72999954223633,51.02000045776367,51.59000015258789,45.187660217285156,17175500
2012-10-26,51.709999084472656,51.880001068115234,51.0,51.2400016784668,44.88109588623047,8553500
2012-10-31,51.880001068115234,52.970001220703125,51.86000061035156,52.900001525878906,46.3350944519043,17965000
2012-11-01,52.459999084472656,52.540000915527344,52.0,52.0099983215332,45.555538177490234,10229600
2012-11-02,51.31999969482422,51.400001525878906,49.7400016784668,49.7599983215332,43.58476638793945,20450400
2012-11-05,50.040000915527344,50.25,49.38999938964844,49.38999938964844,43.260684967041016,10855400
2012-11-06,50.02000045776367,50.4900016784668,49.38999938964844,50.34000015258789,44.092796325683594,18612700
2012-11-07,50.709999084472656,51.119998931884766,49.63999938964844,51.06999969482422,44.73219299316406,15286700
2012-11-08,50.77000045776367,51.81999969482422,50.20000076293945,51.40999984741211,45.029998779296875,15624700
2012-11-09,51.470001220703125,51.619998931884766,50.65999984741211,50.66999816894531,44.3818244934082,10771000
2012-11-12,50.70000076293945,50.939998626708984,49.97999954223633,50.040000915527344,43.83002471923828,7668700
2012-11-13,49.459999084472656,50.130001068115234,49.25,49.47999954223633,43.339508056640625,10448100
2012-11-14,49.41999816894531,49.45000076293945,47.15999984741211,47.220001220703125,41.35997772216797,25574300
2012-11-15,47.150001525878906,47.189998626708984,45.5,45.970001220703125,40.265106201171875,29679400
2012-11-16,45.900001525878906,46.77000045776367,45.349998474121094,46.470001220703125,40.703060150146484,22350700
2012-11-19,47.560001373291016,47.849998474121094,47.209999084472656,47.77000045776367,41.84172821044922,15537800
2012-11-20,47.540000915527344,47.72999954223633,47.08000183105469,47.36000061035156,41.48261642456055,10107900
2012-11-21,47.34000015258789,48.13999938964844,47.0,48.08000183105469,42.11324691772461,8856600
2012-11-23,48.349998474121094,49.0,47.880001068115234,48.7400016784668,42.691341400146484,12737700
2012-11-26,48.5,48.75,47.86000061035156,48.75,42.700111389160156,12536000
2012-11-27,48.27000045776367,48.47999954223633,47.459999084472656,47.459999084472656,41.57019805908203,18502000
2012-11-28,46.58000183105469,47.91999816894531,46.25,47.900001525878906,41.955589294433594,14299200
2012-11-29,48.130001068115234,48.470001220703125,47.560001373291016,48.040000915527344,42.078216552734375,9941800
2012-11-30,47.7599983215332,48.279998779296875,47.060001373291016,47.54999923706055,41.649024963378906,11111000
2012-12-03,47.52000045776367,47.65999984741211,46.43000030517578,46.47999954223633,40.71181869506836,14753700
2012-12-04,45.880001068115234,46.97999954223633,45.72999954223633,46.650001525878906,40.860721588134766,11930500
2012-12-05,46.68000030517578,46.70000076293945,45.220001220703125,45.349998474121094,39.7220458984375,16368500
2012-12-06,45.33000183105469,46.13999938964844,45.25,45.54999923706055,39.89723205566406,13228400
2012-12-07,45.959999084472656,46.20000076293945,45.65999984741211,45.93000030517578,40.230072021484375,10047800
2012-12-10,46.29999923706055,46.66999816894531,46.099998474121094,46.52000045776367,40.746856689453125,9836300
2012-12-11,46.380001068115234,46.720001220703125,46.22999954223633,46.279998779296875,40.53663635253906,7457600
2012-12-12,46.720001220703125,47.959999084472656,46.61000061035156,47.630001068115234,41.71910858154297,23020300
2012-12-13,46.560001373291016,46.88999938964844,45.970001220703125,46.34000015258789,40.58918762207031,15955300
2012-12-14,46.150001525878906,46.75,45.959999084472656,46.47999954223633,40.71181869506836,12424800
2012-12-17,46.31999969482422,46.70000076293945,46.060001373291016,46.5099983215332,40.73809814453125,9087200
2012-12-18,46.52000045776367,46.61000061035156,45.38999938964844,45.75,40.072410583496094,14998700
2012-12-19,45.529998779296875,45.79999923706055,45.279998779296875,45.36000061035156,39.73080062866211,10954600
2012-12-20,44.849998474121094,45.20000076293945,44.15999984741211,45.06999969482422,39.47679138183594,14517200
2012-12-21,44.66999816894531,45.54999923706055,44.65999984741211,45.18000030517578,39.573143005371094,11377700
2012-12-24,44.86000061035156,44.900001525878906,44.18000030517578,44.849998474121094,39.68995666503906,5888200
2012-12-26,45.029998779296875,45.2400016784668,44.68000030517578,45.150001525878906,39.9554443359375,7026700
2012-12-27,44.7599983215332,45.900001525878906,44.689998626708984,45.439998626708984,40.21207809448242,17914700
2012-12-28,45.290000915527344,45.689998626708984,44.880001068115234,44.93000030517578,39.76075744628906,10707600
2012-12-31,45.0,46.59000015258789,44.95000076293945,46.38999938964844,41.05278778076172,16214700
2013-01-02,47.22999954223633,47.529998779296875,46.90999984741211,47.099998474121094,41.681095123291016,13210600
2013-01-03,46.7400016784668,47.060001373291016,45.06999969482422,45.13999938964844,39.94659423828125,22829200
2013-01-04,44.790000915527344,45.33000183105469,44.5,45.33000183105469,40.11473846435547,16822300
2013-01-07,44.849998474121094,45.04999923706055,44.439998626708984,44.47999954223633,39.362525939941406,15483900
2013-01-08,44.52000045776367,44.70000076293945,43.9900016784668,44.650001525878906,39.51295852661133,11815600
2013-01-09,44.619998931884766,44.720001220703125,44.130001068115234,44.36000061035156,39.2563362121582,7690400
2013-01-10,44.86000061035156,45.59000015258789,44.849998474121094,45.40999984741211,40.18553161621094,16542800
2013-01-11,45.34000015258789,45.4900016784668,44.88999938964844,45.400001525878906,40.17668151855469,12013900
2013-01-14,45.68000030517578,45.7599983215332,45.189998626708984,45.22999954223633,40.0262451171875,8074700
2013-01-15,45.52000045776367,45.959999084472656,45.040000915527344,45.59000015258789,40.34482192993164,9774200
2013-01-16,45.290000915527344,45.41999816894531,45.099998474121094,45.209999084472656,40.008548736572266,8441200
2013-01-17,44.95000076293945,45.45000076293945,44.540000915527344,45.0,39.82270431518555,12326900
2013-01-18,45.25,45.25,44.900001525878906,45.11000061035156,39.9200439453125,8141400
2013-01-22,45.029998779296875,45.91999816894531,44.880001068115234,45.81999969482422,40.54835891723633,12118800
2013-01-23,45.619998931884766,45.720001220703125,44.540000915527344,44.560001373291016,39.433319091796875,16697100
2013-01-24,44.220001220703125,44.41999816894531,43.099998474121094,43.22999954223633,38.25634002685547,25261700
2013-01-25,42.95000076293945,43.060001373291016,41.900001525878906,41.91999816894531,37.09705352783203,35696400
2013-01-28,41.959999084472656,42.08000183105469,41.38999938964844,41.47999954223633,36.70768356323242,18548900
2013-01-29,42.119998931884766,42.41999816894531,41.84000015258789,42.25,37.389095306396484,16484400
2013-01-30,42.93000030517578,43.13999938964844,41.900001525878906,41.959999084472656,37.13246536254883,19525600
2013-01-31,41.869998931884766,41.93000030517578,41.400001525878906,41.619998931884766,36.831565856933594,12440500
2013-02-01,42.27000045776367,42.38999938964844,41.54999923706055,42.220001220703125,37.362545013427734,17063300
2013-02-04,42.029998779296875,42.880001068115234,41.9900016784668,42.34000015258789,37.46874237060547,9921100
2013-02-05,42.59000015258789,42.66999816894531,42.060001373291016,42.2599983215332,37.3979377746582,7646100
2013-02-06,42.220001220703125,42.619998931884766,42.16999816894531,42.540000915527344,37.645721435546875,8173500
2013-02-07,42.11000061035156,42.939998626708984,42.0,42.599998474121094,37.69882583618164,9787300
2013-02-08,42.56999969482422,42.77000045776367,42.310001373291016,42.31999969482422,37.4510383605957,5593600
2013-02-11,41.939998626708984,41.970001220703125,41.36000061035156,41.470001220703125,36.69883346557617,11962600
2013-02-12,41.41999816894531,41.9900016784668,41.13999938964844,41.91999816894531,37.09705352783203,11065200
2013-02-13,41.79999923706055,42.08000183105469,41.15999984741211,41.20000076293945,36.45989990234375,14594300
2013-02-14,41.38999938964844,42.0099983215332,41.349998474121094,41.36000061035156,36.60148620605469,9956400
2013-02-15,40.83000183105469,40.83000183105469,39.83000183105469,39.88999938964844,35.30062484741211,22895700
2013-02-19,39.77000045776367,39.77000045776367,39.15999984741211,39.369998931884766,34.84043884277344,15353800
2013-02-20,38.709999084472656,38.880001068115234,37.38999938964844,37.45000076293945,33.14133834838867,37094600
2013-02-21,37.61000061035156,38.709999084472656,37.4900016784668,38.119998931884766,33.734249114990234,23221700
2013-02-22,38.220001220703125,38.459999084472656,37.720001220703125,37.93000030517578,33.56610870361328,11323300
2013-02-25,38.47999954223633,39.0,38.290000915527344,38.56999969482422,34.13248062133789,17100500
2013-02-26,38.7599983215332,39.290000915527344,38.13999938964844,39.04999923706055,34.5572509765625,19392300
2013-02-27,38.66999816894531,38.720001220703125,38.13999938964844,38.2599983215332,33.858154296875,14560700
2013-02-28,38.09000015258789,38.099998474121094,37.220001220703125,37.400001525878906,33.09709167480469,15832200
2013-03-01,37.540000915527344,37.779998779296875,37.02000045776367,37.11000061035156,32.840457916259766,13137000
2013-03-04,37.040000915527344,37.119998931884766,35.88999938964844,35.90999984741211,31.778505325317383,24525200
2013-03-05,36.38999938964844,36.650001525878906,35.900001525878906,35.93000030517578,31.796220779418945,17759700
2013-03-06,35.88999938964844,37.45000076293945,35.56999969482422,37.439998626708984,33.13248062133789,33784100
2013-03-07,37.529998779296875,38.060001373291016,36.869998931884766,36.90999984741211,32.66346740722656,22037400
2013-03-08,36.56999969482422,37.58000183105469,36.310001373291016,37.11000061035156,32.840457916259766,23003100
2013-03-11,37.220001220703125,37.33000183105469,36.779998779296875,36.959999084472656,32.70771026611328,11375600
2013-03-12,37.56999969482422,38.20000076293945,37.439998626708984,37.880001068115234,33.52186965942383,21810500
2013-03-13,37.939998626708984,38.029998779296875,36.72999954223633,36.869998931884766,32.6280632019043,18937900
2013-03-14,36.689998626708984,37.459999084472656,36.56999969482422,37.25,32.964351654052734,12373800
2013-03-15,37.2599983215332,37.56999969482422,37.099998474121094,37.34000015258789,33.04399871826172,12569800
2013-03-18,37.83000183105469,38.09000015258789,37.36000061035156,37.47999954223633,33.16788864135742,9937400
2013-03-19,37.45000076293945,37.849998474121094,37.2400016784668,37.58000183105469,33.25638198852539,12018400
2013-03-20,37.54999923706055,37.709999084472656,37.310001373291016,37.45000076293945,33.14133834838867,8447200
2013-03-21,37.72999954223633,38.58000183105469,37.650001525878906,38.43000030517578,34.00859069824219,17376100
2013-03-22,38.130001068115234,38.54999923706055,37.9900016784668,38.15999984741211,33.769649505615234,10310300
2013-03-25,37.95000076293945,38.130001068115234,37.38999938964844,37.66999816894531,33.33602523803711,14494300
2013-03-26,37.5099983215332,37.66999816894531,37.029998779296875,37.380001068115234,33.07939529418945,19264000
2013-03-27,37.20000076293945,38.08000183105469,37.119998931884766,38.0,33.62805938720703,16701600
2013-03-28,37.77000045776367,37.93000030517578,37.54999923706055,37.849998474121094,33.49531555175781,7672800
2013-04-01,37.84000015258789,37.880001068115234,37.20000076293945,37.45000076293945,33.14133834838867,12218000
2013-04-02,36.970001220703125,36.9900016784668,35.79999923706055,35.880001068115234,31.751970291137695,22194000
2013-04-03,35.7599983215332,36.18000030517578,34.02000045776367,34.25,30.309505462646484,42315900
2013-04-04,34.09000015258789,35.41999816894531,33.709999084472656,35.220001220703125,31.167903900146484,29846900
2013-04-05,35.650001525878906,35.9900016784668,34.83000183105469,35.060001373291016,31.026315689086914,21249100
2013-04-08,35.09000015258789,35.29999923706055,34.5099983215332,34.650001525878906,30.663484573364258,18689700
2013-04-09,34.84000015258789,36.290000915527344,34.66999816894531,36.029998779296875,31.88471031188965,20471900
2013-04-10,35.54999923706055,35.779998779296875,34.619998931884766,34.650001525878906,30.663484573364258,26201600
2013-04-11,34.619998931884766,34.97999954223633,34.18000030517578,34.18000030517578,30.247560501098633,15927900
2013-04-12,33.38999938964844,33.45000076293945,32.11000061035156,32.220001220703125,28.513059616088867,40555900
2013-04-15,30.239999771118164,30.25,28.989999771118164,29.020000457763672,25.68121910095215,74239200
2013-04-16,30.18000030517578,30.280000686645508,28.6299991607666,28.81999969482422,25.504226684570312,38723200
2013-04-17,28.84000015258789,29.200000762939453,27.270000457763672,27.3799991607666,24.22989845275879,47828900
2013-04-18,27.649999618530273,28.559999465942383,27.469999313354492,28.219999313354492,24.9732608795166,31983200
2013-04-19,28.690000534057617,28.959999084472656,27.8700008392334,28.59000015258789,25.300691604614258,22404900
2013-04-22,29.200000762939453,29.350000381469727,28.5,28.969999313354492,25.6369686126709,18280600
2013-04-23,28.579999923706055,28.68000030517578,28.0,28.31999969482422,25.061752319335938,16850200
2013-04-24,28.899999618530273,30.43000030517578,28.8700008392334,30.229999542236328,26.752004623413086,34054000
2013-04-25,30.81999969482422,31.270000457763672,30.360000610351562,30.579999923706055,27.061735153198242,30995200
2013-04-26,30.59000015258789,30.770000457763672,29.209999084472656,29.459999084472656,26.070594787597656,27488000
2013-04-29,29.979999542236328,30.239999771118164,29.690000534057617,29.90999984741211,26.468822479248047,14765000
2013-04-30,29.68000030517578,30.360000610351562,28.989999771118164,30.360000610351562,26.86705207824707,19689400
2013-05-01,29.459999084472656,30.09000015258789,29.1200008392334,29.649999618530273,26.238733291625977,27633100
2013-05-02,29.8799991607666,29.959999084472656,29.3700008392334,29.6299991607666,26.221036911010742,12825400
2013-05-03,29.610000610351562,30.280000686645508,29.459999084472656,29.690000534057617,26.274133682250977,14874300
2013-05-06,29.75,29.81999969482422,29.549999237060547,29.729999542236328,26.309534072875977,7885300
2013-05-07,29.110000610351562,29.239999771118164,28.6200008392334,28.850000381469727,25.530778884887695,21191600
2013-05-08,29.25,30.5,29.18000030517578,30.440000534057617,26.937847137451172,33362600
2013-05-09,29.799999237060547,30.959999084472656,29.739999771118164,29.850000381469727,26.415725708007812,22262200
2013-05-10,29.139999389648438,29.829999923706055,28.81999969482422,29.809999465942383,26.380325317382812,20007800
2013-05-13,29.350000381469727,29.5,29.030000686645508,29.030000686645508,25.6900691986084,11824200
2013-05-14,28.8700008392334,29.459999084472656,28.6200008392334,28.709999084472656,25.40688133239746,14384500
2013-05-15,28.219999313354492,28.440000534057617,27.350000381469727,27.399999618530273,24.247600555419922,31353000
2013-05-16,27.020000457763672,27.90999984741211,26.68000030517578,27.479999542236328,24.318395614624023,21859900
2013-05-17,27.139999389648438,27.190000534057617,26.360000610351562,26.3799991607666,23.344951629638672,23628300
2013-05-20,26.31999969482422,28.18000030517578,26.239999771118164,28.020000457763672,24.79627227783203,39215400
2013-05-21,27.239999771118164,27.770000457763672,26.860000610351562,27.31999969482422,24.176803588867188,24521400
2013-05-22,27.770000457763672,28.65999984741211,27.270000457763672,27.670000076293945,24.486536026000977,38650700
2013-05-23,28.239999771118164,28.280000686645508,27.690000534057617,27.8700008392334,24.66352653503418,15396700
2013-05-24,27.75,28.190000534057617,27.309999465942383,27.5,24.336095809936523,19892600
2013-05-28,27.440000534057617,28.030000686645508,27.020000457763672,27.219999313354492,24.08831214904785,21388200
2013-05-29,27.450000762939453,28.5,27.360000610351562,28.5,25.221044540405273,28924800
2013-05-30,29.149999618530273,30.100000381469727,29.049999237060547,30.059999465942383,26.601564407348633,39676500
2013-05-31,29.610000610351562,29.850000381469727,29.1299991607666,29.5,26.10599136352539,20244000
2013-06-03,29.799999237060547,30.579999923706055,29.65999984741211,30.360000610351562,26.86705207824707,22263600
2013-06-04,29.8700008392334,29.969999313354492,29.399999618530273,29.84000015258789,26.40687370300293,18458000
2013-06-05,29.8799991607666,30.360000610351562,29.530000686645508,29.93000030517578,26.486520767211914,16816400
2013-06-06,29.93000030517578,30.489999771118164,29.700000762939453,30.299999237060547,26.81395149230957,17932900
2013-06-07,29.510000228881836,29.639999389648438,28.75,28.989999771118164,25.654666900634766,21212000
2013-06-10,29.020000457763672,29.40999984741211,28.68000030517578,29.09000015258789,25.743165969848633,14144800
2013-06-11,28.40999984741211,28.709999084472656,28.059999465942383,28.1299991607666,24.893611907958984,21145700
2013-06-12,28.170000076293945,28.850000381469727,28.06999969482422,28.350000381469727,25.088300704956055,17782700
2013-06-13,28.139999389648438,28.65999984741211,27.950000762939453,28.6299991607666,25.336088180541992,17264300
2013-06-14,28.790000915527344,28.81999969482422,28.06999969482422,28.1200008392334,24.884767532348633,12271700
2013-06-17,28.1200008392334,28.399999618530273,27.950000762939453,28.190000534057617,24.94671058654785,8644600
2013-06-18,27.979999542236328,28.1299991607666,27.280000686645508,27.3799991607666,24.22989845275879,19369600
2013-06-19,27.489999771118164,27.700000762939453,26.420000076293945,26.510000228881836,23.45999526977539,21733700
2013-06-20,25.139999389648438,25.440000534057617,24.15999984741211,24.549999237060547,21.725496292114258,67786300
2013-06-21,24.8700008392334,25.010000228881836,23.950000762939453,24.899999618530273,22.03523063659668,32954800
2013-06-24,24.31999969482422,24.40999984741211,23.520000457763672,23.75,21.01753807067871,36549500
2013-06-25,23.81999969482422,24.049999237060547,23.3799991607666,23.65999984741211,20.937891006469727,23530200
2013-06-26,22.770000457763672,22.889999389648438,22.209999084472656,22.219999313354492,19.663564682006836,46923300
2013-06-27,22.540000915527344,23.040000915527344,22.399999618530273,22.790000915527344,20.167987823486328,49234300
2013-06-28,22.5,24.65999984741211,22.459999084472656,24.489999771118164,21.672399520874023,75335700
2013-07-01,24.899999618530273,25.200000762939453,24.309999465942383,24.889999389648438,22.026378631591797,32205000
2013-07-02,24.739999771118164,24.780000686645508,23.459999084472656,23.75,21.01753807067871,34482700
2013-07-03,24.020000457763672,24.329999923706055,23.760000228881836,24.18000030517578,21.398059844970703,21909200
2013-07-05,23.3700008392334,23.43000030517578,22.790000915527344,23.420000076293945,20.72550392150879,43649000
2013-07-08,23.639999389648438,23.709999084472656,22.899999618530273,22.899999618530273,20.26533317565918,21770700
2013-07-09,23.299999237060547,23.65999984741211,23.030000686645508,23.219999313354492,20.548513412475586,20635900
2013-07-10,23.329999923706055,23.6299991607666,22.920000076293945,23.190000534057617,20.5219669342041,22679700
2013-07-11,24.520000457763672,24.979999542236328,24.219999313354492,24.969999313354492,22.097171783447266,38637300
2013-07-12,24.549999237060547,24.719999313354492,24.059999465942383,24.3700008392334,21.566205978393555,23268700
2013-07-15,24.3700008392334,24.579999923706055,24.149999618530273,24.290000915527344,21.495412826538086,12949200
2013-07-16,24.510000228881836,25.670000076293945,24.510000228881836,25.649999618530273,22.698938369750977,35463700
2013-07-17,25.760000228881836,25.989999771118164,24.860000610351562,24.8799991607666,22.017528533935547,37268500
2013-07-18,25.139999389648438,25.270000457763672,24.700000762939453,24.780000686645508,21.929033279418945,16323800
2013-07-19,25.1299991607666,25.889999389648438,24.979999542236328,25.860000610351562,22.88477897644043,27363400
2013-07-22,26.950000762939453,27.760000228881836,26.790000915527344,27.440000534057617,24.283000946044922,43719300
2013-07-23,27.389999389648438,28.350000381469727,27.079999923706055,28.350000381469727,25.088300704956055,39798800
2013-07-24,28.100000381469727,28.200000762939453,26.389999389648438,26.950000762939453,23.849374771118164,43653900
2013-07-25,26.75,27.700000762939453,26.719999313354492,27.209999084472656,24.079458236694336,28249400
2013-07-26,26.899999618530273,27.600000381469727,26.610000610351562,27.579999923706055,24.406888961791992,25046200
2013-07-29,27.649999618530273,27.719999313354492,27.219999313354492,27.229999542236328,24.097156524658203,19000000
2013-07-30,27.219999313354492,27.3799991607666,26.850000381469727,27.059999465942383,23.946718215942383,17316000
2013-07-31,27.079999923706055,27.68000030517578,26.389999389648438,26.989999771118164,23.8847713470459,27347600
2013-08-01,27.100000381469727,27.149999618530273,26.100000381469727,26.170000076293945,23.159116744995117,28548000
2013-08-02,26.149999618530273,26.530000686645508,25.520000457763672,25.59000015258789,22.645843505859375,32483200
2013-08-05,25.6200008392334,26.040000915527344,25.34000015258789,25.43000030517578,22.504249572753906,18584400
2013-08-06,25.0,25.020000457763672,24.030000686645508,24.030000686645508,21.265321731567383,38664100
2013-08-07,23.940000534057617,24.489999771118164,23.889999389648438,23.940000534057617,21.185678482055664,19506600
2013-08-08,24.3799991607666,26.09000015258789,24.270000457763672,26.0,23.0086727142334,65972000
2013-08-09,25.889999389648438,26.979999542236328,25.559999465942383,26.469999313354492,23.424598693847656,45317800
2013-08-12,27.579999923706055,28.200000762939453,27.56999969482422,28.010000228881836,24.78742218017578,49441900
2013-08-13,27.799999237060547,28.040000915527344,27.049999237060547,27.190000534057617,24.06175994873047,36959000
2013-08-14,27.459999084472656,28.760000228881836,27.43000030517578,28.700000762939453,25.39803123474121,53862500
2013-08-15,28.15999984741211,30.43000030517578,28.110000610351562,30.43000030517578,26.928993225097656,66608300
2013-08-16,30.739999771118164,30.940000534057617,29.479999542236328,29.790000915527344,26.36263084411621,48518000
2013-08-19,29.850000381469727,30.010000228881836,29.1200008392334,29.229999542236328,25.867053985595703,31219400
2013-08-20,29.309999465942383,30.520000457763672,29.239999771118164,30.329999923706055,26.840499877929688,44816400
2013-08-21,29.90999984741211,30.030000686645508,28.90999984741211,28.93000030517578,25.601572036743164,53748500
2013-08-22,29.399999618530273,29.889999389648438,29.06999969482422,29.3700008392334,25.990949630737305,35527500
2013-08-23,29.329999923706055,30.40999984741211,29.299999237060547,30.139999389648438,26.672359466552734,42793200
2013-08-26,30.389999389648438,30.8799991607666,30.030000686645508,30.40999984741211,26.911300659179688,34120400
2013-08-27,31.280000686645508,31.350000381469727,29.059999465942383,29.100000381469727,25.752016067504883,63019200
2013-08-28,29.40999984741211,29.959999084472656,28.1299991607666,28.299999237060547,25.04405403137207,62618100
2013-08-29,28.030000686645508,28.920000076293945,27.540000915527344,28.540000915527344,25.256444931030273,61229600
2013-08-30,28.030000686645508,28.65999984741211,27.850000381469727,28.1299991607666,24.893611907958984,40929400
2013-09-03,28.649999618530273,28.90999984741211,28.280000686645508,28.399999618530273,25.132549285888672,35970300
2013-09-04,28.049999237060547,28.579999923706055,27.8799991607666,28.579999923706055,25.291839599609375,34233800
2013-09-05,28.299999237060547,28.40999984741211,27.43000030517578,27.530000686645508,24.36264991760254,48364600
2013-09-06,27.950000762939453,28.290000915527344,27.799999237060547,28.010000228881836,24.78742218017578,31426800
2013-09-09,28.010000228881836,28.18000030517578,27.559999465942383,27.649999618530273,24.46883773803711,29911900
2013-09-10,27.09000015258789,27.1299991607666,26.450000762939453,26.56999969482422,23.513090133666992,46624300
2013-09-11,26.68000030517578,26.829999923706055,26.200000762939453,26.790000915527344,23.707782745361328,34982000
2013-09-12,25.899999618530273,26.0,25.239999771118164,25.290000915527344,22.380361557006836,64028900
2013-09-13,25.15999984741211,25.729999542236328,25.079999923706055,25.6299991607666,22.681241989135742,50205800
2013-09-16,25.780000686645508,26.030000686645508,25.3700008392334,25.389999389648438,22.468852996826172,36537700
2013-09-17,25.649999618530273,25.93000030517578,25.43000030517578,25.93000030517578,22.946725845336914,39034600
2013-09-18,25.649999618530273,28.639999389648438,25.469999313354492,28.25,24.999805450439453,114753100
2013-09-19,28.450000762939453,28.510000228881836,26.979999542236328,27.360000610351562,24.21219825744629,72377600
2013-09-20,26.90999984741211,26.920000076293945,25.549999237060547,25.760000228881836,22.79628562927246,95898100
2013-09-23,25.540000915527344,26.06999969482422,24.75,25.170000076293945,22.274166107177734,55259900
2013-09-24,24.84000015258789,25.34000015258789,24.56999969482422,25.079999923706055,22.19451904296875,41784500
2013-09-25,25.229999542236328,26.0,25.170000076293945,25.520000457763672,22.583894729614258,52931800
2013-09-26,25.530000686645508,25.780000686645508,24.799999237060547,25.110000610351562,22.221067428588867,39161000
2013-09-27,25.459999084472656,25.670000076293945,24.93000030517578,25.170000076293945,22.274166107177734,25521800
2013-09-30,24.899999618530273,25.3700008392334,24.809999465942383,25.020000457763672,22.14142417907715,28640200
2013-10-01,24.420000076293945,24.649999618530273,24.299999237060547,24.40999984741211,21.601604461669922,48633800
2013-10-02,24.649999618530273,25.06999969482422,24.469999313354492,24.489999771118164,21.672399520874023,35018800
2013-10-03,24.559999465942383,24.799999237060547,24.25,24.260000228881836,21.468860626220703,27697600
2013-10-04,24.329999923706055,24.450000762939453,24.030000686645508,24.190000534057617,21.406917572021484,24234600
2013-10-07,24.399999618530273,24.6299991607666,24.329999923706055,24.59000015258789,21.760892868041992,33627300
2013-10-08,24.56999969482422,24.639999389648438,23.600000381469727,23.81999969482422,21.079484939575195,48557000
2013-10-09,23.6200008392334,24.15999984741211,23.1299991607666,23.920000076293945,21.167980194091797,33991300
2013-10-10,23.84000015258789,24.100000381469727,23.459999084472656,23.559999465942383,20.849395751953125,36571100
2013-10-11,23.219999313354492,23.3700008392334,22.93000030517578,23.049999237060547,20.3980712890625,46747300
2013-10-14,23.229999542236328,23.34000015258789,22.920000076293945,23.110000610351562,20.451173782348633,22566300
2013-10-15,22.979999542236328,23.780000686645508,22.8799991607666,23.760000228881836,21.026384353637695,49631500
2013-10-16,23.639999389648438,23.68000030517578,23.219999313354492,23.280000686645508,20.601613998413086,39103400
2013-10-17,24.1299991607666,24.969999313354492,24.09000015258789,24.5,21.681249618530273,61897600
2013-10-18,24.520000457763672,24.770000457763672,24.299999237060547,24.3799991607666,21.57505226135254,23734800
2013-10-21,24.469999313354492,24.969999313354492,24.43000030517578,24.93000030517578,22.061777114868164,27070400
2013-10-22,25.5,26.1200008392334,25.43000030517578,26.020000457763672,23.026371002197266,53476300
2013-10-23,25.809999465942383,26.0,25.079999923706055,25.18000030517578,22.28301239013672,45435300
2013-10-24,25.850000381469727,26.270000457763672,25.790000915527344,26.1299991607666,23.12371063232422,56123000
2013-10-25,25.979999542236328,26.450000762939453,25.739999771118164,26.31999969482422,23.29185676574707,24939200
2013-10-28,26.389999389648438,26.90999984741211,26.06999969482422,26.540000915527344,23.486541748046875,27557200
2013-10-29,26.389999389648438,26.479999542236328,25.700000762939453,25.780000686645508,22.81398582458496,38950500
2013-10-30,26.25,26.43000030517578,25.18000030517578,26.229999542236328,23.212209701538086,42162800
2013-10-31,25.450000762939453,25.68000030517578,25.09000015258789,25.100000381469727,22.212215423583984,56234000
2013-11-01,24.65999984741211,24.719999313354492,24.020000457763672,24.079999923706055,21.3095703125,59342300
2013-11-04,24.3799991607666,24.860000610351562,24.299999237060547,24.809999465942383,21.95557975769043,36347100
2013-11-05,24.6299991607666,24.700000762939453,24.200000762939453,24.489999771118164,21.672399520874023,24843100
2013-11-06,24.739999771118164,24.899999618530273,24.639999389648438,24.790000915527344,21.937883377075195,22748600
2013-11-07,24.420000076293945,24.899999618530273,24.100000381469727,24.139999389648438,21.362667083740234,37682400
2013-11-08,23.8700008392334,24.299999237060547,23.5,24.280000686645508,21.486562728881836,40162600
2013-11-11,24.049999237060547,24.34000015258789,23.729999542236328,24.299999237060547,21.504257202148438,27788400
2013-11-12,24.049999237060547,24.31999969482422,23.65999984741211,23.780000686645508,21.044086456298828,37518000
2013-11-13,23.959999084472656,24.079999923706055,23.75,23.90999984741211,21.15913200378418,21370400
2013-11-14,24.25,24.59000015258789,24.1200008392334,24.549999237060547,21.725496292114258,48882100
2013-11-15,24.6299991607666,24.700000762939453,24.049999237060547,24.1299991607666,21.353818893432617,37580000
2013-11-18,24.079999923706055,24.1200008392334,23.579999923706055,23.670000076293945,20.946739196777344,37617300
2013-11-19,23.739999771118164,23.8799991607666,23.540000915527344,23.690000534057617,20.964439392089844,19716300
2013-11-20,23.389999389648438,23.6299991607666,22.65999984741211,22.850000381469727,20.221084594726562,62055700
2013-11-21,22.6299991607666,22.670000076293945,22.229999542236328,22.530000686645508,19.937902450561523,44479000
2013-11-22,22.6299991607666,22.850000381469727,22.25,22.25,19.69011116027832,29647700
2013-11-25,21.850000381469727,22.40999984741211,21.520000457763672,22.200000762939453,19.64586639404297,49429800
2013-11-26,21.979999542236328,22.110000610351562,21.610000610351562,21.65999984741211,19.16798973083496,35439100
2013-11-27,21.8799991607666,21.979999542236328,21.579999923706055,21.809999465942383,19.300731658935547,26314800
2013-11-29,22.110000610351562,22.399999618530273,22.030000686645508,22.280000686645508,19.716659545898438,27521400
2013-12-02,21.790000915527344,21.8799991607666,20.899999618530273,20.899999618530273,18.495431900024414,73218400
2013-12-03,20.770000457763672,21.030000686645508,20.56999969482422,20.56999969482422,18.203397750854492,39831700
2013-12-04,20.829999923706055,21.40999984741211,20.610000610351562,21.219999313354492,18.778614044189453,60397000
2013-12-05,20.6200008392334,21.040000915527344,20.559999465942383,20.670000076293945,18.29189682006836,47038600
2013-12-06,21.010000228881836,21.139999389648438,20.639999389648438,20.65999984741211,18.283044815063477,24136900
2013-12-09,20.799999237060547,21.209999084472656,20.729999542236328,21.209999084472656,18.76976776123047,46482400
2013-12-10,21.8799991607666,22.190000534057617,21.829999923706055,22.030000686645508,19.495426177978516,53807700
2013-12-11,22.010000228881836,22.010000228881836,21.18000030517578,21.190000534057617,18.7520694732666,41639900
2013-12-12,20.670000076293945,21.049999237060547,20.510000228881836,21.010000228881836,18.592777252197266,29255000
2013-12-13,21.239999771118164,21.440000534057617,21.020000457763672,21.110000610351562,18.681272506713867,27341400
2013-12-16,21.25,21.56999969482422,21.079999923706055,21.3799991607666,18.920207977294922,30996800
2013-12-17,21.15999984741211,21.350000381469727,21.0,21.190000534057617,18.7520694732666,25799700
2013-12-18,21.309999465942383,21.670000076293945,20.81999969482422,20.860000610351562,18.460033416748047,51982900
2013-12-19,20.450000762939453,20.6299991607666,20.3700008392334,20.5,18.14145278930664,34844500
2013-12-20,20.639999389648438,20.790000915527344,20.510000228881836,20.530000686645508,18.16800308227539,26982400
2013-12-23,20.329999923706055,20.440000534057617,20.239999771118164,20.389999389648438,18.21355628967285,18645900
2013-12-24,20.420000076293945,21.040000915527344,20.420000076293945,21.030000686645508,18.785242080688477,34891900
2013-12-26,21.270000457763672,21.399999618530273,20.899999618530273,21.049999237060547,18.8031063079834,18396900
2013-12-27,21.200000762939453,21.25,20.989999771118164,21.25,18.98175811767578,20863900
2013-12-30,21.040000915527344,21.170000076293945,20.6299991607666,20.639999389648438,18.436870574951172,41975200
2013-12-31,20.530000686645508,21.25,20.520000457763672,21.1299991607666,18.874568939208984,45942200
2014-01-02,21.59000015258789,22.09000015258789,21.56999969482422,22.030000686645508,19.678503036499023,50923300
2014-01-03,22.139999389648438,22.219999313354492,21.809999465942383,21.829999923706055,19.499849319458008,24075200
2014-01-06,21.989999771118164,22.239999771118164,21.8799991607666,21.93000030517578,19.589176177978516,27905100
2014-01-07,21.700000762939453,21.989999771118164,21.540000915527344,21.969999313354492,19.624906539916992,20746000
2014-01-08,21.65999984741211,21.799999237060547,21.489999771118164,21.610000610351562,19.3033390045166,32699500
2014-01-09,21.56999969482422,21.59000015258789,21.260000228881836,21.270000457763672,18.99962615966797,26816900
2014-01-10,21.670000076293945,22.059999465942383,21.579999923706055,22.010000228881836,19.660640716552734,48807100
2014-01-13,22.059999465942383,22.670000076293945,21.8799991607666,22.649999618530273,20.232322692871094,40953500
2014-01-14,22.469999313354492,22.790000915527344,22.049999237060547,22.100000381469727,19.74103355407715,44762000
2014-01-15,21.950000762939453,22.420000076293945,21.8700008392334,22.389999389648438,20.000076293945312,25062000
2014-01-16,22.579999923706055,22.700000762939453,22.40999984741211,22.6200008392334,20.205528259277344,17849900
2014-01-17,22.899999618530273,23.3799991607666,22.850000381469727,23.329999923706055,20.839736938476562,39755700
2014-01-21,23.049999237060547,23.809999465942383,22.93000030517578,23.700000762939453,21.170246124267578,36615000
2014-01-22,23.549999237060547,23.549999237060547,22.979999542236328,23.09000015258789,20.6253604888916,36751100
2014-01-23,23.540000915527344,24.0,23.530000686645508,23.719999313354492,21.188114166259766,45871700
2014-01-24,24.010000228881836,24.190000534057617,23.1200008392334,23.670000076293945,21.143447875976562,35768500
2014-01-27,23.520000457763672,23.59000015258789,22.8700008392334,22.889999389648438,20.44670295715332,39306300
2014-01-28,23.020000457763672,23.510000228881836,22.809999465942383,23.399999618530273,20.90226936340332,35800200
2014-01-29,23.760000228881836,24.049999237060547,23.350000381469727,24.010000228881836,21.44715690612793,45294600
2014-01-30,23.309999465942383,23.6200008392334,23.25,23.489999771118164,20.982662200927734,39061500
2014-01-31,23.739999771118164,23.760000228881836,23.170000076293945,23.479999542236328,20.97372817993164,28864000
2014-02-03,23.690000534057617,24.0,23.299999237060547,23.299999237060547,20.812942504882812,29233300
2014-02-04,23.209999084472656,23.600000381469727,23.15999984741211,23.59000015258789,21.071989059448242,25405500
2014-02-05,23.790000915527344,23.81999969482422,23.190000534057617,23.209999084472656,20.732547760009766,26263800
2014-02-06,23.3799991607666,23.469999313354492,23.06999969482422,23.190000534057617,20.714685440063477,17131300
2014-02-07,23.229999542236328,23.940000534057617,23.219999313354492,23.90999984741211,21.357830047607422,41599600
2014-02-10,24.229999542236328,24.780000686645508,24.229999542236328,24.700000762939453,22.063505172729492,46083500
2014-02-11,24.989999771118164,25.760000228881836,24.93000030517578,25.649999618530273,22.912097930908203,60141000
2014-02-12,25.6299991607666,25.649999618530273,24.719999313354492,24.770000457763672,22.126035690307617,58448600
2014-02-13,24.829999923706055,25.889999389648438,24.729999542236328,25.8700008392334,23.108619689941406,59204100
2014-02-14,26.420000076293945,26.68000030517578,26.049999237060547,26.350000381469727,23.537384033203125,52546300
2014-02-18,26.56999969482422,26.600000381469727,26.09000015258789,26.459999084472656,23.63564109802246,30546700
2014-02-19,26.280000686645508,26.559999465942383,25.559999465942383,25.6299991607666,22.894237518310547,49689800
2014-02-20,25.790000915527344,26.760000228881836,25.719999313354492,26.670000076293945,23.823223114013672,48798000
2014-02-21,26.709999084472656,26.850000381469727,26.25,26.530000686645508,23.698169708251953,38899700
2014-02-24,26.899999618530273,26.959999084472656,26.690000534057617,26.700000762939453,23.85002326965332,26237700
2014-02-25,26.670000076293945,26.799999237060547,26.299999237060547,26.329999923706055,23.51951789855957,33248100
2014-02-26,26.100000381469727,26.299999237060547,25.780000686645508,26.049999237060547,23.269405364990234,37403200
2014-02-27,26.139999389648438,26.469999313354492,25.90999984741211,25.969999313354492,23.19794464111328,24135500
2014-02-28,26.079999923706055,26.170000076293945,25.75,25.8799991607666,23.117549896240234,26854600
2014-03-03,26.670000076293945,26.739999771118164,26.219999313354492,26.299999237060547,23.492721557617188,38957700
2014-03-04,25.959999084472656,26.280000686645508,25.829999923706055,26.100000381469727,23.314067840576172,21126300
2014-03-05,26.149999618530273,26.520000457763672,26.010000228881836,26.5,23.671371459960938,24839500
2014-03-06,26.700000762939453,26.8700008392334,26.549999237060547,26.790000915527344,23.930418014526367,30022900
2014-03-07,26.360000610351562,26.3799991607666,26.049999237060547,26.18000030517578,23.385530471801758,41153600
2014-03-10,26.18000030517578,26.270000457763672,25.860000610351562,25.969999313354492,23.19794464111328,22459800
2014-03-11,26.260000228881836,26.329999923706055,25.940000534057617,26.1299991607666,23.340864181518555,40182800
2014-03-12,26.549999237060547,26.940000534057617,26.440000534057617,26.920000076293945,24.046541213989258,48251500
2014-03-13,26.850000381469727,27.639999389648438,26.760000228881836,27.6299991607666,24.680753707885742,51290800
2014-03-14,27.969999313354492,28.030000686645508,27.420000076293945,27.729999542236328,24.77008056640625,33467300
2014-03-17,27.549999237060547,27.6200008392334,26.799999237060547,26.799999237060547,23.939348220825195,57393200
2014-03-18,26.420000076293945,26.8700008392334,26.260000228881836,26.43000030517578,23.60884666442871,35900800
2014-03-19,26.219999313354492,26.329999923706055,25.420000076293945,25.440000534057617,22.724517822265625,59004800
2014-03-20,25.219999313354492,25.790000915527344,25.15999984741211,25.469999313354492,22.751312255859375,30817600
2014-03-21,25.850000381469727,25.940000534057617,25.280000686645508,25.520000457763672,22.795978546142578,23183300
2014-03-24,25.110000610351562,25.219999313354492,24.290000915527344,24.329999923706055,21.732999801635742,60563300
2014-03-25,24.549999237060547,24.75,24.360000610351562,24.479999542236328,21.866985321044922,40283600
2014-03-26,24.5,24.6200008392334,23.479999542236328,23.489999771118164,20.982662200927734,60261900
2014-03-27,23.459999084472656,23.889999389648438,23.270000457763672,23.81999969482422,21.277435302734375,38461400
2014-03-28,23.700000762939453,24.350000381469727,23.510000228881836,24.100000381469727,21.527551651000977,46141600
2014-03-31,23.959999084472656,24.170000076293945,23.440000534057617,23.610000610351562,21.089853286743164,45688600
2014-04-01,23.719999313354492,23.8799991607666,23.5,23.690000534057617,21.161314010620117,19095400
2014-04-02,24.100000381469727,24.489999771118164,24.079999923706055,24.31999969482422,21.72406578063965,50757600
2014-04-03,24.100000381469727,24.1299991607666,23.799999237060547,24.06999969482422,21.50075340270996,29477700
2014-04-04,24.6299991607666,24.65999984741211,24.139999389648438,24.260000228881836,21.670475006103516,30183500
2014-04-07,24.18000030517578,24.639999389648438,24.059999465942383,24.260000228881836,21.670475006103516,26017500
2014-04-08,24.68000030517578,24.93000030517578,24.489999771118164,24.8799991607666,22.224292755126953,35477500
2014-04-09,24.600000381469727,25.34000015258789,24.5,25.06999969482422,22.394012451171875,28068600
2014-04-10,25.239999771118164,25.299999237060547,24.530000686645508,24.56999969482422,21.9473819732666,33824400
2014-04-11,24.639999389648438,24.799999237060547,24.1299991607666,24.219999313354492,21.634740829467773,25661000
2014-04-14,24.56999969482422,24.829999923706055,24.3799991607666,24.520000457763672,21.902719497680664,26719400
2014-04-15,23.829999923706055,24.06999969482422,23.530000686645508,24.020000457763672,21.456087112426758,40829300
2014-04-16,24.040000915527344,24.079999923706055,23.670000076293945,23.799999237060547,21.25956916809082,24011100
2014-04-17,23.799999237060547,23.959999084472656,23.540000915527344,23.56999969482422,21.054121017456055,19332100
2014-04-21,23.579999923706055,23.739999771118164,23.040000915527344,23.510000228881836,21.000526428222656,33215100
2014-04-22,23.540000915527344,23.81999969482422,23.329999923706055,23.790000915527344,21.250640869140625,21896000
2014-04-23,23.829999923706055,24.469999313354492,23.770000457763672,24.270000457763672,21.679405212402344,44932000
2014-04-24,23.950000762939453,24.360000610351562,23.84000015258789,23.940000534057617,21.38463020324707,29250600
2014-04-25,24.1299991607666,24.479999542236328,24.030000686645508,24.459999084472656,21.84912109375,32620000
2014-04-28,24.309999465942383,24.34000015258789,23.8799991607666,23.989999771118164,21.429290771484375,28567200
2014-04-29,23.93000030517578,24.450000762939453,23.920000076293945,24.309999465942383,21.715131759643555,25448500
2014-04-30,24.049999237060547,24.34000015258789,23.93000030517578,24.110000610351562,21.536479949951172,19155500
2014-05-01,23.850000381469727,24.010000228881836,23.729999542236328,23.790000915527344,21.250640869140625,21062200
2014-05-02,23.920000076293945,24.389999389648438,23.809999465942383,24.31999969482422,21.72406578063965,30655700
2014-05-05,24.600000381469727,24.670000076293945,24.290000915527344,24.40999984741211,21.804460525512695,13954400
2014-05-06,24.43000030517578,24.440000534057617,24.25,24.280000686645508,21.688339233398438,8793200
2014-05-07,24.200000762939453,24.209999084472656,23.6200008392334,23.809999465942383,21.268505096435547,34352300
2014-05-08,23.81999969482422,23.989999771118164,23.719999313354492,23.770000457763672,21.23277473449707,13305600
2014-05-09,23.850000381469727,23.950000762939453,23.520000457763672,23.729999542236328,21.19704246520996,10691700
2014-05-12,24.010000228881836,24.1200008392334,23.850000381469727,23.93000030517578,21.37569236755371,16204900
2014-05-13,23.93000030517578,24.100000381469727,23.739999771118164,23.75,21.21491050720215,12505800
2014-05-14,24.040000915527344,24.1299991607666,23.959999084472656,24.010000228881836,21.44715690612793,16749000
2014-05-15,23.809999465942383,23.940000534057617,23.510000228881836,23.6200008392334,21.098785400390625,26428900
2014-05-16,23.479999542236328,23.579999923706055,23.329999923706055,23.420000076293945,20.92013168334961,14762700
2014-05-19,23.6200008392334,23.649999618530273,23.270000457763672,23.40999984741211,20.911203384399414,11015300
2014-05-20,23.280000686645508,23.520000457763672,23.260000228881836,23.389999389648438,20.89333152770996,9777000
2014-05-21,23.280000686645508,23.489999771118164,23.219999313354492,23.450000762939453,20.946929931640625,11669100
2014-05-22,23.6299991607666,23.639999389648438,23.389999389648438,23.389999389648438,20.89333152770996,10736700
2014-05-23,23.420000076293945,23.5,23.299999237060547,23.309999465942383,20.82187271118164,8163800
2014-05-27,23.0,23.020000457763672,22.40999984741211,22.40999984741211,20.017942428588867,42767100
2014-05-28,22.329999923706055,22.420000076293945,21.93000030517578,22.040000915527344,19.687435150146484,38713400
2014-05-29,21.959999084472656,22.459999084472656,21.93000030517578,22.239999771118164,19.866086959838867,20726800
2014-05-30,22.139999389648438,22.5,21.940000534057617,22.5,20.098337173461914,28665000
2014-06-02,22.31999969482422,22.540000915527344,22.149999618530273,22.290000915527344,19.910751342773438,21540300
2014-06-03,22.290000915527344,22.420000076293945,22.0,22.3700008392334,19.982213973999023,17797700
2014-06-04,22.399999618530273,22.43000030517578,22.229999542236328,22.280000686645508,19.901819229125977,16684600
2014-06-05,22.5,22.790000915527344,22.420000076293945,22.649999618530273,20.232322692871094,23394100
2014-06-06,22.639999389648438,22.68000030517578,22.34000015258789,22.639999389648438,20.223388671875,16146600
2014-06-09,22.639999389648438,22.780000686645508,22.530000686645508,22.549999237060547,20.142993927001953,9406200
2014-06-10,22.670000076293945,23.040000915527344,22.649999618530273,23.030000686645508,20.571762084960938,23569000
2014-06-11,23.1200008392334,23.40999984741211,23.059999465942383,23.40999984741211,20.911203384399414,26206500
2014-06-12,23.489999771118164,24.040000915527344,23.459999084472656,24.030000686645508,21.465023040771484,36108300
2014-06-13,23.979999542236328,24.1200008392334,23.690000534057617,24.110000610351562,21.536479949951172,27970100
2014-06-16,24.200000762939453,24.270000457763672,23.920000076293945,23.979999542236328,21.420358657836914,26461100
2014-06-17,23.760000228881836,24.15999984741211,23.68000030517578,24.1200008392334,21.545412063598633,18753900
2014-06-18,24.100000381469727,24.780000686645508,24.030000686645508,24.760000228881836,22.117103576660156,37017800
2014-06-19,25.170000076293945,26.100000381469727,25.139999389648438,26.09000015258789,23.305133819580078,79263400
2014-06-20,25.889999389648438,26.059999465942383,25.6299991607666,25.81999969482422,23.063955307006836,39255700
2014-06-23,25.8799991607666,26.309999465942383,25.719999313354492,26.270000457763672,23.46592140197754,29849300
2014-06-24,26.389999389648438,26.530000686645508,25.469999313354492,25.469999313354492,22.751312255859375,47793000
2014-06-25,25.469999313354492,25.969999313354492,25.450000762939453,25.760000228881836,23.010360717773438,26661400
2014-06-26,25.579999923706055,25.989999771118164,25.43000030517578,25.950000762939453,23.180084228515625,24494300
2014-06-27,25.940000534057617,26.149999618530273,25.709999084472656,25.979999542236328,23.206876754760742,18777600
2014-06-30,25.780000686645508,26.530000686645508,25.649999618530273,26.450000762939453,23.626710891723633,33266100
2014-07-01,26.5,26.649999618530273,26.149999618530273,26.239999771118164,23.439125061035156,37682400
2014-07-02,26.209999084472656,26.690000534057617,26.209999084472656,26.479999542236328,23.653507232666016,47776900
2014-07-03,26.200000762939453,26.5,25.940000534057617,26.5,23.671371459960938,24026700
2014-07-07,26.200000762939453,26.270000457763672,26.0,26.040000915527344,23.260473251342773,27758400
2014-07-08,26.31999969482422,26.469999313354492,25.889999389648438,26.459999084472656,23.63564109802246,39251800
2014-07-09,26.6200008392334,27.239999771118164,26.59000015258789,27.149999618530273,24.251989364624023,45722200
2014-07-10,27.610000610351562,27.780000686645508,26.59000015258789,26.610000610351562,23.769630432128906,56464800
2014-07-11,26.739999771118164,27.3799991607666,26.700000762939453,27.31999969482422,24.403846740722656,44288000
2014-07-14,26.520000457763672,26.93000030517578,26.43000030517578,26.600000381469727,23.760696411132812,50884100
2014-07-15,26.690000534057617,26.889999389648438,25.75,25.780000686645508,23.028223037719727,57239800
2014-07-16,25.989999771118164,26.469999313354492,25.959999084472656,26.280000686645508,23.474853515625,35776800
2014-07-17,26.399999618530273,27.059999465942383,26.34000015258789,26.989999771118164,24.10906982421875,49433900
2014-07-18,26.68000030517578,26.969999313354492,26.459999084472656,26.940000534057617,24.06440544128418,29638500
2014-07-21,27.049999237060547,27.059999465942383,26.510000228881836,26.899999618530273,24.028675079345703,20045600
2014-07-22,26.799999237060547,26.899999618530273,26.520000457763672,26.59000015258789,23.75176429748535,24406300
2014-07-23,26.579999923706055,26.860000610351562,26.469999313354492,26.489999771118164,23.662437438964844,20042200
2014-07-24,26.309999465942383,26.329999923706055,25.950000762939453,26.079999923706055,23.296205520629883,32711300
2014-07-25,26.100000381469727,26.829999923706055,26.040000915527344,26.81999969482422,23.957216262817383,37295300
2014-07-28,26.639999389648438,27.0,26.56999969482422,26.989999771118164,24.10906982421875,16168400
2014-07-29,27.030000686645508,27.1200008392334,26.65999984741211,26.760000228881836,23.90361785888672,22239100
2014-07-30,26.649999618530273,26.65999984741211,26.200000762939453,26.469999313354492,23.644575119018555,32753900
2014-07-31,26.219999313354492,26.309999465942383,25.84000015258789,25.90999984741211,23.14434814453125,33849300
2014-08-01,26.219999313354492,27.520000457763672,25.93000030517578,26.200000762939453,23.403392791748047,30954500
2014-08-04,26.139999389648438,26.260000228881836,25.729999542236328,25.950000762939453,23.180084228515625,24726000
2014-08-05,25.850000381469727,26.219999313354492,25.59000015258789,26.100000381469727,23.314067840576172,25597200
2014-08-06,26.530000686645508,26.790000915527344,26.479999542236328,26.690000534057617,23.84109115600586,38162200
2014-08-07,26.56999969482422,26.889999389648438,26.3799991607666,26.760000228881836,23.90361785888672,17953800
2014-08-08,26.809999465942383,27.079999923706055,26.6299991607666,26.780000686645508,23.92148208618164,13860400
2014-08-11,26.649999618530273,26.969999313354492,26.639999389648438,26.969999313354492,24.091205596923828,13519500
2014-08-12,27.1200008392334,27.56999969482422,27.06999969482422,27.43000030517578,24.502105712890625,31400400
2014-08-13,27.459999084472656,27.6299991607666,27.270000457763672,27.399999618530273,24.475303649902344,16989400
2014-08-14,27.399999618530273,27.579999923706055,26.969999313354492,27.1299991607666,24.234121322631836,27201700
2014-08-15,26.649999618530273,27.040000915527344,26.579999923706055,26.81999969482422,23.957216262817383,29043500
2014-08-18,26.690000534057617,27.0,26.59000015258789,26.989999771118164,24.10906982421875,16707000
2014-08-19,26.950000762939453,27.040000915527344,26.639999389648438,26.690000534057617,23.84109115600586,20323300
2014-08-20,26.739999771118164,26.979999542236328,26.549999237060547,26.65999984741211,23.814292907714844,15985200
2014-08-21,26.299999237060547,26.350000381469727,25.93000030517578,26.06999969482422,23.287269592285156,47056300
2014-08-22,26.1299991607666,26.229999542236328,25.8700008392334,26.100000381469727,23.314067840576172,15593600
2014-08-25,26.020000457763672,26.020000457763672,25.610000610351562,25.6200008392334,22.885303497314453,25534700
2014-08-26,26.0,26.239999771118164,25.889999389648438,26.190000534057617,23.394466400146484,31613500
2014-08-27,26.200000762939453,26.329999923706055,26.06999969482422,26.110000610351562,23.322999954223633,12577500
2014-08-28,26.40999984741211,26.489999771118164,26.270000457763672,26.459999084472656,23.63564109802246,18631500
2014-08-29,26.3700008392334,26.739999771118164,26.290000915527344,26.690000534057617,23.84109115600586,16430600
2014-09-02,26.15999984741211,26.200000762939453,25.770000457763672,25.809999465942383,23.055023193359375,45629200
2014-09-03,25.90999984741211,26.0,25.760000228881836,25.780000686645508,23.028223037719727,18809800
2014-09-04,25.899999618530273,25.969999313354492,24.799999237060547,24.8799991607666,22.224292755126953,48013800
2014-09-05,25.010000228881836,25.100000381469727,24.65999984741211,25.06999969482422,22.394012451171875,29706700
2014-09-08,24.899999618530273,24.920000076293945,24.149999618530273,24.190000534057617,21.60794448852539,44416600
2014-09-09,24.209999084472656,24.639999389648438,24.030000686645508,24.559999465942383,21.93844985961914,29675800
2014-09-10,24.290000915527344,24.459999084472656,23.959999084472656,24.100000381469727,21.527551651000977,33863700
2014-09-11,23.920000076293945,24.329999923706055,23.770000457763672,24.270000457763672,21.679405212402344,29420500
2014-09-12,24.030000686645508,24.200000762939453,23.790000915527344,23.8799991607666,21.33103370666504,32381700
2014-09-15,24.010000228881836,24.040000915527344,23.75,23.90999984741211,21.357830047607422,20102500
2014-09-16,23.90999984741211,24.25,23.670000076293945,24.0,21.438222885131836,27000500
2014-09-17,24.020000457763672,24.079999923706055,23.389999389648438,23.43000030517578,20.929065704345703,41435400
2014-09-18,23.350000381469727,23.459999084472656,23.079999923706055,23.1299991607666,20.66108512878418,35030900
2014-09-19,23.100000381469727,23.1299991607666,22.489999771118164,22.65999984741211,20.241254806518555,51690900
2014-09-22,22.530000686645508,22.540000915527344,22.020000457763672,22.18000030517578,19.81249237060547,41175500
2014-09-23,22.5,22.65999984741211,22.239999771118164,22.540000915527344,20.134065628051758,34631500
2014-09-24,22.3700008392334,22.59000015258789,22.18000030517578,22.209999084472656,19.839290618896484,29477400
2014-09-25,21.989999771118164,22.3700008392334,21.850000381469727,22.350000381469727,19.964344024658203,35894800
2014-09-26,22.200000762939453,22.229999542236328,21.920000076293945,21.979999542236328,19.633838653564453,30222900
2014-09-29,22.1200008392334,22.170000076293945,21.739999771118164,21.75,19.428390502929688,22893400
2014-09-30,21.690000534057617,21.8700008392334,21.290000915527344,21.360000610351562,19.08001708984375,44049300
2014-10-01,21.479999542236328,21.84000015258789,21.389999389648438,21.399999618530273,19.11574935913086,32615000
2014-10-02,21.559999465942383,21.700000762939453,21.229999542236328,21.6200008392334,19.312265396118164,30790500
2014-10-03,21.25,21.25,20.6299991607666,20.6299991607666,18.427940368652344,72263700
2014-10-06,20.899999618530273,21.229999542236328,20.739999771118164,21.15999984741211,18.901365280151367,43922100
2014-10-07,21.219999313354492,21.280000686645508,20.40999984741211,20.420000076293945,18.2403564453125,59344300
2014-10-08,20.670000076293945,22.15999984741211,20.110000610351562,21.940000534057617,19.598108291625977,114256600
2014-10-09,21.899999618530273,21.920000076293945,20.719999313354492,21.219999313354492,18.95496368408203,77681600
2014-10-10,21.1299991607666,21.610000610351562,20.670000076293945,20.770000457763672,18.55299949645996,52079000
2014-10-13,21.1299991607666,21.760000228881836,21.010000228881836,21.1200008392334,18.865638732910156,45807100
2014-10-14,21.280000686645508,21.75,21.229999542236328,21.3700008392334,19.08895492553711,36062500
2014-10-15,21.510000228881836,21.93000030517578,21.200000762939453,21.450000762939453,19.160409927368164,36039100
2014-10-16,21.309999465942383,21.770000457763672,21.229999542236328,21.360000610351562,19.08001708984375,28753500
2014-10-17,21.40999984741211,21.440000534057617,20.690000534057617,20.690000534057617,18.481536865234375,54513000
2014-10-20,20.950000762939453,21.229999542236328,20.799999237060547,21.200000762939453,18.93709945678711,32998700
2014-10-21,21.43000030517578,21.579999923706055,21.020000457763672,21.100000381469727,18.84777069091797,21702100
2014-10-22,20.969999313354492,21.059999465942383,20.420000076293945,20.440000534057617,18.258220672607422,40030800
2014-10-23,20.25,20.719999313354492,20.049999237060547,20.559999465942383,18.36540985107422,36274300
2014-10-24,20.530000686645508,20.639999389648438,20.270000457763672,20.469999313354492,18.285015106201172,16302400
2014-10-27,20.350000381469727,20.399999618530273,20.09000015258789,20.110000610351562,17.963443756103516,28523200
2014-10-28,20.290000915527344,20.540000915527344,20.100000381469727,20.530000686645508,18.3386173248291,32700000
2014-10-29,20.290000915527344,20.530000686645508,19.56999969482422,19.639999389648438,17.54361343383789,68045200
2014-10-30,19.43000030517578,19.450000762939453,18.15999984741211,18.200000762939453,16.2573184967041,113088500
2014-10-31,17.329999923706055,17.790000915527344,16.889999389648438,17.209999084472656,15.372991561889648,103841400
2014-11-03,17.440000534057617,18.0,17.25,17.90999984741211,15.998271942138672,74222500
2014-11-04,17.790000915527344,17.81999969482422,17.1299991607666,17.209999084472656,15.372991561889648,67537600
2014-11-05,16.68000030517578,17.34000015258789,16.450000762939453,16.59000015258789,14.819170951843262,86227300
2014-11-06,16.899999618530273,17.690000534057617,16.850000381469727,17.209999084472656,15.372991561889648,103000000
2014-11-07,17.559999465942383,18.690000534057617,17.540000915527344,18.639999389648438,16.650348663330078,136476900
2014-11-10,18.31999969482422,18.31999969482422,17.309999465942383,17.450000762939453,15.587374687194824,111605600
2014-11-11,17.770000457763672,18.549999237060547,17.729999542236328,18.219999313354492,16.275182723999023,86722200
2014-11-12,18.43000030517578,18.700000762939453,17.790000915527344,18.239999771118164,16.293048858642578,46634200
2014-11-13,18.459999084472656,18.530000686645508,17.809999465942383,17.940000534057617,16.025075912475586,56202100
2014-11-14,17.639999389648438,19.18000030517578,17.540000915527344,19.020000457763672,16.989791870117188,110737700
2014-11-17,18.850000381469727,19.510000228881836,18.65999984741211,19.389999389648438,17.320297241210938,58658900
2014-11-18,19.719999313354492,20.3799991607666,19.56999969482422,20.299999237060547,18.133163452148438,79925400
2014-11-19,20.229999542236328,20.260000228881836,19.1200008392334,19.190000534057617,17.141647338867188,120991200
2014-11-20,19.65999984741211,19.93000030517578,19.360000610351562,19.709999084472656,17.60614013671875,58492700
2014-11-21,20.229999542236328,20.290000915527344,19.56999969482422,19.8799991607666,17.757993698120117,45995700
2014-11-24,19.770000457763672,19.950000762939453,19.43000030517578,19.59000015258789,17.49894905090332,40827500
2014-11-25,19.649999618530273,20.420000076293945,19.6200008392334,20.389999389648438,18.21355628967285,72984400
2014-11-26,20.329999923706055,20.350000381469727,20.040000915527344,20.100000381469727,17.954519271850586,36643000
2014-11-28,19.270000457763672,19.280000686645508,18.09000015258789,18.360000610351562,16.40024185180664,113272100
2014-12-01,18.950000762939453,19.860000610351562,18.84000015258789,19.719999313354492,17.615074157714844,87972600
2014-12-02,19.079999923706055,19.65999984741211,18.90999984741211,19.200000762939453,17.15057945251465,58668500
2014-12-03,19.5,19.969999313354492,17.719999313354492,19.25,17.195240020751953,52488100
2014-12-04,19.649999618530273,19.8700008392334,19.18000030517578,19.200000762939453,17.15057945251465,49542400
2014-12-05,18.850000381469727,19.110000610351562,18.649999618530273,18.75,16.74860954284668,46715200
2014-12-08,19.020000457763672,19.25,18.270000457763672,18.889999389648438,16.873666763305664,52915800
2014-12-09,19.520000457763672,20.170000076293945,19.43000030517578,19.770000457763672,17.65973472595215,78927800
2014-12-10,19.760000228881836,20.209999084472656,19.209999084472656,19.209999084472656,17.15951156616211,61161000
2014-12-11,18.979999542236328,19.639999389648438,18.860000610351562,19.0,16.971925735473633,41317400
2014-12-12,18.950000762939453,19.149999618530273,18.56999969482422,18.649999618530273,16.659286499023438,43489900
2014-12-15,18.360000610351562,18.719999313354492,17.31999969482422,17.34000015258789,15.489115715026855,90290400
2014-12-16,17.90999984741211,18.0,17.079999923706055,17.100000381469727,15.274734497070312,64026200
2014-12-17,17.280000686645508,18.100000381469727,17.15999984741211,17.979999542236328,16.060802459716797,90028100
2014-12-18,18.40999984741211,18.850000381469727,18.06999969482422,18.760000228881836,16.757545471191406,62391200
2014-12-19,18.719999313354492,19.030000686645508,18.530000686645508,18.530000686645508,16.552095413208008,46674500
2014-12-22,18.399999618530273,18.5,17.360000610351562,17.459999084472656,15.698820114135742,73948700
2014-12-23,17.5,18.06999969482422,17.209999084472656,17.299999237060547,15.55495548248291,41643500
2014-12-24,17.350000381469727,17.959999084472656,17.15999984741211,17.770000457763672,15.97755241394043,40803300
2014-12-26,18.350000381469727,18.479999542236328,18.040000915527344,18.239999771118164,16.4001407623291,39305800
2014-12-29,18.170000076293945,18.190000534057617,17.75,17.81999969482422,16.022504806518555,39723400
2014-12-30,18.170000076293945,18.709999084472656,18.149999618530273,18.450000762939453,16.588960647583008,61264100
2014-12-31,18.270000457763672,18.600000381469727,18.049999237060547,18.3799991607666,16.526020050048828,29107600
2015-01-02,18.06999969482422,18.950000762939453,17.950000762939453,18.940000534057617,17.0295352935791,47287400
2015-01-05,19.059999465942383,19.469999313354492,18.760000228881836,19.440000534057617,17.479101181030273,46021100
2015-01-06,19.6299991607666,20.690000534057617,19.540000915527344,20.469999313354492,18.40519905090332,76091200
2015-01-07,20.010000228881836,20.670000076293945,19.81999969482422,20.09000015258789,18.06353187561035,45809700
2015-01-08,20.229999542236328,20.56999969482422,19.610000610351562,19.790000915527344,17.793794631958008,46813900
2015-01-09,20.1299991607666,20.729999542236328,20.1299991607666,20.709999084472656,18.620994567871094,56339000
2015-01-12,20.889999389648438,21.760000228881836,20.780000686645508,21.489999771118164,19.322317123413086,62924400
2015-01-13,21.8700008392334,21.889999389648438,20.309999465942383,20.549999237060547,18.47713279724121,75387000
2015-01-14,21.09000015258789,21.1200008392334,19.8799991607666,20.309999465942383,18.261341094970703,64255900
2015-01-15,21.190000534057617,21.649999618530273,21.059999465942383,21.479999542236328,19.313323974609375,84358300
2015-01-16,21.709999084472656,22.329999923706055,21.68000030517578,22.15999984741211,19.924732208251953,68948500
2015-01-20,22.670000076293945,23.09000015258789,22.600000381469727,22.940000534057617,20.626052856445312,73781200
2015-01-21,23.200000762939453,23.219999313354492,22.100000381469727,22.540000915527344,20.266403198242188,60199000
2015-01-22,22.81999969482422,22.950000762939453,22.31999969482422,22.420000076293945,20.158506393432617,37732400
2015-01-23,22.219999313354492,22.309999465942383,21.6200008392334,21.739999771118164,19.547100067138672,51411300
2015-01-26,21.3700008392334,22.15999984741211,21.1299991607666,22.149999618530273,19.915740966796875,38330300
2015-01-27,22.360000610351562,22.93000030517578,22.309999465942383,22.8799991607666,20.57210922241211,52575300
2015-01-28,22.510000228881836,22.719999313354492,21.729999542236328,21.969999313354492,19.75389862060547,69658600
2015-01-29,21.420000076293945,21.739999771118164,21.079999923706055,21.59000015258789,19.4122314453125,48279300
2015-01-30,21.670000076293945,22.329999923706055,21.299999237060547,22.290000915527344,20.041622161865234,51653100
2015-02-02,21.829999923706055,22.68000030517578,21.799999237060547,22.450000762939453,20.18548011779785,41388300
2015-02-03,22.15999984741211,22.43000030517578,21.709999084472656,21.8700008392334,19.663986206054688,52864500
2015-02-04,22.149999618530273,22.5,21.8799991607666,22.270000457763672,20.023637771606445,37901100
2015-02-05,22.1299991607666,22.59000015258789,22.0,22.579999923706055,20.3023681640625,26392000
2015-02-06,21.75,21.969999313354492,21.309999465942383,21.329999923706055,19.178457260131836,83701900
2015-02-09,21.530000686645508,21.860000610351562,21.520000457763672,21.690000534057617,19.50214385986328,31117400
2015-02-10,21.440000534057617,21.489999771118164,21.1299991607666,21.280000686645508,19.13349723815918,35880700
2015-02-11,21.350000381469727,21.399999618530273,20.81999969482422,20.860000610351562,18.7558650970459,37436200
2015-02-12,21.110000610351562,21.270000457763672,20.889999389648438,21.149999618530273,19.016611099243164,36041000
2015-02-13,21.299999237060547,21.559999465942383,21.200000762939453,21.260000228881836,19.115516662597656,20499400
2015-02-17,20.739999771118164,20.90999984741211,20.5,20.56999969482422,18.495113372802734,47904200
2015-02-18,20.600000381469727,21.15999984741211,20.3700008392334,21.040000915527344,18.917707443237305,62464800
2015-02-19,21.059999465942383,21.1200008392334,20.420000076293945,20.540000915527344,18.4681453704834,44351800
2015-02-20,20.649999618530273,20.93000030517578,20.420000076293945,20.450000762939453,18.387224197387695,28204700
2015-02-23,20.329999923706055,20.739999771118164,20.209999084472656,20.540000915527344,18.4681453704834,29428700
2015-02-24,20.329999923706055,20.639999389648438,20.209999084472656,20.420000076293945,18.360248565673828,27003500
2015-02-25,20.6200008392334,20.950000762939453,20.549999237060547,20.790000915527344,18.69292640686035,42515900
2015-02-26,21.1200008392334,21.149999618530273,20.889999389648438,20.959999084472656,18.845775604248047,23794700
2015-02-27,21.170000076293945,21.479999542236328,21.110000610351562,21.280000686645508,19.13349723815918,33900100
2015-03-02,21.309999465942383,21.350000381469727,20.639999389648438,20.760000228881836,18.665950775146484,51326400
2015-03-03,20.84000015258789,21.049999237060547,20.290000915527344,20.3799991607666,18.324277877807617,36239400
2015-03-04,20.43000030517578,20.450000762939453,19.989999771118164,20.040000915527344,18.01857566833496,34871100
2015-03-05,20.200000762939453,20.3799991607666,19.940000534057617,20.079999923706055,18.054542541503906,19225600
2015-03-06,19.479999542236328,19.479999542236328,18.510000228881836,18.579999923706055,16.70584487915039,106781600
2015-03-09,18.75,18.809999465942383,17.90999984741211,17.90999984741211,16.103425979614258,66267700
2015-03-10,17.950000762939453,18.25,17.479999542236328,17.670000076293945,15.887638092041016,57613900
2015-03-11,17.700000762939453,18.260000228881836,17.290000915527344,18.200000762939453,16.36417579650879,72568600
2015-03-12,18.329999923706055,18.420000076293945,17.8700008392334,18.06999969482422,16.247289657592773,50202100
2015-03-13,18.15999984741211,18.170000076293945,17.559999465942383,18.06999969482422,16.247289657592773,38433500
2015-03-16,18.1200008392334,18.280000686645508,17.75,18.110000610351562,16.283252716064453,28041200
2015-03-17,17.850000381469727,18.299999237060547,17.75,17.93000030517578,16.121410369873047,41382000
2015-03-18,17.8799991607666,18.8799991607666,17.709999084472656,18.84000015258789,16.939619064331055,83455800
2015-03-19,18.700000762939453,18.889999389648438,18.450000762939453,18.709999084472656,16.822729110717773,30136900
2015-03-20,18.950000762939453,19.479999542236328,18.889999389648438,19.329999923706055,17.38019371032715,55471900
2015-03-23,19.459999084472656,19.770000457763672,19.34000015258789,19.75,17.757831573486328,37938900
2015-03-24,19.809999465942383,19.829999923706055,19.530000686645508,19.639999389648438,17.658924102783203,27594500
2015-03-25,19.850000381469727,19.90999984741211,19.350000381469727,19.360000610351562,17.407169342041016,32797200
2015-03-26,19.68000030517578,19.8799991607666,18.8700008392334,19.06999969482422,17.14641761779785,53919800
2015-03-27,18.93000030517578,19.149999618530273,18.6299991607666,18.84000015258789,16.939619064331055,35143400
2015-03-30,18.530000686645508,18.719999313354492,18.3799991607666,18.469999313354492,16.6069393157959,37549400
2015-03-31,18.540000915527344,18.639999389648438,18.15999984741211,18.239999771118164,16.4001407623291,34256400
2015-04-01,18.540000915527344,19.25,18.459999084472656,19.209999084472656,17.27229881286621,82601100
2015-04-02,19.06999969482422,19.350000381469727,18.760000228881836,18.989999771118164,17.074485778808594,47542800
2015-04-06,19.6299991607666,19.799999237060547,19.469999313354492,19.700000762939453,17.712875366210938,50548500
2015-04-07,19.549999237060547,19.6299991607666,19.18000030517578,19.190000534057617,17.254318237304688,51149600
2015-04-08,19.299999237060547,19.43000030517578,18.899999618530273,19.09000015258789,17.164400100708008,30498200
2015-04-09,18.8700008392334,19.059999465942383,18.770000457763672,18.90999984741211,17.002561569213867,19143000
2015-04-10,19.280000686645508,19.489999771118164,19.270000457763672,19.450000762939453,17.48809051513672,41732000
2015-04-13,19.479999542236328,19.489999771118164,19.200000762939453,19.260000228881836,17.317256927490234,24567200
2015-04-14,19.280000686645508,19.600000381469727,19.239999771118164,19.40999984741211,17.452123641967773,24945600
2015-04-15,19.56999969482422,20.020000457763672,19.420000076293945,19.979999542236328,17.964630126953125,45624200
2015-04-16,20.040000915527344,20.229999542236328,19.639999389648438,19.739999771118164,17.748836517333984,36435000
2015-04-17,19.84000015258789,20.059999465942383,19.65999984741211,19.719999313354492,17.73085594177246,25575900
2015-04-20,19.559999465942383,19.850000381469727,19.450000762939453,19.829999923706055,17.82975959777832,22548100
2015-04-21,19.850000381469727,20.06999969482422,19.68000030517578,19.969999313354492,17.955636978149414,18308100
2015-04-22,19.799999237060547,19.889999389648438,19.309999465942383,19.309999465942383,17.362213134765625,52298200
2015-04-23,19.34000015258789,19.889999389648438,19.34000015258789,19.780000686645508,17.784801483154297,43056500
2015-04-24,19.6200008392334,19.829999923706055,19.360000610351562,19.360000610351562,17.407169342041016,41542900
2015-04-27,19.610000610351562,20.18000030517578,19.540000915527344,19.760000228881836,17.76681900024414,56813000
2015-04-28,19.8799991607666,20.559999465942383,19.8799991607666,20.530000686645508,18.459152221679688,61169700
2015-04-29,20.530000686645508,20.899999618530273,20.389999389648438,20.719999313354492,18.629985809326172,48166600
2015-04-30,20.18000030517578,20.260000228881836,19.860000610351562,20.110000610351562,18.08151626586914,58552500
2015-05-01,19.90999984741211,20.270000457763672,19.889999389648438,20.270000457763672,18.225379943847656,30991700
2015-05-04,20.59000015258789,20.65999984741211,20.280000686645508,20.40999984741211,18.351253509521484,20459700
2015-05-05,20.6200008392334,20.709999084472656,20.100000381469727,20.219999313354492,18.180418014526367,30224300
2015-05-06,20.31999969482422,20.350000381469727,19.65999984741211,19.709999084472656,17.721860885620117,46000500
2015-05-07,19.530000686645508,19.84000015258789,19.280000686645508,19.829999923706055,17.82975959777832,48920300
2015-05-08,19.940000534057617,20.06999969482422,19.639999389648438,19.969999313354492,17.955636978149414,24672100
2015-05-11,19.940000534057617,20.15999984741211,19.790000915527344,20.020000457763672,18.000595092773438,15760400
2015-05-12,20.079999923706055,20.34000015258789,20.06999969482422,20.290000915527344,18.243358612060547,32359200
2015-05-13,20.59000015258789,20.889999389648438,20.559999465942383,20.780000686645508,18.683931350708008,48741500
2015-05-14,20.989999771118164,21.25,20.709999084472656,20.81999969482422,18.719898223876953,49156300
2015-05-15,20.639999389648438,20.979999542236328,20.520000457763672,20.719999313354492,18.629985809326172,25460800
2015-05-18,20.860000610351562,20.93000030517578,20.649999618530273,20.75,18.65695571899414,18193800
2015-05-19,20.459999084472656,20.459999084472656,19.989999771118164,20.0,17.98261070251465,45125400
2015-05-20,20.059999465942383,20.309999465942383,20.020000457763672,20.079999923706055,18.054542541503906,24315600
2015-05-21,20.0,20.1200008392334,19.889999389648438,19.940000534057617,17.928661346435547,17569100
2015-05-22,19.950000762939453,20.059999465942383,19.81999969482422,19.829999923706055,17.82975959777832,22209700
2015-05-26,19.469999313354492,19.479999542236328,19.18000030517578,19.25,17.30826187133789,48088400
2015-05-27,19.31999969482422,19.450000762939453,19.170000076293945,19.440000534057617,17.479101181030273,25463000
2015-05-28,19.34000015258789,19.639999389648438,19.149999618530273,19.600000381469727,17.622957229614258,28073800
2015-05-29,19.649999618530273,19.790000915527344,19.479999542236328,19.579999923706055,17.604978561401367,16940600
2015-06-01,19.829999923706055,19.90999984741211,19.450000762939453,19.489999771118164,17.5240535736084,25069200
2015-06-02,19.639999389648438,19.8700008392334,19.56999969482422,19.780000686645508,17.784801483154297,32910000
2015-06-03,19.6200008392334,19.729999542236328,19.31999969482422,19.40999984741211,17.452123641967773,37003600
2015-06-04,19.15999984741211,19.200000762939453,19.040000915527344,19.06999969482422,17.14641761779785,26423400
2015-06-05,18.81999969482422,19.0,18.670000076293945,18.829999923706055,16.93062973022461,29508600
2015-06-08,18.8700008392334,19.030000686645508,18.709999084472656,19.020000457763672,17.10146141052246,41183500
2015-06-09,19.079999923706055,19.229999542236328,18.760000228881836,18.780000686645508,16.88567543029785,24942400
2015-06-10,19.040000915527344,19.139999389648438,18.8799991607666,18.959999084472656,17.047513961791992,30386300
2015-06-11,18.799999237060547,18.860000610351562,18.6299991607666,18.739999771118164,16.849708557128906,23837100
2015-06-12,18.68000030517578,18.770000457763672,18.5,18.549999237060547,16.678871154785156,22851000
2015-06-15,18.510000228881836,18.829999923706055,18.420000076293945,18.59000015258789,16.7148380279541,28170400
2015-06-16,18.43000030517578,18.489999771118164,18.299999237060547,18.329999923706055,16.48106575012207,30638900
2015-06-17,18.260000228881836,18.8799991607666,18.229999542236328,18.860000610351562,16.957603454589844,54948300
2015-06-18,19.139999389648438,19.18000030517578,18.989999771118164,19.100000381469727,17.17339324951172,38765100
2015-06-19,19.030000686645508,19.06999969482422,18.520000457763672,18.639999389648438,16.759790420532227,45124600
2015-06-22,18.40999984741211,18.520000457763672,18.31999969482422,18.329999923706055,16.48106575012207,27510800
2015-06-23,18.25,18.520000457763672,18.25,18.3799991607666,16.526020050048828,21862400
2015-06-24,18.299999237060547,18.479999542236328,18.25,18.360000610351562,16.508037567138672,14923600
2015-06-25,18.31999969482422,18.450000762939453,18.170000076293945,18.170000076293945,16.337202072143555,31516900
2015-06-26,18.149999618530273,18.260000228881836,18.059999465942383,18.09000015258789,16.265270233154297,19863800
2015-06-29,18.170000076293945,18.229999542236328,17.899999618530273,17.899999618530273,16.094438552856445,28759800
2015-06-30,17.829999923706055,18.049999237060547,17.670000076293945,17.760000228881836,15.968560218811035,32479300
2015-07-01,17.68000030517578,17.709999084472656,17.260000228881836,17.280000686645508,15.536977767944336,35526400
2015-07-02,17.389999389648438,17.670000076293945,17.3700008392334,17.6299991607666,15.85167121887207,35636600
2015-07-06,17.5,18.030000686645508,17.389999389648438,17.850000381469727,16.049480438232422,34573800
2015-07-07,17.440000534057617,17.459999084472656,16.950000762939453,16.979999542236328,15.267236709594727,66785200
2015-07-08,17.15999984741211,17.280000686645508,16.84000015258789,16.860000610351562,15.159339904785156,23785000
2015-07-09,17.1299991607666,17.190000534057617,16.770000457763672,16.93000030517578,15.222281455993652,14404800
2015-07-10,16.979999542236328,17.0,16.6299991607666,16.75,15.06043815612793,31843300
2015-07-13,16.530000686645508,16.809999465942383,16.399999618530273,16.799999237060547,15.10539436340332,17813200
2015-07-14,16.780000686645508,16.940000534057617,16.68000030517578,16.690000534057617,15.006488800048828,16502400
2015-07-15,16.530000686645508,16.579999923706055,16.270000457763672,16.309999465942383,14.664817810058594,47109000
2015-07-16,16.280000686645508,16.280000686645508,16.100000381469727,16.149999618530273,14.52095890045166,20774600
2015-07-17,16.049999237060547,16.049999237060547,15.369999885559082,15.420000076293945,13.864593505859375,67369900
2015-07-20,14.699999809265137,14.770000457763672,13.75,13.760000228881836,12.372036933898926,169146000
2015-07-21,14.0600004196167,14.529999732971191,14.020000457763672,14.119999885559082,12.695723533630371,90063100
2015-07-22,13.819999694824219,14.279999732971191,13.670000076293945,14.079999923706055,12.659757614135742,39924800
2015-07-23,14.239999771118164,14.300000190734863,13.510000228881836,13.619999885559082,12.246158599853516,69592000
2015-07-24,13.40999984741211,14.130000114440918,13.170000076293945,14.079999923706055,12.659757614135742,141204200
2015-07-27,13.899999618530273,14.380000114440918,13.4399995803833,13.569999694824219,12.201202392578125,76274700
2015-07-28,13.729999542236328,13.84000015258789,13.539999961853027,13.6899995803833,12.309096336364746,39223000
2015-07-29,13.6899995803833,14.069999694824219,13.539999961853027,13.970000267028809,12.560853958129883,56984100
2015-07-30,13.65999984741211,13.829999923706055,13.399999618530273,13.460000038146973,12.102296829223633,73229900
2015-07-31,13.84000015258789,13.970000267028809,13.579999923706055,13.75,12.363045692443848,41361100
2015-08-03,13.640000343322754,13.680000305175781,13.180000305175781,13.270000457763672,11.931463241577148,61550200
2015-08-04,13.470000267028809,13.539999961853027,13.180000305175781,13.289999961853027,11.949445724487305,69613800
2015-08-05,13.420000076293945,13.539999961853027,13.010000228881836,13.09000015258789,11.769620895385742,41758700
2015-08-06,13.210000038146973,13.6899995803833,13.109999656677246,13.369999885559082,12.021376609802246,69121200
2015-08-07,13.420000076293945,13.850000381469727,13.329999923706055,13.399999618530273,12.04835033416748,50618200
2015-08-10,13.569999694824219,14.289999961853027,13.359999656677246,14.289999961853027,12.8485746383667,91376800
2015-08-11,14.4399995803833,14.529999732971191,13.9399995803833,14.520000457763672,13.055376052856445,55172900
2015-08-12,14.8100004196167,15.529999732971191,14.779999732971191,15.520000457763672,13.954507827758789,123217200
2015-08-13,15.050000190734863,15.210000038146973,14.539999961853027,14.640000343322754,13.163272857666016,101956100
2015-08-14,14.920000076293945,14.989999771118164,14.359999656677246,14.489999771118164,13.028401374816895,33094300
2015-08-17,14.800000190734863,15.109999656677246,14.75,15.039999961853027,13.52292537689209,66966000
2015-08-18,14.739999771118164,14.920000076293945,14.510000228881836,14.770000457763672,13.280158996582031,52911000
2015-08-19,14.899999618530273,15.279999732971191,14.880000114440918,15.199999809265137,13.666783332824707,65822400
2015-08-20,15.6899995803833,16.049999237060547,15.569999694824219,15.819999694824219,14.22424602508545,86900000
2015-08-21,16.139999389648438,16.15999984741211,15.239999771118164,15.390000343322754,13.837620735168457,84174900
2015-08-24,15.15999984741211,15.609999656677246,14.069999694824219,14.130000114440918,12.704713821411133,131865300
2015-08-25,14.520000457763672,14.529999732971191,13.579999923706055,13.670000076293945,12.291115760803223,72336000
2015-08-26,13.479999542236328,13.489999771118164,12.960000038146973,13.039999961853027,11.724664688110352,97910100
2015-08-27,13.100000381469727,13.90999984741211,13.010000228881836,13.789999961853027,12.39901065826416,111023300
2015-08-28,13.760000228881836,14.40999984741211,13.75,14.25,12.812612533569336,94381300
2015-08-31,13.9399995803833,14.109999656677246,13.59000015258789,14.109999656677246,12.68673324584961,57079800
2015-09-01,14.210000038146973,14.369999885559082,13.670000076293945,13.670000076293945,12.291115760803223,56978800
2015-09-02,13.760000228881836,13.899999618530273,13.329999923706055,13.630000114440918,12.255149841308594,38700500
2015-09-03,13.390000343322754,14.029999732971191,13.359999656677246,13.380000114440918,12.030366897583008,49765400
2015-09-04,13.279999732971191,13.430000305175781,13.0600004196167,13.390000343322754,12.039358139038086,45569700
2015-09-08,13.529999732971191,13.739999771118164,13.34000015258789,13.550000190734863,12.183218955993652,36832900
2015-09-09,13.359999656677246,13.520000457763672,13.100000381469727,13.130000114440918,11.805585861206055,54365200
2015-09-10,13.350000381469727,13.420000076293945,13.079999923706055,13.119999885559082,11.796592712402344,33086600
2015-09-11,13.0,13.279999732971191,12.619999885559082,13.210000038146973,11.87751579284668,63781500
2015-09-14,13.0600004196167,13.34000015258789,12.90999984741211,13.069999694824219,11.751636505126953,37077400
2015-09-15,13.050000190734863,13.319999694824219,12.989999771118164,13.109999656677246,11.787599563598633,26398000
2015-09-16,13.380000114440918,13.930000305175781,13.369999885559082,13.890000343322754,12.488923072814941,81356400
2015-09-17,13.720000267028809,14.4399995803833,13.65999984741211,14.270000457763672,12.830594062805176,79245400
2015-09-18,14.600000381469727,14.710000038146973,14.180000305175781,14.479999542236328,13.019408226013184,53111900
2015-09-21,14.270000457763672,14.359999656677246,13.989999771118164,14.0,12.587827682495117,58502000
2015-09-22,13.670000076293945,13.710000038146973,13.3100004196167,13.359999656677246,12.012383460998535,73786500
2015-09-23,13.640000343322754,13.6899995803833,13.229999542236328,13.260000228881836,11.92247200012207,37996400
2015-09-24,13.619999885559082,14.279999732971191,13.5600004196167,14.220000267028809,12.785637855529785,102655900
2015-09-25,13.960000038146973,14.109999656677246,13.880000114440918,13.979999542236328,12.569845199584961,34885700
2015-09-28,13.619999885559082,13.720000267028809,13.289999961853027,13.319999694824219,11.976418495178223,67205900
2015-09-29,13.470000267028809,13.680000305175781,13.300000190734863,13.40999984741211,12.057341575622559,34734800
2015-09-30,13.220000267028809,13.739999771118164,13.1899995803833,13.739999771118164,12.354053497314453,41340700
2015-10-01,13.789999961853027,13.989999771118164,13.350000381469727,13.40999984741211,12.057341575622559,54110100
2015-10-02,13.949999809265137,14.5,13.880000114440918,14.489999771118164,13.028401374816895,98242100
2015-10-05,14.600000381469727,15.180000305175781,14.579999923706055,15.119999885559082,13.594855308532715,102197900
2015-10-06,15.520000457763672,15.770000457763672,15.229999542236328,15.680000305175781,14.098366737365723,92653200
2015-10-07,15.699999809265137,15.829999923706055,15.369999885559082,15.609999656677246,14.03542709350586,53677000
2015-10-08,15.359999656677246,16.149999618530273,15.319999694824219,15.40999984741211,13.85560131072998,62811000
2015-10-09,15.970000267028809,16.270000457763672,15.850000381469727,16.260000228881836,14.619863510131836,86931800
2015-10-12,16.610000610351562,16.610000610351562,15.619999885559082,15.779999732971191,14.18828010559082,73832600
2015-10-13,15.789999961853027,16.139999389648438,15.680000305175781,15.869999885559082,14.269201278686523,48817600
2015-10-14,16.239999771118164,16.989999771118164,16.170000076293945,16.899999618530273,15.195305824279785,126780700
2015-10-15,16.610000610351562,17.040000915527344,16.479999542236328,16.889999389648438,15.186315536499023,46677600
2015-10-16,16.84000015258789,16.989999771118164,16.3700008392334,16.389999389648438,14.736747741699219,65976600
2015-10-19,16.31999969482422,16.43000030517578,15.609999656677246,15.699999809265137,14.116352081298828,111747800
2015-10-20,15.899999618530273,16.520000457763672,15.890000343322754,16.329999923706055,14.682801246643066,88202900
2015-10-21,16.100000381469727,16.170000076293945,15.729999542236328,15.850000381469727,14.251219749450684,63704100
2015-10-22,15.8100004196167,16.270000457763672,15.779999732971191,16.1200008392334,14.493986129760742,48065200
2015-10-23,16.34000015258789,16.65999984741211,15.930000305175781,16.520000457763672,14.853638648986816,65417200
2015-10-26,16.479999542236328,16.479999542236328,16.0,16.010000228881836,14.395081520080566,58216300
2015-10-27,15.920000076293945,16.209999084472656,15.789999961853027,16.040000915527344,14.422056198120117,25161300
2015-10-28,16.40999984741211,16.809999465942383,15.600000381469727,15.890000343322754,14.287184715270996,76262400
2015-10-29,15.640000343322754,15.779999732971191,15.039999961853027,15.119999885559082,13.594855308532715,87347200
2015-10-30,15.069999694824219,15.390000343322754,14.949999809265137,14.960000038146973,13.450994491577148,42003200
2015-11-02,14.800000190734863,15.180000305175781,14.630000114440918,15.020000457763672,13.504941940307617,40933400
2015-11-03,14.760000228881836,15.109999656677246,14.710000038146973,14.9399995803833,13.433012008666992,27659100
2015-11-04,15.050000190734863,15.220000267028809,14.600000381469727,14.619999885559082,13.145289421081543,47752800
2015-11-05,14.630000114440918,14.630000114440918,14.010000228881836,14.079999923706055,12.659757614135742,89901000
2015-11-06,13.640000343322754,13.720000267028809,13.40999984741211,13.460000038146973,12.102296829223633,73796300
2015-11-09,13.460000038146973,13.84000015258789,13.3100004196167,13.829999923706055,12.434976577758789,76441900
2015-11-10,13.569999694824219,13.720000267028809,13.420000076293945,13.470000267028809,12.111289024353027,54219000
2015-11-11,13.539999961853027,13.65999984741211,13.4399995803833,13.649999618530273,12.273131370544434,29725700
2015-11-12,13.329999923706055,13.789999961853027,13.289999961853027,13.470000267028809,12.111289024353027,41792900
2015-11-13,13.4399995803833,13.680000305175781,13.399999618530273,13.619999885559082,12.246158599853516,31486300
2015-11-16,13.739999771118164,13.859999656677246,13.630000114440918,13.739999771118164,12.354053497314453,24226200
2015-11-17,13.619999885559082,13.65999984741211,13.050000190734863,13.079999923706055,11.760627746582031,70962600
2015-11-18,13.149999618530273,13.579999923706055,12.920000076293945,13.489999771118164,12.129271507263184,69238200
2015-11-19,13.6899995803833,14.0600004196167,13.670000076293945,13.970000267028809,12.560853958129883,57813000
2015-11-20,14.029999732971191,14.069999694824219,13.34000015258789,13.399999618530273,12.04835033416748,67610000
2015-11-23,13.350000381469727,13.479999542236328,13.25,13.329999923706055,11.9854097366333,26679900
2015-11-24,13.600000381469727,13.880000114440918,13.489999771118164,13.84000015258789,12.443967819213867,59251900
2015-11-25,13.649999618530273,13.949999809265137,13.5600004196167,13.710000038146973,12.327079772949219,35075100
2015-11-27,13.40999984741211,13.59000015258789,13.369999885559082,13.449999809265137,12.093305587768555,38458000
2015-11-30,13.550000190734863,13.800000190734863,13.520000457763672,13.760000228881836,12.372036933898926,43282800
2015-12-01,13.850000381469727,14.199999809265137,13.6899995803833,14.15999984741211,12.731688499450684,55243200
2015-12-02,13.819999694824219,14.020000457763672,13.619999885559082,13.789999961853027,12.39901065826416,59197500
2015-12-03,14.029999732971191,14.210000038146973,13.859999656677246,14.079999923706055,12.659757614135742,51983700
2015-12-04,14.229999542236328,14.859999656677246,14.229999542236328,14.829999923706055,13.3341064453125,76943200
2015-12-07,14.619999885559082,14.65999984741211,14.0600004196167,14.199999809265137,12.767654418945312,69177200
2015-12-08,14.229999542236328,14.3100004196167,13.9399995803833,14.079999923706055,12.659757614135742,58937700
2015-12-09,14.420000076293945,14.529999732971191,14.09000015258789,14.270000457763672,12.830594062805176,50909900
2015-12-10,14.149999618530273,14.460000038146973,14.130000114440918,14.210000038146973,12.776643753051758,32698200
2015-12-11,14.050000190734863,14.529999732971191,14.029999732971191,14.380000114440918,12.929497718811035,47148500
2015-12-14,14.279999732971191,14.319999694824219,13.5600004196167,13.5600004196167,12.19221019744873,88301100
2015-12-15,13.720000267028809,13.819999694824219,13.510000228881836,13.630000114440918,12.255149841308594,37161500
2015-12-16,13.930000305175781,14.239999771118164,13.670000076293945,14.170000076293945,12.740680694580078,82756600
2015-12-17,13.680000305175781,13.680000305175781,13.300000190734863,13.34000015258789,11.994402885437012,92531900
2015-12-18,13.550000190734863,13.829999923706055,13.479999542236328,13.640000343322754,12.264142036437988,62472400
2015-12-21,13.8100004196167,13.899999618530273,13.649999618530273,13.760000228881836,12.478156089782715,70487000
2015-12-22,13.729999542236328,13.920000076293945,13.630000114440918,13.680000305175781,12.405609130859375,33462900
2015-12-23,13.770000457763672,13.979999542236328,13.739999771118164,13.970000267028809,12.66859245300293,42889100
2015-12-24,14.079999923706055,14.289999961853027,14.0600004196167,14.270000457763672,12.940645217895508,24429100
2015-12-28,14.029999732971191,14.039999961853027,13.670000076293945,13.789999961853027,12.505361557006836,49718100
2015-12-29,13.970000267028809,14.050000190734863,13.789999961853027,13.949999809265137,12.650456428527832,28853300
2015-12-30,13.649999618530273,13.739999771118164,13.569999694824219,13.65999984741211,12.387471199035645,40319300
2015-12-31,13.65999984741211,13.75,13.600000381469727,13.720000267028809,12.441883087158203,27523300
2016-01-04,14.119999885559082,14.239999771118164,13.869999885559082,14.09000015258789,12.777414321899414,53710100
2016-01-05,14.130000114440918,14.149999618530273,13.90999984741211,14.020000457763672,12.713934898376465,29913400
2016-01-06,14.220000267028809,14.350000381469727,14.149999618530273,14.25,12.922510147094727,39864700
2016-01-07,14.5,15.010000228881836,14.380000114440918,14.880000114440918,13.493819236755371,78644600
2016-01-08,14.5,14.640000343322754,14.260000228881836,14.520000457763672,13.167356491088867,66017900
2016-01-11,14.569999694824219,14.609999656677246,13.819999694824219,13.920000076293945,12.623250961303711,69796900
2016-01-12,13.800000190734863,13.800000190734863,13.369999885559082,13.609999656677246,12.34212875366211,66902500
2016-01-13,13.539999961853027,13.800000190734863,13.359999656677246,13.609999656677246,12.34212875366211,39568100
2016-01-14,13.460000038146973,13.59000015258789,13.0,13.130000114440918,11.906845092773438,56311100
2016-01-15,13.600000381469727,13.609999656677246,13.069999694824219,13.09000015258789,11.870572090148926,35653200
2016-01-19,13.210000038146973,13.239999771118164,12.399999618530273,12.470000267028809,11.308329582214355,76883400
2016-01-20,12.779999732971191,12.920000076293945,12.520000457763672,12.850000381469727,11.652929306030273,64908600
2016-01-21,12.699999809265137,12.979999542236328,12.449999809265137,12.90999984741211,11.707340240478516,32173600
2016-01-22,12.729999542236328,13.170000076293945,12.6899995803833,13.029999732971191,11.816160202026367,32747300
2016-01-25,13.260000228881836,13.399999618530273,13.15999984741211,13.380000114440918,12.133556365966797,51095400
2016-01-26,13.529999732971191,14.0,13.520000457763672,13.970000267028809,12.66859245300293,76144500
2016-01-27,13.869999885559082,14.210000038146973,13.710000038146973,14.199999809265137,12.877166748046875,60024700
2016-01-28,13.869999885559082,14.1899995803833,13.729999542236328,13.859999656677246,12.568840026855469,51302800
2016-01-29,13.829999923706055,14.239999771118164,13.739999771118164,14.210000038146973,12.88623332977295,46570700
2016-02-01,14.329999923706055,14.649999618530273,14.300000190734863,14.649999618530273,13.285245895385742,48295600
2016-02-02,14.479999542236328,14.569999694824219,14.109999656677246,14.300000190734863,12.967849731445312,59458800
2016-02-03,14.4399995803833,15.350000381469727,14.420000076293945,15.350000381469727,13.920035362243652,120309300
2016-02-04,15.800000190734863,16.360000610351562,15.770000457763672,16.149999618530273,14.64551067352295,122759300
2016-02-05,15.75,17.1200008392334,15.569999694824219,17.049999237060547,15.461666107177734,129420600
2016-02-08,17.5,17.899999618530273,17.440000534057617,17.469999313354492,15.84254264831543,117795100
2016-02-09,17.719999313354492,17.81999969482422,16.75,16.75,15.189617156982422,122342700
2016-02-10,16.719999313354492,17.15999984741211,16.149999618530273,17.139999389648438,15.543282508850098,80445100
2016-02-11,18.350000381469727,18.649999618530273,17.770000457763672,18.3700008392334,16.658700942993164,168723900
2016-02-12,17.850000381469727,18.850000381469727,17.780000686645508,18.84000015258789,17.084917068481445,93974000
2016-02-16,17.940000534057617,18.309999465942383,17.200000762939453,17.209999084472656,15.60676097869873,155672200
2016-02-17,17.540000915527344,17.90999984741211,17.34000015258789,17.81999969482422,16.15993881225586,78925500
2016-02-18,17.520000457763672,18.90999984741211,17.440000534057617,18.899999618530273,17.139328002929688,106526900
2016-02-19,18.610000610351562,18.889999389648438,18.280000686645508,18.3799991607666,16.667770385742188,79098700
2016-02-22,17.81999969482422,18.690000534057617,17.75,18.530000686645508,16.80379867553711,50464700
2016-02-23,18.889999389648438,19.059999465942383,18.649999618530273,18.920000076293945,17.1574649810791,73296800
2016-02-24,19.440000534057617,19.850000381469727,18.799999237060547,19.110000610351562,17.32976531982422,91260400
2016-02-25,19.010000228881836,19.459999084472656,18.940000534057617,19.389999389648438,17.583683013916016,59332500
2016-02-26,18.950000762939453,19.34000015258789,18.639999389648438,18.690000534057617,16.94889259338379,117343300
2016-02-29,18.959999084472656,19.399999618530273,18.920000076293945,19.3799991607666,17.57461166381836,80199400
2016-03-01,19.440000534057617,19.5,18.520000457763672,18.56999969482422,16.840070724487305,119848300
2016-03-02,18.719999313354492,19.18000030517578,18.59000015258789,19.049999237060547,17.27535057067871,79717600
2016-03-03,19.15999984741211,20.020000457763672,19.100000381469727,19.81999969482422,17.973621368408203,100314500
2016-03-04,19.84000015258789,20.8799991607666,19.559999465942383,19.709999084472656,17.87386703491211,138290700
2016-03-07,20.0,20.729999542236328,19.920000076293945,20.399999618530273,18.499589920043945,109608500
2016-03-08,20.6200008392334,20.729999542236328,19.389999389648438,19.420000076293945,17.610885620117188,137523000
2016-03-09,19.010000228881836,19.729999542236328,18.809999465942383,19.510000228881836,17.6924991607666,79357800
2016-03-10,19.84000015258789,20.440000534057617,19.75,20.3799991607666,18.48145294189453,100554600
2016-03-11,20.239999771118164,20.579999923706055,19.84000015258789,19.979999542236328,18.118717193603516,87906100
2016-03-14,20.149999618530273,20.229999542236328,19.110000610351562,19.1200008392334,17.33883285522461,122947800
2016-03-15,19.110000610351562,19.549999237060547,18.860000610351562,19.530000686645508,17.71063804626465,73297400
2016-03-16,19.219999313354492,20.959999084472656,18.979999542236328,20.860000610351562,18.916738510131836,167168100
2016-03-17,21.049999237060547,21.420000076293945,20.3700008392334,20.43000030517578,18.526798248291016,131512400
2016-03-18,20.360000610351562,20.93000030517578,20.350000381469727,20.610000610351562,18.69002914428711,66406800
2016-03-21,20.5,20.780000686645508,20.309999465942383,20.56999969482422,18.653751373291016,40155100
2016-03-22,20.899999618530273,21.0,20.350000381469727,20.579999923706055,18.662822723388672,42354400
2016-03-23,19.780000686645508,19.8799991607666,19.020000457763672,19.030000686645508,17.257217407226562,156720700
2016-03-24,19.25,19.600000381469727,19.06999969482422,19.459999084472656,17.64716148376465,64733000
2016-03-28,19.6200008392334,19.65999984741211,19.09000015258789,19.420000076293945,17.610885620117188,35286700
2016-03-29,19.6299991607666,20.600000381469727,19.399999618530273,20.540000915527344,18.626556396484375,123660900
2016-03-30,20.229999542236328,20.5,19.850000381469727,20.229999542236328,18.345426559448242,62118400
2016-03-31,20.479999542236328,20.56999969482422,19.959999084472656,19.969999313354492,18.109649658203125,46237400
2016-04-01,19.459999084472656,20.1200008392334,19.31999969482422,20.1200008392334,18.245676040649414,58369200
2016-04-04,20.049999237060547,20.049999237060547,19.510000228881836,19.530000686645508,17.71063804626465,65764800
2016-04-05,20.059999465942383,20.190000534057617,19.559999465942383,20.1299991607666,18.254745483398438,74601400
2016-04-06,19.8799991607666,20.229999542236328,19.799999237060547,20.149999618530273,18.272878646850586,35891000
2016-04-07,20.59000015258789,20.860000610351562,20.520000457763672,20.780000686645508,18.844192504882812,81856200
2016-04-08,20.709999084472656,21.549999237060547,20.700000762939453,21.440000534057617,19.442707061767578,69638900
2016-04-11,21.920000076293945,22.790000915527344,21.860000610351562,22.700000762939453,20.585329055786133,121978500
2016-04-12,22.780000686645508,23.059999465942383,22.360000610351562,22.8799991607666,20.748559951782227,62246400
2016-04-13,22.479999542236328,22.780000686645508,22.170000076293945,22.25,20.177249908447266,77053400
2016-04-14,22.149999618530273,22.34000015258789,21.299999237060547,21.600000381469727,19.587800979614258,100770000
2016-04-15,21.75,22.309999465942383,21.450000762939453,22.200000762939453,20.131908416748047,69043500
2016-04-18,22.469999313354492,22.479999542236328,21.90999984741211,22.18000030517578,20.11376953125,39776600
2016-04-19,23.079999923706055,23.469999313354492,22.920000076293945,23.260000228881836,21.093162536621094,101450600
2016-04-20,23.239999771118164,23.81999969482422,22.709999084472656,22.84000015258789,20.712289810180664,107920500
2016-04-21,23.450000762939453,23.530000686645508,22.8700008392334,23.25,21.08409309387207,81445000
2016-04-22,22.950000762939453,23.40999984741211,22.440000534057617,22.59000015258789,20.485576629638672,101689200
2016-04-25,22.729999542236328,22.889999389648438,22.3700008392334,22.459999084472656,20.367685317993164,39890900
2016-04-26,22.709999084472656,23.010000228881836,22.389999389648438,22.989999771118164,20.848312377929688,63797900
2016-04-27,23.149999618530273,23.309999465942383,22.59000015258789,23.239999771118164,21.075023651123047,56420300
2016-04-28,23.479999542236328,24.399999618530273,23.420000076293945,24.280000686645508,22.01814079284668,104264300
2016-04-29,24.75,25.829999923706055,24.719999313354492,25.829999923706055,23.423748016357422,116216000
2016-05-02,26.100000381469727,26.170000076293945,25.100000381469727,25.389999389648438,23.024736404418945,84514200
2016-05-03,25.489999771118164,25.530000686645508,24.469999313354492,24.65999984741211,22.362741470336914,94115500
2016-05-04,24.200000762939453,24.649999618530273,23.290000915527344,23.40999984741211,21.229185104370117,122063000
2016-05-05,23.81999969482422,24.31999969482422,23.719999313354492,24.18000030517578,21.927457809448242,88670100
2016-05-06,24.690000534057617,25.440000534057617,24.559999465942383,25.1299991607666,22.788957595825195,100086900
2016-05-09,24.040000915527344,24.18000030517578,23.5,23.520000457763672,21.328941345214844,128209000
2016-05-10,23.649999618530273,24.510000228881836,23.34000015258789,24.399999618530273,22.126964569091797,87011000
2016-05-11,24.920000076293945,25.34000015258789,24.200000762939453,25.049999237060547,22.71640968322754,84347400
2016-05-12,25.100000381469727,25.399999618530273,24.420000076293945,24.549999237060547,22.26298713684082,76147200
2016-05-13,24.579999923706055,25.0,24.440000534057617,24.790000915527344,22.480632781982422,47602900
2016-05-16,25.329999923706055,25.610000610351562,25.030000686645508,25.239999771118164,22.888710021972656,64173700
2016-05-17,25.18000030517578,25.850000381469727,24.920000076293945,25.579999923706055,23.197036743164062,60077800
2016-05-18,25.059999465942383,25.420000076293945,23.549999237060547,23.559999465942383,21.36521339416504,190329800
2016-05-19,23.0,24.09000015258789,22.780000686645508,23.959999084472656,21.727949142456055,88378000
2016-05-20,24.239999771118164,24.270000457763672,23.3799991607666,24.049999237060547,21.809566497802734,70444800
2016-05-23,23.469999313354492,24.239999771118164,23.360000610351562,23.780000686645508,21.564722061157227,51488900
2016-05-24,23.25,23.469999313354492,22.440000534057617,22.469999313354492,20.37675666809082,124509700
2016-05-25,22.360000610351562,23.190000534057617,21.940000534057617,23.030000686645508,20.884586334228516,74463300
2016-05-26,23.350000381469727,23.559999465942383,22.75,22.950000762939453,20.812040328979492,52006900
2016-05-27,22.739999771118164,22.959999084472656,22.170000076293945,22.280000686645508,20.204456329345703,100823000
2016-05-31,22.309999465942383,23.049999237060547,22.1299991607666,22.579999923706055,20.47650718688965,78295000
2016-06-01,22.700000762939453,23.09000015258789,22.34000015258789,22.719999313354492,20.603466033935547,51078900
2016-06-02,22.670000076293945,22.969999313354492,22.479999542236328,22.770000457763672,20.648807525634766,35409200
2016-06-03,24.079999923706055,25.360000610351562,24.079999923706055,25.329999923706055,22.970325469970703,190026800
2016-06-06,25.280000686645508,25.540000915527344,24.84000015258789,25.450000762939453,23.079147338867188,76841900
2016-06-07,25.110000610351562,25.440000534057617,25.010000228881836,25.110000610351562,22.770822525024414,52296400
2016-06-08,26.190000534057617,26.5,25.84000015258789,25.93000030517578,23.51443099975586,98078700
2016-06-09,25.920000076293945,26.40999984741211,25.770000457763672,26.329999923706055,23.87717056274414,62777300
2016-06-10,26.530000686645508,26.899999618530273,25.760000228881836,25.959999084472656,23.541637420654297,68347900
2016-06-13,26.59000015258789,26.649999618530273,25.600000381469727,25.90999984741211,23.496294021606445,51094400
2016-06-14,26.059999465942383,26.059999465942383,25.1299991607666,25.34000015258789,22.979394912719727,71065700
2016-06-15,25.34000015258789,26.540000915527344,25.219999313354492,26.31999969482422,23.868099212646484,104434600
2016-06-16,27.030000686645508,27.030000686645508,25.40999984741211,25.489999771118164,23.11542320251465,124160700
2016-06-17,25.950000762939453,26.030000686645508,25.25,25.790000915527344,23.387475967407227,72290200
2016-06-20,25.010000228881836,25.809999465942383,24.90999984741211,25.639999389648438,23.251447677612305,58425400
2016-06-21,25.110000610351562,25.360000610351562,24.90999984741211,24.93000030517578,22.607589721679688,78428000
2016-06-22,25.030000686645508,25.5,24.799999237060547,25.5,23.12449073791504,75614700
2016-06-23,25.270000457763672,25.670000076293945,25.1299991607666,25.219999313354492,22.870573043823242,61697500
2016-06-24,27.670000076293945,27.709999084472656,26.3700008392334,26.75,24.25804328918457,142864600
2016-06-27,26.969999313354492,27.40999984741211,26.43000030517578,27.059999465942383,24.53916358947754,77756600
2016-06-28,26.579999923706055,27.0,26.479999542236328,26.600000381469727,24.12201499938965,80951500
2016-06-29,27.010000228881836,27.610000610351562,26.950000762939453,27.149999618530273,24.62078094482422,68734100
2016-06-30,27.450000762939453,27.75,27.15999984741211,27.709999084472656,25.128612518310547,53540000
2016-07-01,28.5,29.200000762939453,28.440000534057617,29.049999237060547,26.343780517578125,86021800
2016-07-05,29.479999542236328,29.760000228881836,28.850000381469727,29.639999389648438,26.878820419311523,70577700
2016-07-06,30.079999923706055,30.68000030517578,29.959999084472656,30.56999969482422,27.722179412841797,106290300
2016-07-07,30.1299991607666,30.149999618530273,29.399999618530273,29.610000610351562,26.85161018371582,88889600
2016-07-08,29.65999984741211,30.68000030517578,29.43000030517578,30.540000915527344,27.69498062133789,94810000
2016-07-11,30.229999542236328,30.729999542236328,30.139999389648438,30.600000381469727,27.7493896484375,46584000
2016-07-12,30.290000915527344,30.469999313354492,29.389999389648438,29.399999618530273,26.661176681518555,94497400
2016-07-13,30.09000015258789,30.6299991607666,29.829999923706055,30.3700008392334,27.54081153869629,66785900
2016-07-14,29.520000457763672,30.25,29.350000381469727,30.209999084472656,27.395719528198242,55919200
2016-07-15,29.709999084472656,30.149999618530273,29.670000076293945,29.8700008392334,27.087390899658203,50421800
2016-07-18,29.950000762939453,30.049999237060547,29.579999923706055,29.979999542236328,27.187145233154297,50567100
2016-07-19,29.850000381469727,29.989999771118164,29.639999389648438,29.670000076293945,26.90601921081543,44503800
2016-07-20,28.959999084472656,28.969999313354492,27.799999237060547,27.989999771118164,25.38252830505371,130406100
2016-07-21,28.309999465942383,29.020000457763672,28.110000610351562,28.8700008392334,26.18054962158203,85509300
2016-07-22,28.5,28.950000762939453,28.469999313354492,28.780000686645508,26.098934173583984,30446500
2016-07-25,28.34000015258789,28.350000381469727,27.450000762939453,27.729999542236328,25.14674949645996,89557100
2016-07-26,28.209999084472656,28.729999542236328,27.989999771118164,28.5,25.845020294189453,74116400
2016-07-27,28.969999313354492,29.969999313354492,28.239999771118164,29.799999237060547,27.023910522460938,113312100
2016-07-28,29.93000030517578,30.09000015258789,29.239999771118164,29.75,26.97857093811035,57024500
2016-07-29,30.270000457763672,30.770000457763672,30.020000457763672,30.59000015258789,27.74031639099121,74383700
2016-08-01,30.469999313354492,31.049999237060547,30.260000228881836,30.93000030517578,28.048643112182617,84315500
2016-08-02,31.34000015258789,31.639999389648438,31.18000030517578,31.31999969482422,28.402315139770508,68903600
2016-08-03,31.1200008392334,31.1299991607666,30.700000762939453,30.940000534057617,28.057714462280273,50504200
2016-08-04,31.1299991607666,31.450000762939453,31.100000381469727,31.229999542236328,28.32069969177246,44509100
2016-08-05,30.350000381469727,30.469999313354492,30.059999465942383,30.229999542236328,27.413854598999023,85813900
2016-08-08,30.200000762939453,30.809999465942383,30.149999618530273,30.5,27.658702850341797,43730900
2016-08-09,30.739999771118164,30.950000762939453,30.59000015258789,30.760000228881836,27.894479751586914,42545400
2016-08-10,31.540000915527344,31.690000534057617,30.969999313354492,31.299999237060547,28.384178161621094,56247200
2016-08-11,31.31999969482422,31.790000915527344,30.979999542236328,31.040000915527344,28.148399353027344,48765200
2016-08-12,31.760000228881836,31.790000915527344,30.920000076293945,31.049999237060547,28.157470703125,44118800
2016-08-15,31.100000381469727,31.299999237060547,30.739999771118164,30.860000610351562,27.985166549682617,39820800
2016-08-16,30.920000076293945,31.09000015258789,30.639999389648438,30.809999465942383,27.939821243286133,35355600
2016-08-17,30.5,30.6200008392334,29.65999984741211,30.3700008392334,27.54081153869629,78518200
2016-08-18,30.6299991607666,30.780000686645508,30.31999969482422,30.75,27.88541030883789,60204200
2016-08-19,30.139999389648438,30.329999923706055,29.860000610351562,29.959999084472656,27.169004440307617,61761900
2016-08-22,29.5,29.59000015258789,29.299999237060547,29.459999084472656,26.715587615966797,47948100
2016-08-23,29.719999313354492,29.770000457763672,28.979999542236328,29.020000457763672,26.316577911376953,57386700
2016-08-24,28.6200008392334,28.649999618530273,26.84000015258789,26.969999313354492,24.457548141479492,168133500
2016-08-25,26.959999084472656,27.860000610351562,26.639999389648438,27.309999465942383,24.76587677001953,68662900
2016-08-26,27.889999389648438,28.43000030517578,26.81999969482422,27.18000030517578,24.647987365722656,109036600
2016-08-29,26.899999618530273,27.520000457763672,26.719999313354492,27.239999771118164,24.7023983001709,57214300
2016-08-30,26.979999542236328,27.09000015258789,25.65999984741211,25.899999618530273,23.487228393554688,104101200
2016-08-31,25.600000381469727,25.850000381469727,25.329999923706055,25.489999771118164,23.11542320251465,76912300
2016-09-01,25.350000381469727,26.469999313354492,25.170000076293945,26.420000076293945,23.958786010742188,131755800
2016-09-02,27.25,27.459999084472656,26.790000915527344,27.350000381469727,24.802146911621094,105245000
2016-09-06,27.920000076293945,28.700000762939453,27.670000076293945,28.68000030517578,26.008251190185547,109292600
2016-09-07,28.600000381469727,28.649999618530273,27.780000686645508,28.520000457763672,25.8631534576416,76616800
2016-09-08,28.350000381469727,28.610000610351562,27.700000762939453,27.899999618530273,25.300912857055664,86866500
2016-09-09,27.510000228881836,27.520000457763672,26.25,26.40999984741211,23.94971466064453,147300700
2016-09-12,25.950000762939453,27.280000686645508,25.860000610351562,27.040000915527344,24.521026611328125,103987000
2016-09-13,26.739999771118164,26.799999237060547,25.690000534057617,26.059999465942383,23.632320404052734,100593400
2016-09-14,26.309999465942383,26.670000076293945,25.860000610351562,26.010000228881836,23.58698272705078,58638100
2016-09-15,25.969999313354492,26.639999389648438,25.600000381469727,26.18000030517578,23.74114418029785,59497200
2016-09-16,25.84000015258789,26.309999465942383,25.559999465942383,25.959999084472656,23.541637420654297,78274900
2016-09-19,26.3700008392334,26.40999984741211,26.010000228881836,26.09000015258789,23.659526824951172,75485900
2016-09-20,26.110000610351562,26.290000915527344,25.860000610351562,26.059999465942383,23.632320404052734,36482300
2016-09-21,26.6200008392334,28.010000228881836,26.540000915527344,27.899999618530273,25.300912857055664,154524800
2016-09-22,28.25,28.559999465942383,27.450000762939453,27.739999771118164,25.15581512451172,75802500
2016-09-23,27.690000534057617,27.770000457763672,26.75,27.020000457763672,24.502891540527344,71253200
2016-09-26,27.209999084472656,28.079999923706055,26.739999771118164,26.780000686645508,24.285247802734375,34991100
2016-09-27,26.489999771118164,26.59000015258789,26.010000228881836,26.280000686645508,23.83182716369629,63202200
2016-09-28,26.270000457763672,27.110000610351562,25.860000610351562,26.90999984741211,24.403139114379883,76698200
2016-09-29,26.56999969482422,26.920000076293945,26.31999969482422,26.690000534057617,24.203632354736328,43496600
2016-09-30,27.209999084472656,27.25,26.329999923706055,26.43000030517578,23.967851638793945,45277400
2016-10-03,26.350000381469727,26.56999969482422,25.649999618530273,25.959999084472656,23.541637420654297,60525600
2016-10-04,25.100000381469727,25.100000381469727,23.3799991607666,23.399999618530273,21.22011947631836,232153600
2016-10-05,23.84000015258789,23.979999542236328,22.93000030517578,23.579999923706055,21.38334846496582,107388100
2016-10-06,22.829999923706055,23.209999084472656,22.579999923706055,22.84000015258789,20.712289810180664,99699500
2016-10-07,23.56999969482422,23.739999771118164,22.59000015258789,23.0,20.857383728027344,82953600
2016-10-10,23.170000076293945,23.389999389648438,22.969999313354492,23.15999984741211,21.00247573852539,39561300
2016-10-11,22.889999389648438,23.079999923706055,22.5,22.579999923706055,20.47650718688965,76085000
2016-10-12,22.709999084472656,23.360000610351562,22.6200008392334,23.06999969482422,20.920862197875977,77536200
2016-10-13,23.209999084472656,24.09000015258789,23.030000686645508,23.489999771118164,21.301733016967773,78278100
2016-10-14,23.139999389648438,23.639999389648438,22.90999984741211,22.989999771118164,20.848312377929688,68079800
2016-10-17,23.149999618530273,23.469999313354492,23.0,23.34000015258789,21.16571044921875,43448300
2016-10-18,23.81999969482422,24.270000457763672,23.549999237060547,24.200000762939453,21.945594787597656,80749700
2016-10-19,24.649999618530273,24.989999771118164,24.360000610351562,24.8700008392334,22.553178787231445,88193100
2016-10-20,24.860000610351562,24.940000534057617,24.3799991607666,24.809999465942383,22.49876594543457,39322100
2016-10-21,24.709999084472656,24.780000686645508,24.399999618530273,24.6200008392334,22.326465606689453,34304800
2016-10-24,24.860000610351562,24.8700008392334,23.790000915527344,24.09000015258789,21.84583854675293,69003600
2016-10-25,24.290000915527344,24.93000030517578,24.18000030517578,24.649999618530273,22.353675842285156,68885200
2016-10-26,24.6200008392334,24.75,23.860000610351562,24.1299991607666,21.882112503051758,80726800
2016-10-27,24.31999969482422,24.360000610351562,23.479999542236328,23.729999542236328,21.519376754760742,64873500
2016-10-28,23.670000076293945,24.290000915527344,23.43000030517578,23.809999465942383,21.59192657470703,61709800
2016-10-31,23.959999084472656,24.549999237060547,23.739999771118164,24.520000457763672,22.23578643798828,73846500
2016-11-01,25.079999923706055,25.579999923706055,24.90999984741211,25.1299991607666,22.788957595825195,82620900
2016-11-02,25.690000534057617,25.93000030517578,24.549999237060547,24.760000228881836,22.45343017578125,114456900
2016-11-03,24.780000686645508,25.469999313354492,24.729999542236328,25.299999237060547,22.943119049072266,67325600
2016-11-04,25.290000915527344,25.329999923706055,24.649999618530273,25.06999969482422,22.734546661376953,64627900
2016-11-07,24.219999313354492,24.350000381469727,23.75,24.079999923706055,21.836772918701172,91724900
2016-11-08,24.190000534057617,24.68000030517578,23.639999389648438,23.959999084472656,21.727949142456055,63550900
2016-11-09,25.6299991607666,25.700000762939453,24.0,24.59000015258789,22.299264907836914,120870800
2016-11-10,24.34000015258789,24.34000015258789,22.600000381469727,22.75,20.63067054748535,180716500
2016-11-11,22.670000076293945,22.75,20.829999923706055,20.920000076293945,18.971147537231445,179547700
2016-11-14,20.510000228881836,21.760000228881836,20.1299991607666,21.1200008392334,19.15251922607422,135306100
2016-11-15,21.229999542236328,22.149999618530273,20.989999771118164,22.020000457763672,19.968679428100586,107240500
2016-11-16,21.899999618530273,22.0,21.389999389648438,21.84000015258789,19.805444717407227,55839800
2016-11-17,21.809999465942383,22.25,20.899999618530273,21.299999237060547,19.315750122070312,97704100
2016-11-18,21.049999237060547,21.280000686645508,20.770000457763672,21.049999237060547,19.089038848876953,75593000
2016-11-21,21.440000534057617,21.75,21.280000686645508,21.479999542236328,19.47897720336914,63978400
2016-11-22,21.549999237060547,21.6200008392334,20.959999084472656,21.559999465942383,19.55152702331543,44435000
2016-11-23,20.719999313354492,20.719999313354492,20.139999389648438,20.5,18.590274810791016,134622000
2016-11-25,20.700000762939453,20.860000610351562,20.440000534057617,20.610000610351562,18.69002914428711,34433900
2016-11-28,20.899999618530273,21.440000534057617,20.670000076293945,21.399999618530273,19.40643310546875,100582700
2016-11-29,20.8799991607666,21.3799991607666,20.770000457763672,21.229999542236328,19.252269744873047,50015500
2016-11-30,20.979999542236328,21.049999237060547,20.520000457763672,20.829999923706055,18.88953399658203,70615400
2016-12-01,20.59000015258789,21.139999389648438,20.270000457763672,20.65999984741211,18.735368728637695,58942400
2016-12-02,20.90999984741211,21.5,20.899999618530273,21.3700008392334,19.379230499267578,88022300
2016-12-05,20.989999771118164,21.579999923706055,20.6299991607666,21.329999923706055,19.34295654296875,64778100
2016-12-06,21.31999969482422,21.670000076293945,21.059999465942383,21.200000762939453,19.225069046020508,43701300
2016-12-07,21.579999923706055,21.739999771118164,21.280000686645508,21.440000534057617,19.442707061767578,63628600
2016-12-08,21.350000381469727,21.520000457763672,21.18000030517578,21.459999084472656,19.460844039916992,35073600
2016-12-09,21.229999542236328,21.299999237060547,20.520000457763672,20.670000076293945,18.74444007873535,99890500
2016-12-12,20.899999618530273,21.100000381469727,20.6200008392334,20.75,18.816984176635742,54072800
2016-12-13,20.729999542236328,21.100000381469727,20.59000015258789,21.040000915527344,19.07996940612793,58388500
2016-12-14,21.34000015258789,21.489999771118164,19.8700008392334,19.889999389648438,18.037099838256836,154550100
2016-12-15,19.309999465942383,19.350000381469727,18.68000030517578,18.989999771118164,17.22093963623047,175932700
2016-12-16,19.260000228881836,19.479999542236328,18.790000915527344,19.079999923706055,17.30255889892578,99834300
2016-12-19,19.170000076293945,19.280000686645508,18.920000076293945,19.079999923706055,17.352577209472656,46656800
2016-12-20,18.709999084472656,19.18000030517578,18.579999923706055,19.1299991607666,17.398052215576172,56487500
2016-12-21,19.209999084472656,19.290000915527344,18.969999313354492,19.09000015258789,17.36167335510254,75381500
2016-12-22,19.049999237060547,19.420000076293945,19.0,19.06999969482422,17.34348487854004,59725500
2016-12-23,19.149999618530273,19.43000030517578,19.100000381469727,19.34000015258789,17.58904266357422,58208900
2016-12-27,19.670000076293945,19.8799991607666,19.520000457763672,19.8700008392334,18.071054458618164,60061500
2016-12-28,19.75,20.31999969482422,19.639999389648438,20.239999771118164,18.407556533813477,61690300
2016-12-29,20.469999313354492,21.84000015258789,20.450000762939453,21.75,19.78084945678711,140319100
2016-12-30,21.790000915527344,22.239999771118164,20.790000915527344,20.920000076293945,19.02599334716797,142043300
2017-01-03,21.06999969482422,21.770000457763672,20.979999542236328,21.760000228881836,19.78994369506836,83239600
2017-01-04,22.0,22.010000228881836,21.559999465942383,21.920000076293945,19.93545913696289,59106200
2017-01-05,22.360000610351562,23.350000381469727,22.350000381469727,23.200000762939453,21.099573135375977,135142000
2017-01-06,22.68000030517578,23.09000015258789,22.020000457763672,22.389999389648438,20.362903594970703,123849500
2017-01-09,22.920000076293945,22.940000534057617,22.31999969482422,22.459999084472656,20.42656898498535,61158100
2017-01-10,22.68000030517578,22.959999084472656,22.280000686645508,22.6200008392334,20.572084426879883,69928600
2017-01-11,22.389999389648438,22.850000381469727,21.899999618530273,22.56999969482422,20.526611328125,75435300
2017-01-12,23.049999237060547,23.25,22.3799991607666,22.6200008392334,20.572084426879883,67123800
2017-01-13,22.389999389648438,22.84000015258789,22.149999618530273,22.739999771118164,20.681217193603516,48983500
2017-01-17,23.479999542236328,23.559999465942383,23.170000076293945,23.360000610351562,21.245088577270508,94245700
2017-01-18,23.350000381469727,23.549999237060547,22.709999084472656,23.010000228881836,20.926773071289062,75029500
2017-01-19,22.75,23.06999969482422,22.549999237060547,22.8799991607666,20.808544158935547,60294600
2017-01-20,22.90999984741211,23.459999084472656,22.719999313354492,23.1200008392334,21.026817321777344,56212400
2017-01-23,23.360000610351562,23.81999969482422,23.25,23.809999465942383,21.65434455871582,87895700
2017-01-24,23.75,24.25,23.59000015258789,23.829999923706055,21.672534942626953,78455500
2017-01-25,23.360000610351562,23.5,23.1200008392334,23.469999313354492,21.345125198364258,64683100
2017-01-26,22.93000030517578,23.1299991607666,22.780000686645508,22.8700008392334,20.799449920654297,68361000
2017-01-27,22.8799991607666,23.270000457763672,22.8799991607666,23.219999313354492,21.117761611938477,49016500
2017-01-30,23.329999923706055,23.600000381469727,23.100000381469727,23.149999618530273,21.05409812927246,35261200
2017-01-31,23.729999542236328,23.93000030517578,23.670000076293945,23.93000030517578,21.76348114013672,92955600
2017-02-01,23.559999465942383,24.989999771118164,23.450000762939453,23.850000381469727,21.690725326538086,56371600
2017-02-02,24.40999984741211,24.549999237060547,24.209999084472656,24.3799991607666,22.172740936279297,56822500
2017-02-03,24.3799991607666,24.649999618530273,24.270000457763672,24.5,22.281877517700195,33050500
2017-02-06,24.899999618530273,25.420000076293945,24.6200008392334,25.399999618530273,23.100391387939453,74544000
2017-02-07,25.1299991607666,25.56999969482422,25.030000686645508,25.290000915527344,23.000354766845703,58295200
2017-02-08,25.559999465942383,25.709999084472656,25.270000457763672,25.56999969482422,23.255002975463867,41295600
2017-02-09,25.56999969482422,25.6200008392334,24.84000015258789,24.90999984741211,22.654760360717773,80783300
2017-02-10,24.670000076293945,25.360000610351562,24.600000381469727,25.290000915527344,23.000354766845703,65396100
2017-02-13,25.0,25.149999618530273,24.860000610351562,24.950000762939453,22.691137313842773,49701600
2017-02-14,25.270000457763672,25.329999923706055,24.610000610351562,24.920000076293945,22.66385269165039,56856900
2017-02-15,24.600000381469727,24.969999313354492,24.5,24.93000030517578,22.672945022583008,28928900
2017-02-16,25.06999969482422,25.34000015258789,24.979999542236328,25.200000762939453,22.918502807617188,46822700
2017-02-17,25.290000915527344,25.31999969482422,24.729999542236328,24.790000915527344,22.54561996459961,50189500
2017-02-21,24.479999542236328,24.760000228881836,24.1200008392334,24.6200008392334,22.391014099121094,50226300
2017-02-22,24.479999542236328,24.600000381469727,23.81999969482422,24.329999923706055,22.127267837524414,78978500
2017-02-23,24.729999542236328,24.860000610351562,24.350000381469727,24.3700008392334,22.163646697998047,45345000
2017-02-24,24.709999084472656,24.719999313354492,24.049999237060547,24.1299991607666,21.94537353515625,49738700
2017-02-27,24.100000381469727,24.579999923706055,22.729999542236328,22.84000015258789,20.772165298461914,112479400
2017-02-28,23.239999771118164,23.420000076293945,22.639999389648438,22.850000381469727,20.78125762939453,83215200
2017-03-01,22.450000762939453,23.170000076293945,22.270000457763672,22.979999542236328,20.899492263793945,64108600
2017-03-02,22.489999771118164,22.690000534057617,21.829999923706055,21.93000030517578,19.94455337524414,102332100
2017-03-03,21.729999542236328,22.469999313354492,21.56999969482422,22.200000762939453,20.190107345581055,82068800
2017-03-06,22.100000381469727,22.1200008392334,21.350000381469727,21.639999389648438,19.680809020996094,75805800
2017-03-07,21.3799991607666,21.799999237060547,21.219999313354492,21.510000228881836,19.562576293945312,49198800
2017-03-08,21.229999542236328,21.639999389648438,21.170000076293945,21.350000381469727,19.41706657409668,47354800
2017-03-09,21.389999389648438,21.549999237060547,21.139999389648438,21.139999389648438,19.22607421875,36909000
2017-03-10,21.31999969482422,21.889999389648438,21.190000534057617,21.729999542236328,19.762657165527344,82724800
2017-03-13,21.889999389648438,22.100000381469727,21.729999542236328,22.0,20.00821304321289,52664600
2017-03-14,21.90999984741211,22.190000534057617,21.260000228881836,21.34000015258789,19.407970428466797,80950500
2017-03-15,21.56999969482422,23.040000915527344,21.3700008392334,22.979999542236328,20.899492263793945,150366100
2017-03-16,22.979999542236328,23.450000762939453,22.690000534057617,22.770000457763672,20.70850372314453,61512900
2017-03-17,22.860000610351562,23.079999923706055,22.510000228881836,22.670000076293945,20.617555618286133,49383500
2017-03-20,22.739999771118164,23.0,22.579999923706055,22.889999389648438,20.817636489868164,45769700
2017-03-21,23.049999237060547,23.510000228881836,23.030000686645508,23.260000228881836,21.154142379760742,75857100
2017-03-22,23.420000076293945,23.559999465942383,23.1299991607666,23.25,21.14504623413086,61585400
2017-03-23,23.360000610351562,23.450000762939453,22.6299991607666,23.030000686645508,20.944965362548828,67748100
2017-03-24,22.950000762939453,23.18000030517578,22.829999923706055,22.920000076293945,20.844924926757812,35724900
2017-03-27,23.440000534057617,23.540000915527344,23.149999618530273,23.43000030517578,21.308748245239258,61768100
2017-03-28,23.350000381469727,23.479999542236328,22.579999923706055,22.809999465942383,20.74488067626953,74233000
2017-03-29,22.739999771118164,23.059999465942383,22.65999984741211,22.90999984741211,20.835826873779297,33489000
2017-03-30,22.729999542236328,22.889999389648438,22.530000686645508,22.549999237060547,20.508420944213867,44880400
2017-03-31,22.649999618530273,23.1200008392334,22.549999237060547,22.809999465942383,20.74488067626953,56753500
2017-04-03,22.84000015258789,23.219999313354492,22.790000915527344,23.200000762939453,21.099573135375977,47771600
2017-04-04,23.34000015258789,23.469999313354492,23.190000534057617,23.450000762939453,21.326940536499023,36716200
2017-04-05,23.170000076293945,23.65999984741211,23.020000457763672,23.479999542236328,21.354225158691406,65945600
2017-04-06,23.399999618530273,23.549999237060547,23.25,23.510000228881836,21.381505966186523,35595900
2017-04-07,23.90999984741211,24.020000457763672,23.219999313354492,23.5,21.37240982055664,53894800
2017-04-10,23.3799991607666,23.709999084472656,23.200000762939453,23.649999618530273,21.508834838867188,44121700
2017-04-11,23.989999771118164,24.459999084472656,23.8700008392334,24.360000610351562,22.15455436706543,88138900
2017-04-12,24.360000610351562,24.59000015258789,24.079999923706055,24.56999969482422,22.345537185668945,64128000
2017-04-13,24.6200008392334,24.8799991607666,24.3799991607666,24.540000915527344,22.318254470825195,59164800
2017-04-17,24.559999465942383,24.760000228881836,24.309999465942383,24.469999313354492,22.254587173461914,44182500
2017-04-18,24.3799991607666,24.440000534057617,23.989999771118164,24.270000457763672,22.072696685791016,53986000
2017-04-19,24.030000686645508,24.06999969482422,23.280000686645508,23.389999389648438,21.272369384765625,111847200
2017-04-20,23.479999542236328,23.799999237060547,23.360000610351562,23.579999923706055,21.44516944885254,48955800
2017-04-21,23.670000076293945,23.81999969482422,23.479999542236328,23.610000610351562,21.47245216369629,52601700
2017-04-24,23.139999389648438,23.440000534057617,23.079999923706055,23.200000762939453,21.099573135375977,69344300
2017-04-25,22.90999984741211,22.920000076293945,21.950000762939453,22.219999313354492,20.20829963684082,130026200
2017-04-26,22.190000534057617,22.420000076293945,21.68000030517578,22.260000228881836,20.24467658996582,75540500
2017-04-27,22.270000457763672,22.270000457763672,21.709999084472656,21.809999465942383,19.835418701171875,71964000
2017-04-28,21.979999542236328,22.43000030517578,21.8700008392334,22.229999542236328,20.217391967773438,67758600
2017-05-01,22.030000686645508,22.229999542236328,21.510000228881836,21.690000534057617,19.726282119750977,67101600
2017-05-02,21.6200008392334,21.959999084472656,21.549999237060547,21.739999771118164,19.77175521850586,43845800
2017-05-03,21.709999084472656,22.280000686645508,21.510000228881836,21.510000228881836,19.562576293945312,67303100
2017-05-04,21.18000030517578,21.309999465942383,20.889999389648438,21.100000381469727,19.189699172973633,70495200
2017-05-05,21.170000076293945,21.75,21.1200008392334,21.549999237060547,19.59895896911621,58316100
2017-05-08,21.579999923706055,21.59000015258789,21.290000915527344,21.540000915527344,19.589862823486328,26305200
2017-05-09,21.34000015258789,21.56999969482422,21.219999313354492,21.520000457763672,19.571672439575195,42362800
2017-05-10,21.829999923706055,22.040000915527344,21.75,21.93000030517578,19.94455337524414,48357300
2017-05-11,22.040000915527344,22.5,22.010000228881836,22.3700008392334,20.344717025756836,66080500
2017-05-12,22.709999084472656,22.8799991607666,22.6200008392334,22.719999313354492,20.66303062438965,44397500
2017-05-15,23.1299991607666,23.1299991607666,22.479999542236328,22.799999237060547,20.73578643798828,43566900
2017-05-16,22.8700008392334,23.049999237060547,22.84000015258789,22.959999084472656,20.881298065185547,32089000
2017-05-17,23.459999084472656,23.670000076293945,23.1299991607666,23.3700008392334,21.254180908203125,67494600
2017-05-18,23.110000610351562,23.170000076293945,22.549999237060547,22.649999618530273,20.599369049072266,76638200
2017-05-19,22.969999313354492,23.010000228881836,22.809999465942383,22.860000610351562,20.790353775024414,38486000
2017-05-22,23.06999969482422,23.389999389648438,23.040000915527344,23.15999984741211,21.063194274902344,40356400
2017-05-23,23.260000228881836,23.389999389648438,22.579999923706055,22.639999389648438,20.59027099609375,58240500
2017-05-24,22.56999969482422,22.979999542236328,22.200000762939453,22.969999313354492,20.890398025512695,55901900
2017-05-25,22.719999313354492,22.829999923706055,22.489999771118164,22.709999084472656,20.653934478759766,42202900
2017-05-26,23.010000228881836,23.049999237060547,22.829999923706055,22.940000534057617,20.863109588623047,33135000
2017-05-30,22.649999618530273,22.84000015258789,22.59000015258789,22.59000015258789,20.5447998046875,35882500
2017-05-31,22.68000030517578,22.90999984741211,22.450000762939453,22.690000534057617,20.635746002197266,41639300
2017-06-01,22.5,22.780000686645508,22.440000534057617,22.600000381469727,20.553895950317383,27032600
2017-06-02,22.940000534057617,23.010000228881836,22.670000076293945,22.760000228881836,20.69940757751465,43410900
2017-06-05,22.829999923706055,22.889999389648438,22.489999771118164,22.739999771118164,20.681217193603516,26543100
2017-06-06,23.100000381469727,23.860000610351562,23.079999923706055,23.799999237060547,21.645252227783203,97130500
2017-06-07,23.56999969482422,23.81999969482422,23.31999969482422,23.649999618530273,21.508834838867188,56209800
2017-06-08,23.399999618530273,23.40999984741211,22.959999084472656,23.219999313354492,21.117761611938477,70016900
2017-06-09,22.84000015258789,23.110000610351562,22.809999465942383,22.829999923706055,20.76306915283203,50189900
2017-06-12,22.75,22.969999313354492,22.68000030517578,22.739999771118164,20.681217193603516,44601500
2017-06-13,22.610000610351562,23.139999389648438,22.600000381469727,22.969999313354492,20.890398025512695,40029400
2017-06-14,23.3799991607666,23.420000076293945,22.100000381469727,22.219999313354492,20.20829963684082,107805400
2017-06-15,22.0,22.34000015258789,21.959999084472656,22.100000381469727,20.099163055419922,74322300
2017-06-16,22.059999465942383,22.170000076293945,21.940000534057617,22.059999465942383,20.062786102294922,50005000
2017-06-19,21.93000030517578,22.209999084472656,21.850000381469727,21.93000030517578,19.94455337524414,46840300
2017-06-20,21.959999084472656,21.969999313354492,21.75,21.799999237060547,19.826322555541992,31301100
2017-06-21,21.81999969482422,22.1299991607666,21.770000457763672,22.110000610351562,20.108257293701172,37797100
2017-06-22,22.360000610351562,22.549999237060547,22.260000228881836,22.360000610351562,20.335622787475586,47219900
2017-06-23,22.68000030517578,22.809999465942383,22.549999237060547,22.739999771118164,20.681217193603516,47655200
2017-06-26,22.440000534057617,22.770000457763672,22.40999984741211,22.559999465942383,20.517515182495117,39689100
2017-06-27,22.760000228881836,22.799999237060547,22.239999771118164,22.260000228881836,20.24467658996582,66702600
2017-06-28,22.3700008392334,22.469999313354492,22.149999618530273,22.43000030517578,20.3992862701416,30354600
2017-06-29,22.15999984741211,22.200000762939453,21.8799991607666,21.950000762939453,19.962743759155273,54569900
2017-06-30,21.8799991607666,22.1299991607666,21.8799991607666,22.079999923706055,20.080970764160156,46691900
2017-07-03,21.670000076293945,21.700000762939453,21.459999084472656,21.479999542236328,19.535293579101562,43834500
2017-07-05,21.450000762939453,21.81999969482422,21.399999618530273,21.760000228881836,19.78994369506836,58726000
2017-07-06,21.68000030517578,21.700000762939453,21.440000534057617,21.489999771118164,19.544387817382812,37409500
2017-07-07,21.350000381469727,21.420000076293945,21.0,21.209999084472656,19.289737701416016,57304600
2017-07-10,21.030000686645508,21.649999618530273,20.989999771118164,21.510000228881836,19.562576293945312,52988200
2017-07-11,21.520000457763672,21.739999771118164,21.260000228881836,21.639999389648438,19.680809020996094,35247100
2017-07-12,21.940000534057617,22.059999465942383,21.700000762939453,21.739999771118164,19.77175521850586,39815200
2017-07-13,21.770000457763672,21.8799991607666,21.479999542236328,21.5,19.553483963012695,42072200
2017-07-14,21.959999084472656,22.020000457763672,21.799999237060547,21.799999237060547,19.826322555541992,47456100
2017-07-17,22.040000915527344,22.170000076293945,21.979999542236328,21.979999542236328,19.99002456665039,28408400
2017-07-18,22.229999542236328,22.270000457763672,22.1200008392334,22.139999389648438,20.135541915893555,30865800
2017-07-19,22.149999618530273,22.280000686645508,22.010000228881836,22.18000030517578,20.171916961669922,27487200
2017-07-20,22.149999618530273,22.420000076293945,22.110000610351562,22.31999969482422,20.299243927001953,25254900
2017-07-21,22.5,22.530000686645508,22.280000686645508,22.40999984741211,20.38109588623047,21535000
2017-07-24,22.469999313354492,22.479999542236328,21.969999313354492,22.049999237060547,20.053688049316406,45649400
2017-07-25,22.100000381469727,22.389999389648438,22.100000381469727,22.270000457763672,20.253768920898438,34211800
2017-07-26,22.149999618530273,23.059999465942383,22.1299991607666,22.84000015258789,20.772165298461914,63816900
2017-07-27,22.979999542236328,22.989999771118164,22.459999084472656,22.56999969482422,20.526611328125,50762200
2017-07-28,22.68000030517578,22.940000534057617,22.610000610351562,22.90999984741211,20.835826873779297,40162900
2017-07-31,22.8799991607666,23.030000686645508,22.739999771118164,22.860000610351562,20.790353775024414,30392300
2017-08-01,22.770000457763672,23.09000015258789,22.649999618530273,22.829999923706055,20.76306915283203,32116800
2017-08-02,22.799999237060547,22.979999542236328,22.729999542236328,22.770000457763672,20.70850372314453,27185500
2017-08-03,22.739999771118164,22.950000762939453,22.68000030517578,22.700000762939453,20.64484214782715,24214900
2017-08-04,22.5,22.579999923706055,22.190000534057617,22.31999969482422,20.299243927001953,50891100
2017-08-07,22.229999542236328,22.420000076293945,22.18000030517578,22.200000762939453,20.190107345581055,32328000
2017-08-08,22.40999984741211,22.43000030517578,22.030000686645508,22.25,20.23558235168457,34662200
2017-08-09,22.59000015258789,22.709999084472656,22.450000762939453,22.600000381469727,20.553895950317383,46821200
2017-08-10,22.989999771118164,23.079999923706055,22.8799991607666,23.079999923706055,20.990440368652344,65055700
2017-08-11,23.100000381469727,23.200000762939453,22.950000762939453,23.149999618530273,21.05409812927246,34549400
2017-08-14,22.899999618530273,22.959999084472656,22.719999313354492,22.829999923706055,20.76306915283203,39972900
2017-08-15,22.450000762939453,22.649999618530273,22.420000076293945,22.559999465942383,20.517515182495117,34484000
2017-08-16,22.510000228881836,23.15999984741211,22.5,23.079999923706055,20.990440368652344,50670000
2017-08-17,23.15999984741211,23.260000228881836,22.950000762939453,23.030000686645508,20.944965362548828,38285900
2017-08-18,23.34000015258789,23.479999542236328,22.8700008392334,22.93000030517578,20.85401725769043,55747000
2017-08-21,23.020000457763672,23.309999465942383,23.020000457763672,23.309999465942383,21.199609756469727,45542000
2017-08-22,23.200000762939453,23.309999465942383,23.079999923706055,23.09000015258789,20.999534606933594,38877800
2017-08-23,23.209999084472656,23.309999465942383,23.079999923706055,23.260000228881836,21.154142379760742,28781900
2017-08-24,23.229999542236328,23.450000762939453,23.18000030517578,23.350000381469727,21.235990524291992,37205600
2017-08-25,23.440000534057617,23.59000015258789,23.209999084472656,23.40999984741211,21.290559768676758,27137600
2017-08-28,23.59000015258789,24.270000457763672,23.559999465942383,24.260000228881836,22.06360626220703,83129500
2017-08-29,24.600000381469727,24.739999771118164,24.1299991607666,24.420000076293945,22.209121704101562,53706100
2017-08-30,24.309999465942383,24.399999618530273,24.1299991607666,24.15999984741211,21.972658157348633,41441400
2017-08-31,24.229999542236328,24.760000228881836,24.209999084472656,24.719999313354492,22.481956481933594,51429800
2017-09-01,24.84000015258789,24.8700008392334,24.489999771118164,24.780000686645508,22.536527633666992,31745200
2017-09-05,25.0,25.329999923706055,24.989999771118164,25.309999465942383,23.018543243408203,67572000
2017-09-06,25.190000534057617,25.290000915527344,24.780000686645508,24.920000076293945,22.66385269165039,58803600
2017-09-07,25.200000762939453,25.579999923706055,25.149999618530273,25.489999771118164,23.182247161865234,64252100
2017-09-08,25.420000076293945,25.479999542236328,25.079999923706055,25.239999771118164,22.95488166809082,49542200
2017-09-11,24.770000457763672,25.049999237060547,24.479999542236328,24.559999465942383,22.336444854736328,67349800
2017-09-12,24.440000534057617,24.75,24.360000610351562,24.670000076293945,22.43648338317871,33658000
2017-09-13,24.649999618530273,24.649999618530273,24.139999389648438,24.219999313354492,22.027223587036133,45006600
2017-09-14,24.149999618530273,24.440000534057617,24.049999237060547,24.3700008392334,22.163646697998047,43024000
2017-09-15,24.299999237060547,24.360000610351562,24.049999237060547,24.1299991607666,21.94537353515625,30564700
2017-09-18,23.860000610351562,23.93000030517578,23.59000015258789,23.729999542236328,21.581588745117188,48361300
2017-09-19,23.760000228881836,23.90999984741211,23.690000534057617,23.850000381469727,21.690725326538086,22338100
2017-09-20,23.93000030517578,24.200000762939453,23.18000030517578,23.5,21.37240982055664,67407500
2017-09-21,23.100000381469727,23.530000686645508,23.040000915527344,23.209999084472656,21.108665466308594,39370200
2017-09-22,23.43000030517578,23.520000457763672,23.299999237060547,23.469999313354492,21.345125198364258,34951800
2017-09-25,23.329999923706055,23.8700008392334,23.280000686645508,23.829999923706055,21.672534942626953,55652300
2017-09-26,23.479999542236328,23.649999618530273,23.260000228881836,23.350000381469727,21.235990524291992,53216500
2017-09-27,23.09000015258789,23.190000534057617,22.979999542236328,22.989999771118164,20.908584594726562,49006900
2017-09-28,23.079999923706055,23.260000228881836,22.989999771118164,23.15999984741211,21.063194274902344,33380000
2017-09-29,23.170000076293945,23.190000534057617,22.950000762939453,22.959999084472656,20.881298065185547,24126600
2017-10-02,22.90999984741211,23.15999984741211,22.809999465942383,23.049999237060547,20.963153839111328,47008000
2017-10-03,23.09000015258789,23.329999923706055,23.040000915527344,23.280000686645508,21.172332763671875,38766700
2017-10-04,23.40999984741211,23.469999313354492,23.239999771118164,23.420000076293945,21.299654006958008,32421000
2017-10-05,23.399999618530273,23.450000762939453,23.170000076293945,23.219999313354492,21.117761611938477,31366800
2017-10-06,23.18000030517578,23.610000610351562,23.0,23.59000015258789,21.454265594482422,50090800
2017-10-09,23.65999984741211,23.81999969482422,23.579999923706055,23.739999771118164,21.59068489074707,26247700
2017-10-10,23.850000381469727,23.889999389648438,23.530000686645508,23.56999969482422,21.436073303222656,44450800
2017-10-11,23.690000534057617,23.829999923706055,23.299999237060547,23.799999237060547,21.645252227783203,39690400
2017-10-12,23.760000228881836,23.84000015258789,23.59000015258789,23.719999313354492,21.572492599487305,34478400
2017-10-13,23.940000534057617,23.989999771118164,23.700000762939453,23.84000015258789,21.681631088256836,23916800
2017-10-16,23.860000610351562,23.8799991607666,23.299999237060547,23.459999084472656,21.336034774780273,47320000
2017-10-17,23.299999237060547,23.510000228881836,23.219999313354492,23.420000076293945,21.299654006958008,32778600
2017-10-18,23.350000381469727,23.489999771118164,23.270000457763672,23.329999923706055,21.217803955078125,20223400
2017-10-19,23.459999084472656,23.579999923706055,23.360000610351562,23.440000534057617,21.317842483520508,25090200
2017-10-20,23.280000686645508,23.3700008392334,23.110000610351562,23.229999542236328,21.126855850219727,33496500
2017-10-23,23.049999237060547,23.290000915527344,22.969999313354492,23.139999389648438,21.04500389099121,36056800
2017-10-24,23.040000915527344,23.139999389648438,22.899999618530273,22.950000762939453,20.87220573425293,30322100
2017-10-25,22.920000076293945,22.959999084472656,22.65999984741211,22.829999923706055,20.76306915283203,48156200
2017-10-26,22.84000015258789,22.8700008392334,22.299999237060547,22.43000030517578,20.3992862701416,51852300
2017-10-27,22.3799991607666,22.639999389648438,22.309999465942383,22.56999969482422,20.526611328125,49494800
2017-10-30,22.3799991607666,22.90999984741211,22.3799991607666,22.760000228881836,20.69940757751465,35144500
2017-10-31,22.709999084472656,22.709999084472656,22.40999984741211,22.479999542236328,20.44475746154785,28545700
2017-11-01,22.65999984741211,22.829999923706055,22.420000076293945,22.479999542236328,20.44475746154785,32439400
2017-11-02,22.530000686645508,22.780000686645508,22.469999313354492,22.579999923706055,20.53570556640625,26190500
2017-11-03,22.6200008392334,22.729999542236328,22.219999313354492,22.43000030517578,20.3992862701416,34775600
2017-11-06,22.479999542236328,23.0,22.459999084472656,22.90999984741211,20.835826873779297,51233200
2017-11-07,22.81999969482422,22.860000610351562,22.600000381469727,22.729999542236328,20.6721248626709,26060400
2017-11-08,22.950000762939453,23.030000686645508,22.81999969482422,22.889999389648438,20.817636489868164,28553400
2017-11-09,22.90999984741211,22.959999084472656,22.780000686645508,22.809999465942383,20.74488067626953,27157800
2017-11-10,22.809999465942383,22.8700008392334,22.479999542236328,22.520000457763672,20.48114013671875,35502900
2017-11-13,22.579999923706055,22.649999618530273,22.489999771118164,22.559999465942383,20.517515182495117,16756100
2017-11-14,22.420000076293945,22.709999084472656,22.350000381469727,22.59000015258789,20.5447998046875,22696800
2017-11-15,22.719999313354492,22.719999313354492,22.5,22.649999618530273,20.599369049072266,23133900
2017-11-16,22.59000015258789,22.700000762939453,22.549999237060547,22.600000381469727,20.553895950317383,17070300
2017-11-17,22.729999542236328,22.920000076293945,22.56999969482422,22.790000915527344,20.726694107055664,38347500
2017-11-20,22.6299991607666,22.690000534057617,22.459999084472656,22.540000915527344,20.499326705932617,35822000
2017-11-21,22.579999923706055,22.780000686645508,22.56999969482422,22.719999313354492,20.66303062438965,28387100
2017-11-22,22.829999923706055,23.0,22.799999237060547,22.920000076293945,20.844924926757812,31873500
2017-11-24,22.969999313354492,23.09000015258789,22.809999465942383,22.829999923706055,20.76306915283203,16244100
2017-11-27,23.100000381469727,23.139999389648438,22.8799991607666,23.049999237060547,20.963153839111328,24489800
2017-11-28,23.079999923706055,23.170000076293945,22.920000076293945,22.93000030517578,20.85401725769043,25800100
2017-11-29,22.770000457763672,22.770000457763672,22.469999313354492,22.5,20.462949752807617,54138800
2017-11-30,22.3799991607666,22.530000686645508,22.270000457763672,22.469999313354492,20.4356632232666,39156200
2017-12-01,22.360000610351562,22.860000610351562,22.350000381469727,22.489999771118164,20.453855514526367,45368800
2017-12-04,22.260000228881836,22.389999389648438,22.170000076293945,22.200000762939453,20.190107345581055,32949000
2017-12-05,22.010000228881836,22.1299991607666,21.790000915527344,21.969999313354492,19.98093032836914,35894500
2017-12-06,21.670000076293945,21.899999618530273,21.610000610351562,21.690000534057617,19.726282119750977,43407300
2017-12-07,21.579999923706055,21.700000762939453,21.399999618530273,21.579999923706055,19.626237869262695,31467200
2017-12-08,21.600000381469727,21.809999465942383,21.56999969482422,21.68000030517578,19.71718406677246,29074400
2017-12-11,21.649999618530273,21.81999969482422,21.43000030517578,21.510000228881836,19.562576293945312,33505200
2017-12-12,21.31999969482422,21.459999084472656,21.270000457763672,21.420000076293945,19.48072624206543,34569600
2017-12-13,21.420000076293945,22.31999969482422,21.420000076293945,22.15999984741211,20.153730392456055,82201600
2017-12-14,22.079999923706055,22.170000076293945,21.799999237060547,22.06999969482422,20.071876525878906,36365600
2017-12-15,22.15999984741211,22.209999084472656,21.979999542236328,21.989999771118164,19.999120712280273,33144000
2017-12-18,22.079999923706055,22.229999542236328,21.989999771118164,22.15999984741211,20.31633758544922,30791800
2017-12-19,22.15999984741211,22.260000228881836,22.040000915527344,22.1299991607666,20.288827896118164,25162600
2017-12-20,22.25,22.59000015258789,22.209999084472656,22.5,20.628047943115234,37314000
2017-12-21,22.43000030517578,22.75,22.43000030517578,22.6299991607666,20.747230529785156,27396800
2017-12-22,22.75,22.920000076293945,22.68000030517578,22.889999389648438,20.985597610473633,26914900
2017-12-26,22.969999313354492,23.25,22.889999389648438,23.200000762939453,21.26980972290039,34177900
2017-12-27,23.270000457763672,23.280000686645508,23.059999465942383,23.15999984741211,21.233137130737305,29887500
2017-12-28,23.280000686645508,23.350000381469727,23.020000457763672,23.200000762939453,21.26980972290039,18870200
2017-12-29,23.31999969482422,23.3700008392334,23.100000381469727,23.239999771118164,21.306482315063477,22380400
2018-01-02,23.459999084472656,23.84000015258789,23.420000076293945,23.81999969482422,21.838228225708008,43172000
2018-01-03,23.780000686645508,23.809999465942383,23.239999771118164,23.56999969482422,21.609024047851562,45780900
2018-01-04,23.549999237060547,23.739999771118164,23.389999389648438,23.719999313354492,21.746543884277344,31300300
2018-01-05,23.579999923706055,23.719999313354492,23.489999771118164,23.670000076293945,21.700706481933594,21765800
2018-01-08,23.579999923706055,23.610000610351562,23.280000686645508,23.420000076293945,21.471506118774414,33366000
2018-01-09,23.190000534057617,23.270000457763672,22.969999313354492,23.110000610351562,21.187297821044922,40393700
2018-01-10,23.34000015258789,23.43000030517578,23.15999984741211,23.25,21.315649032592773,28985500
2018-01-11,23.270000457763672,23.420000076293945,23.270000457763672,23.3799991607666,21.43483543395996,23581400
2018-01-12,23.600000381469727,24.020000457763672,23.5,24.010000228881836,22.012418746948242,55599200
2018-01-16,24.040000915527344,24.43000030517578,24.010000228881836,24.3700008392334,22.342470169067383,39719500
2018-01-17,24.209999084472656,24.489999771118164,23.920000076293945,23.940000534057617,21.948244094848633,41932100
2018-01-18,23.969999313354492,24.079999923706055,23.559999465942383,23.610000610351562,21.64569854736328,39198000
2018-01-19,23.780000686645508,23.84000015258789,23.639999389648438,23.649999618530273,21.682371139526367,22753200
2018-01-22,23.75,23.829999923706055,23.540000915527344,23.709999084472656,21.73737907409668,19300900
2018-01-23,23.600000381469727,24.170000076293945,23.389999389648438,24.100000381469727,22.094928741455078,38807100
2018-01-24,24.510000228881836,24.84000015258789,24.489999771118164,24.600000381469727,22.55333137512207,53467100
2018-01-25,24.739999771118164,24.860000610351562,23.979999542236328,24.1299991607666,22.122434616088867,61745600
2018-01-26,24.299999237060547,24.420000076293945,24.200000762939453,24.350000381469727,22.324132919311523,31439500
2018-01-29,24.1299991607666,24.149999618530273,23.56999969482422,23.68000030517578,21.70987319946289,59676000
2018-01-30,23.799999237060547,23.860000610351562,23.329999923706055,23.450000762939453,21.49901008605957,37702200
2018-01-31,23.670000076293945,23.84000015258789,23.219999313354492,23.75,21.774051666259766,46410300
2018-02-01,23.56999969482422,23.809999465942383,23.450000762939453,23.700000762939453,21.728212356567383,33277700
2018-02-02,23.3799991607666,23.389999389648438,22.790000915527344,22.90999984741211,21.003936767578125,75765500
2018-02-05,23.0,23.020000457763672,22.479999542236328,22.709999084472656,20.820575714111328,53158400
2018-02-06,22.489999771118164,22.520000457763672,21.979999542236328,22.110000610351562,20.27049446105957,68463900
2018-02-07,21.989999771118164,22.280000686645508,21.729999542236328,21.799999237060547,19.986286163330078,51539100
2018-02-08,21.799999237060547,22.020000457763672,21.649999618530273,21.68000030517578,19.876270294189453,51192400
2018-02-09,21.649999618530273,21.68000030517578,20.84000015258789,21.68000030517578,19.876270294189453,101763800
2018-02-12,21.56999969482422,22.149999618530273,21.43000030517578,21.969999313354492,20.142141342163086,70844400
2018-02-13,21.989999771118164,22.09000015258789,21.829999923706055,22.0,20.169645309448242,21692900
2018-02-14,22.010000228881836,23.149999618530273,21.940000534057617,23.010000228881836,21.095617294311523,95516900
2018-02-15,23.06999969482422,23.100000381469727,22.6299991607666,22.989999771118164,21.077280044555664,36155700
2018-02-16,22.809999465942383,22.899999618530273,22.219999313354492,22.510000228881836,20.63721466064453,49081700
2018-02-20,22.219999313354492,22.309999465942383,21.84000015258789,21.8700008392334,20.05046272277832,47894500
2018-02-21,22.059999465942383,22.459999084472656,21.780000686645508,21.790000915527344,19.97711944580078,40097800
2018-02-22,21.940000534057617,22.040000915527344,21.719999313354492,21.729999542236328,19.922107696533203,27068100
2018-02-23,21.75,21.989999771118164,21.670000076293945,21.969999313354492,20.142141342163086,24782000
2018-02-26,22.079999923706055,22.25,22.010000228881836,22.18000030517578,20.33466911315918,30234300
2018-02-27,21.969999313354492,21.969999313354492,21.350000381469727,21.489999771118164,19.702077865600586,69407300
2018-02-28,21.540000915527344,21.6200008392334,21.350000381469727,21.350000381469727,19.573726654052734,33039000
2018-03-01,21.1200008392334,21.639999389648438,20.940000534057617,21.56999969482422,19.775421142578125,59170800
2018-03-02,21.770000457763672,21.889999389648438,21.469999313354492,21.489999771118164,19.702077865600586,25906400
2018-03-05,21.440000534057617,21.649999618530273,21.309999465942383,21.649999618530273,19.848766326904297,38419800
2018-03-06,21.940000534057617,22.25,21.899999618530273,22.010000228881836,20.178813934326172,53458700
2018-03-07,21.979999542236328,22.059999465942383,21.510000228881836,21.56999969482422,19.775421142578125,42129900
2018-03-08,21.649999618530273,21.700000762939453,21.440000534057617,21.649999618530273,19.848766326904297,18596900
2018-03-09,21.520000457763672,21.770000457763672,21.420000076293945,21.56999969482422,19.775421142578125,23402900
2018-03-12,21.459999084472656,21.790000915527344,21.350000381469727,21.760000228881836,19.949615478515625,32577300
2018-03-13,21.780000686645508,21.889999389648438,21.559999465942383,21.670000076293945,19.867101669311523,17335400
2018-03-14,21.68000030517578,21.81999969482422,21.639999389648438,21.729999542236328,19.922107696533203,16708700
2018-03-15,21.56999969482422,21.649999618530273,21.40999984741211,21.450000762939453,19.665407180786133,30524800
2018-03-16,21.440000534057617,21.530000686645508,21.25,21.43000030517578,19.647069931030273,20880700
2018-03-19,21.40999984741211,21.559999465942383,21.219999313354492,21.510000228881836,19.72041130065918,30109500
2018-03-20,21.31999969482422,21.40999984741211,21.15999984741211,21.270000457763672,19.500383377075195,40842100
2018-03-21,21.469999313354492,22.020000457763672,21.3799991607666,21.860000610351562,20.04129409790039,77132100
2018-03-22,21.739999771118164,21.84000015258789,21.489999771118164,21.5,19.711244583129883,34294500
2018-03-23,22.059999465942383,22.360000610351562,22.020000457763672,22.1200008392334,20.279664993286133,74162800
2018-03-26,22.309999465942383,22.510000228881836,22.260000228881836,22.440000534057617,20.57303810119629,44428800
2018-03-27,22.100000381469727,22.270000457763672,21.950000762939453,21.989999771118164,20.160478591918945,50314200
2018-03-28,21.8700008392334,21.899999618530273,21.559999465942383,21.65999984741211,19.857933044433594,57399700
2018-03-29,21.639999389648438,21.989999771118164,21.6299991607666,21.979999542236328,20.151308059692383,36064900
2018-04-02,22.190000534057617,22.440000534057617,22.110000610351562,22.229999542236328,20.380510330200195,38852500
2018-04-03,22.030000686645508,22.100000381469727,21.829999923706055,21.90999984741211,20.087133407592773,32183100
2018-04-04,22.170000076293945,22.18000030517578,21.81999969482422,21.8700008392334,20.05046272277832,21864000
2018-04-05,21.709999084472656,21.989999771118164,21.68000030517578,21.969999313354492,20.142141342163086,21917200
2018-04-06,22.139999389648438,22.190000534057617,22.020000457763672,22.06999969482422,20.233821868896484,28824100
2018-04-09,22.09000015258789,22.190000534057617,21.84000015258789,21.979999542236328,20.151308059692383,26503600
2018-04-10,22.170000076293945,22.40999984741211,22.139999389648438,22.260000228881836,20.408016204833984,34933700
2018-04-11,22.469999313354492,23.049999237060547,22.459999084472656,22.75,20.85724639892578,73378100
2018-04-12,22.549999237060547,22.68000030517578,22.440000534057617,22.469999313354492,20.600543975830078,38282400
2018-04-13,22.68000030517578,23.049999237060547,22.65999984741211,22.889999389648438,20.985597610473633,45733700
2018-04-16,22.979999542236328,22.979999542236328,22.690000534057617,22.799999237060547,20.903087615966797,33914400
2018-04-17,22.729999542236328,23.010000228881836,22.670000076293945,22.93000030517578,21.022275924682617,26116200
2018-04-18,23.1299991607666,23.309999465942383,22.959999084472656,22.979999542236328,21.068113327026367,55934600
2018-04-19,23.100000381469727,23.18000030517578,22.81999969482422,23.059999465942383,21.141454696655273,33413200
2018-04-20,22.81999969482422,22.850000381469727,22.59000015258789,22.709999084472656,20.820575714111328,47975800
2018-04-23,22.5,22.559999465942383,22.3700008392334,22.40999984741211,20.545534133911133,38080800
2018-04-24,22.540000915527344,22.75,22.489999771118164,22.700000762939453,20.811410903930664,35369700
2018-04-25,22.43000030517578,22.65999984741211,22.31999969482422,22.5,20.628047943115234,27986500
2018-04-26,22.59000015258789,22.690000534057617,22.440000534057617,22.59000015258789,20.710559844970703,27482300
2018-04-27,22.670000076293945,22.760000228881836,22.59000015258789,22.729999542236328,20.838911056518555,24142000
2018-04-30,22.43000030517578,22.479999542236328,22.25,22.280000686645508,20.426347732543945,48350400
2018-05-01,22.139999389648438,22.3700008392334,22.040000915527344,22.309999465942383,20.453855514526367,31639700
2018-05-02,22.389999389648438,22.770000457763672,22.299999237060547,22.3799991607666,20.51803207397461,47085300
2018-05-03,22.649999618530273,22.780000686645508,22.530000686645508,22.649999618530273,20.765567779541016,31886800
2018-05-04,22.579999923706055,22.700000762939453,22.489999771118164,22.649999618530273,20.765567779541016,25226400
2018-05-07,22.600000381469727,22.799999237060547,22.579999923706055,22.649999618530273,20.765567779541016,18934400
2018-05-08,22.530000686645508,22.719999313354492,22.309999465942383,22.68000030517578,20.793073654174805,34792300
2018-05-09,22.649999618530273,22.770000457763672,22.59000015258789,22.6299991607666,20.747230529785156,24236900
2018-05-10,22.81999969482422,22.989999771118164,22.780000686645508,22.950000762939453,21.040607452392578,40726900
2018-05-11,23.0,23.059999465942383,22.829999923706055,22.8799991607666,20.97643280029297,25367500
2018-05-14,22.959999084472656,23.0,22.670000076293945,22.780000686645508,20.884756088256836,27921100
2018-05-15,22.31999969482422,22.3799991607666,22.1299991607666,22.260000228881836,20.408016204833984,60869800
2018-05-16,22.219999313354492,22.3700008392334,22.209999084472656,22.290000915527344,20.43552017211914,29674700
2018-05-17,22.260000228881836,22.260000228881836,22.1299991607666,22.190000534057617,20.343839645385742,21513100
2018-05-18,22.100000381469727,22.260000228881836,22.030000686645508,22.190000534057617,20.343839645385742,21201900
2018-05-21,22.190000534057617,22.34000015258789,22.059999465942383,22.329999923706055,20.47218894958496,24219400
2018-05-22,22.329999923706055,22.450000762939453,22.110000610351562,22.1299991607666,20.288827896118164,29793700
2018-05-23,22.020000457763672,22.43000030517578,22.010000228881836,22.34000015258789,20.48135757446289,35634500
2018-05-24,22.420000076293945,22.649999618530273,22.360000610351562,22.649999618530273,20.765567779541016,43392200
2018-05-25,22.510000228881836,22.559999465942383,22.25,22.309999465942383,20.453855514526367,45369500
2018-05-29,22.1200008392334,22.3799991607666,22.079999923706055,22.149999618530273,20.30716896057129,38924900
2018-05-30,22.270000457763672,22.489999771118164,22.229999542236328,22.440000534057617,20.57303810119629,26859600
2018-05-31,22.3700008392334,22.450000762939453,22.270000457763672,22.34000015258789,20.48135757446289,21951700
2018-06-01,22.31999969482422,22.43000030517578,22.139999389648438,22.309999465942383,20.453855514526367,34934700
2018-06-04,22.440000534057617,22.459999084472656,22.239999771118164,22.280000686645508,20.426347732543945,14069800
2018-06-05,22.31999969482422,22.510000228881836,22.260000228881836,22.440000534057617,20.57303810119629,23725600
2018-06-06,22.5,22.600000381469727,22.360000610351562,22.579999923706055,20.70139503479004,28884400
2018-06-07,22.559999465942383,22.56999969482422,22.350000381469727,22.450000762939453,20.58220863342285,24370400
2018-06-08,22.389999389648438,22.43000030517578,22.270000457763672,22.360000610351562,20.499696731567383,14786300
2018-06-11,22.350000381469727,22.559999465942383,22.290000915527344,22.549999237060547,20.673885345458984,22189200
2018-06-12,22.440000534057617,22.56999969482422,22.3700008392334,22.489999771118164,20.618881225585938,18186500
2018-06-13,22.510000228881836,22.600000381469727,22.219999313354492,22.479999542236328,20.609710693359375,26970400
2018-06-14,22.549999237060547,22.670000076293945,22.540000915527344,22.65999984741211,20.774736404418945,27702300
2018-06-15,22.350000381469727,22.389999389648438,22.1200008392334,22.229999542236328,20.380510330200195,67655000
2018-06-18,22.18000030517578,22.34000015258789,22.18000030517578,22.270000457763672,20.417184829711914,25229100
2018-06-19,22.059999465942383,22.229999542236328,22.020000457763672,22.049999237060547,20.215486526489258,29906000
2018-06-20,22.1200008392334,22.149999618530273,21.8799991607666,21.920000076293945,20.096302032470703,27917300
2018-06-21,21.93000030517578,22.0,21.860000610351562,21.90999984741211,20.087133407592773,20138300
2018-06-22,21.989999771118164,22.229999542236328,21.959999084472656,22.18000030517578,20.33466911315918,31844700
2018-06-25,22.079999923706055,22.170000076293945,21.950000762939453,22.010000228881836,20.178813934326172,27603600
2018-06-26,21.8799991607666,22.020000457763672,21.790000915527344,21.950000762939453,20.123807907104492,20695400
2018-06-27,21.850000381469727,22.030000686645508,21.790000915527344,21.809999465942383,19.99545669555664,29246500
2018-06-28,21.8799991607666,21.959999084472656,21.770000457763672,21.93000030517578,20.10546875,27797900
2018-06-29,21.940000534057617,22.399999618530273,21.93000030517578,22.309999465942383,20.453855514526367,53961400
2018-07-02,22.1200008392334,22.219999313354492,21.979999542236328,22.079999923706055,20.242990493774414,32224400
2018-07-03,22.290000915527344,22.6299991607666,22.280000686645508,22.469999313354492,20.600543975830078,36319300
2018-07-05,22.600000381469727,22.739999771118164,22.56999969482422,22.68000030517578,20.793073654174805,39397300
2018-07-06,22.709999084472656,22.799999237060547,22.579999923706055,22.610000610351562,20.72889518737793,34350000
2018-07-09,22.860000610351562,22.93000030517578,22.530000686645508,22.549999237060547,20.673885345458984,24832400
2018-07-10,22.489999771118164,22.639999389648438,22.3700008392334,22.600000381469727,20.719728469848633,21568100
2018-07-11,22.389999389648438,22.459999084472656,21.940000534057617,22.0,20.169645309448242,63565300
2018-07-12,22.1299991607666,22.290000915527344,22.110000610351562,22.139999389648438,20.297998428344727,30125700
2018-07-13,22.0,22.110000610351562,21.940000534057617,21.959999084472656,20.13297462463379,22024500
2018-07-16,21.950000762939453,22.0,21.799999237060547,21.8700008392334,20.05046272277832,19669600
2018-07-17,21.729999542236328,21.940000534057617,21.670000076293945,21.8799991607666,20.059629440307617,41938300
2018-07-18,21.709999084472656,21.8799991607666,21.6299991607666,21.860000610351562,20.04129409790039,35836300
2018-07-19,21.5,21.920000076293945,21.479999542236328,21.579999923706055,19.784587860107422,46406300
2018-07-20,21.780000686645508,21.8700008392334,21.6299991607666,21.780000686645508,19.96794891357422,39138300
2018-07-23,21.6200008392334,21.639999389648438,21.31999969482422,21.329999923706055,19.555389404296875,51711400
2018-07-24,21.450000762939453,21.6299991607666,21.450000762939453,21.6200008392334,19.821260452270508,45248700
2018-07-25,21.709999084472656,21.799999237060547,21.5,21.799999237060547,19.986286163330078,43773100
2018-07-26,21.56999969482422,21.670000076293945,21.360000610351562,21.389999389648438,19.610397338867188,60861700
2018-07-27,21.3700008392334,21.489999771118164,21.239999771118164,21.31999969482422,19.546220779418945,23550500
2018-07-30,21.299999237060547,21.3799991607666,21.18000030517578,21.270000457763672,19.500383377075195,19823200
2018-07-31,21.209999084472656,21.459999084472656,21.190000534057617,21.280000686645508,19.509546279907227,22085600
2018-08-01,21.25,21.290000915527344,21.079999923706055,21.110000610351562,19.35369110107422,36248800
2018-08-02,21.110000610351562,21.110000610351562,20.889999389648438,20.940000534057617,19.197837829589844,33471600
2018-08-03,21.059999465942383,21.31999969482422,20.989999771118164,21.15999984741211,19.399532318115234,41235200
2018-08-06,21.020000457763672,21.049999237060547,20.8799991607666,20.899999618530273,19.161165237426758,25437500
2018-08-07,21.06999969482422,21.09000015258789,20.639999389648438,20.65999984741211,18.941129684448242,32676600
2018-08-08,20.68000030517578,20.799999237060547,20.600000381469727,20.760000228881836,19.03281021118164,26936600
2018-08-09,20.81999969482422,21.020000457763672,20.700000762939453,20.709999084472656,18.986970901489258,26457700
2018-08-10,20.670000076293945,20.780000686645508,20.510000228881836,20.559999465942383,18.849451065063477,34589200
2018-08-13,20.389999389648438,20.40999984741211,19.8799991607666,19.979999542236328,18.317707061767578,71197400
2018-08-14,20.020000457763672,20.059999465942383,19.739999771118164,19.770000457763672,18.125179290771484,31663100
2018-08-15,19.440000534057617,19.450000762939453,18.469999313354492,18.600000381469727,17.052520751953125,127545500
2018-08-16,18.799999237060547,18.950000762939453,18.149999618530273,18.15999984741211,16.649127960205078,78684200
2018-08-17,18.389999389648438,18.799999237060547,18.309999465942383,18.719999313354492,17.162532806396484,108432900
2018-08-20,18.809999465942383,18.959999084472656,18.579999923706055,18.790000915527344,17.22671127319336,50865700
2018-08-21,18.809999465942383,18.979999542236328,18.68000030517578,18.920000076293945,17.34589385986328,32200100
2018-08-22,19.049999237060547,19.079999923706055,18.920000076293945,19.059999465942383,17.4742488861084,29172600
2018-08-23,18.8700008392334,18.8700008392334,18.350000381469727,18.459999084472656,16.924165725708008,60360200
2018-08-24,18.709999084472656,19.219999313354492,18.6200008392334,18.950000762939453,17.37339973449707,72678300
2018-08-27,19.059999465942383,19.309999465942383,19.030000686645508,19.280000686645508,17.675945281982422,48725600
2018-08-28,19.399999618530273,19.489999771118164,18.799999237060547,18.920000076293945,17.34589385986328,52003800
2018-08-29,19.0,19.1200008392334,18.889999389648438,18.989999771118164,17.410072326660156,32824200
2018-08-30,18.860000610351562,18.860000610351562,18.579999923706055,18.690000534057617,17.13503074645996,41048500
2018-08-31,18.709999084472656,18.84000015258789,18.5,18.549999237060547,17.00667953491211,32493200
2018-09-04,18.280000686645508,18.350000381469727,17.969999313354492,18.020000457763672,16.52077293395996,68162500
2018-09-05,18.149999618530273,18.170000076293945,17.790000915527344,17.8700008392334,16.38325309753418,37114900
2018-09-06,17.950000762939453,18.15999984741211,17.770000457763672,17.84000015258789,16.355751037597656,44015200
2018-09-07,17.75,18.010000228881836,17.579999923706055,17.8799991607666,16.392419815063477,42474300
2018-09-10,17.889999389648438,17.940000534057617,17.56999969482422,17.610000610351562,16.14488410949707,36646400
2018-09-11,17.440000534057617,17.6200008392334,17.280000686645508,17.56999969482422,16.108213424682617,34496300
2018-09-12,17.549999237060547,18.290000915527344,17.43000030517578,18.110000610351562,16.603286743164062,80327200
2018-09-13,18.389999389648438,18.420000076293945,17.940000534057617,18.09000015258789,16.58494758605957,42941600
2018-09-14,18.079999923706055,18.200000762939453,17.920000076293945,17.979999542236328,16.484100341796875,28846500
2018-09-17,18.139999389648438,18.420000076293945,18.0,18.31999969482422,16.795814514160156,45917300
2018-09-18,18.299999237060547,18.459999084472656,18.209999084472656,18.43000030517578,16.896663665771484,40661400
2018-09-19,18.540000915527344,18.959999084472656,18.510000228881836,18.75,17.19003677368164,50131500
2018-09-20,18.940000534057617,19.110000610351562,18.670000076293945,18.93000030517578,17.355066299438477,45547700
2018-09-21,18.56999969482422,18.93000030517578,18.5,18.780000686645508,17.217546463012695,43987000
2018-09-24,18.899999618530273,19.110000610351562,18.75,18.799999237060547,17.23587989807129,45806500
2018-09-25,18.989999771118164,19.100000381469727,18.760000228881836,18.850000381469727,17.281721115112305,34694500
2018-09-26,18.719999313354492,18.829999923706055,18.389999389648438,18.420000076293945,16.887493133544922,78326300
2018-09-27,18.219999313354492,18.479999542236328,18.139999389648438,18.34000015258789,16.814151763916016,42157400
2018-09-28,18.5,18.690000534057617,18.469999313354492,18.520000457763672,16.97917366027832,36328000
2018-10-01,18.440000534057617,18.6200008392334,18.43000030517578,18.549999237060547,17.00667953491211,30221100
2018-10-02,18.829999923706055,19.079999923706055,18.739999771118164,19.049999237060547,17.46508026123047,70369600
2018-10-03,19.100000381469727,19.229999542236328,18.75,18.790000915527344,17.22671127319336,47836900
2018-10-04,18.90999984741211,18.989999771118164,18.59000015258789,18.75,17.19003677368164,42990700
2018-10-05,18.81999969482422,18.899999618530273,18.579999923706055,18.649999618530273,17.098360061645508,32050300
2018-10-08,18.360000610351562,18.729999542236328,18.200000762939453,18.709999084472656,17.153366088867188,50616600
2018-10-09,18.579999923706055,18.6299991607666,18.290000915527344,18.389999389648438,16.859989166259766,39183800
2018-10-10,18.329999923706055,18.709999084472656,18.149999618530273,18.6299991607666,17.08002281188965,57558300
2018-10-11,19.030000686645508,19.989999771118164,18.84000015258789,19.8700008392334,18.21685791015625,134790100
2018-10-12,19.75,19.889999389648438,19.270000457763672,19.75,18.106840133666992,63982500
2018-10-15,20.020000457763672,20.389999389648438,19.93000030517578,20.059999465942383,18.391050338745117,64151500
2018-10-16,20.229999542236328,20.329999923706055,19.760000228881836,19.989999771118164,18.326871871948242,40971300
2018-10-17,19.989999771118164,20.229999542236328,19.770000457763672,19.90999984741211,18.253530502319336,43598000
2018-10-18,19.850000381469727,20.350000381469727,19.770000457763672,20.0,18.336040496826172,40595000
2018-10-19,20.190000534057617,20.270000457763672,19.969999313354492,20.010000228881836,18.345211029052734,32958300
2018-10-22,19.899999618530273,19.979999542236328,19.68000030517578,19.860000610351562,18.207691192626953,30036800
2018-10-23,20.360000610351562,20.510000228881836,19.93000030517578,20.100000381469727,18.427724838256836,51504500
2018-10-24,20.100000381469727,20.239999771118164,19.799999237060547,19.8700008392334,18.21685791015625,38506000
2018-10-25,19.899999618530273,19.93000030517578,18.8799991607666,19.0,17.419239044189453,85572300
2018-10-26,19.1299991607666,19.579999923706055,19.010000228881836,19.059999465942383,17.4742488861084,74515900
2018-10-29,19.030000686645508,19.43000030517578,18.81999969482422,19.010000228881836,17.428409576416016,39090300
2018-10-30,18.969999313354492,19.25,18.81999969482422,19.149999618530273,17.556760787963867,33839100
2018-10-31,18.84000015258789,18.940000534057617,18.639999389648438,18.93000030517578,17.355066299438477,55037000
2018-11-01,19.239999771118164,19.670000076293945,19.200000762939453,19.56999969482422,17.941818237304688,63588500
2018-11-02,19.489999771118164,19.65999984741211,19.360000610351562,19.6299991607666,17.996822357177734,38780200
2018-11-05,19.43000030517578,19.799999237060547,19.34000015258789,19.559999465942383,17.93265151977539,29600100
2018-11-06,19.59000015258789,19.65999984741211,19.309999465942383,19.399999618530273,17.78596305847168,26050300
2018-11-07,19.520000457763672,19.559999465942383,19.270000457763672,19.309999465942383,17.703447341918945,22573000
2018-11-08,19.170000076293945,19.469999313354492,19.149999618530273,19.3799991607666,17.767621994018555,36788400
2018-11-09,18.93000030517578,19.1200008392334,18.780000686645508,19.040000915527344,17.45591163635254,48178200
2018-11-12,18.790000915527344,18.889999389648438,18.59000015258789,18.610000610351562,17.06168556213379,38310500
2018-11-13,18.700000762939453,18.729999542236328,18.260000228881836,18.420000076293945,16.887493133544922,37410700
2018-11-14,18.3700008392334,19.079999923706055,18.34000015258789,18.829999923706055,17.263381958007812,66754900
2018-11-15,18.889999389648438,19.1299991607666,18.809999465942383,19.09000015258789,17.501752853393555,39657800
2018-11-16,19.3700008392334,19.5,19.290000915527344,19.3799991607666,17.767621994018555,46150500
2018-11-19,19.350000381469727,19.65999984741211,19.329999923706055,19.389999389648438,17.776792526245117,39968700
2018-11-20,19.510000228881836,19.510000228881836,18.969999313354492,19.299999237060547,17.69428062438965,33847400
2018-11-21,19.469999313354492,19.920000076293945,19.450000762939453,19.809999465942383,18.16185188293457,51285800
2018-11-23,19.6299991607666,19.739999771118164,19.270000457763672,19.360000610351562,17.749292373657227,30344400
2018-11-26,19.399999618530273,19.670000076293945,19.219999313354492,19.260000228881836,17.657609939575195,23593600
2018-11-27,19.290000915527344,19.290000915527344,18.719999313354492,18.8700008392334,17.3000545501709,51165000
2018-11-28,18.770000457763672,19.479999542236328,18.729999542236328,19.34000015258789,17.730953216552734,49633100
2018-11-29,19.440000534057617,19.520000457763672,19.15999984741211,19.170000076293945,17.57509422302246,28893400
2018-11-30,19.079999923706055,19.18000030517578,18.799999237060547,19.09000015258789,17.501752853393555,31883800
2018-12-03,19.389999389648438,19.489999771118164,19.15999984741211,19.440000534057617,17.822633743286133,47882800
2018-12-04,19.670000076293945,19.770000457763672,19.520000457763672,19.600000381469727,17.969324111938477,45434300
2018-12-06,19.65999984741211,19.899999618530273,19.5,19.709999084472656,18.07016944885254,50911100
2018-12-07,19.8799991607666,20.34000015258789,19.790000915527344,20.200000762939453,18.51940155029297,67727400
2018-12-10,20.100000381469727,20.549999237060547,19.989999771118164,20.1299991607666,18.45522689819336,47462700
2018-12-11,20.209999084472656,20.3799991607666,19.959999084472656,20.010000228881836,18.345211029052734,50550800
2018-12-12,20.06999969482422,20.489999771118164,20.06999969482422,20.440000534057617,18.739439010620117,71833500
2018-12-13,20.329999923706055,20.479999542236328,20.290000915527344,20.479999542236328,18.776107788085938,42891300
2018-12-14,20.260000228881836,20.360000610351562,20.079999923706055,20.1200008392334,18.44605827331543,48779800
2018-12-17,20.290000915527344,20.649999618530273,20.280000686645508,20.610000610351562,18.89529037475586,67083000
2018-12-18,20.540000915527344,21.170000076293945,20.530000686645508,21.09000015258789,19.335355758666992,79518700
2018-12-19,21.09000015258789,21.469999313354492,19.899999618530273,19.950000762939453,18.29020118713379,120753200
2018-12-20,20.530000686645508,20.84000015258789,20.34000015258789,20.670000076293945,19.05056381225586,94498200
2018-12-21,20.68000030517578,20.770000457763672,20.270000457763672,20.440000534057617,18.838586807250977,63178700
2018-12-24,20.700000762939453,21.110000610351562,20.649999618530273,21.09000015258789,19.437660217285156,60507000
2018-12-26,21.350000381469727,21.399999618530273,20.530000686645508,20.6200008392334,19.00448226928711,76365200
2018-12-27,20.84000015258789,21.0,20.700000762939453,20.969999313354492,19.32706069946289,52393000
2018-12-28,20.889999389648438,21.020000457763672,20.56999969482422,20.600000381469727,18.98604965209961,49835000
2018-12-31,20.700000762939453,21.1299991607666,20.559999465942383,21.09000015258789,19.437660217285156,53866600
2019-01-02,21.110000610351562,21.229999542236328,20.84000015258789,21.049999237060547,19.400793075561523,39963400
2019-01-03,21.299999237060547,21.540000915527344,21.1299991607666,21.479999542236328,19.79710578918457,52555200
2019-01-04,21.1299991607666,21.399999618530273,21.010000228881836,21.299999237060547,19.63120460510254,60257200
2019-01-07,21.479999542236328,21.530000686645508,20.979999542236328,21.040000915527344,19.39157485961914,41231900
2019-01-08,20.850000381469727,21.06999969482422,20.690000534057617,21.049999237060547,19.400793075561523,36313100
2019-01-09,21.030000686645508,21.40999984741211,21.010000228881836,21.31999969482422,19.649641036987305,55350100
2019-01-10,21.239999771118164,21.350000381469727,20.950000762939453,21.0,19.354711532592773,38185600
2019-01-11,21.059999465942383,21.25,21.010000228881836,21.079999923706055,19.42844009399414,32955600
2019-01-14,21.1200008392334,21.270000457763672,20.850000381469727,20.93000030517578,19.290197372436523,34552200
2019-01-15,21.0,21.059999465942383,20.420000076293945,20.610000610351562,18.995267868041992,45097700
2019-01-16,20.56999969482422,20.780000686645508,20.5,20.600000381469727,18.98604965209961,22030000
2019-01-17,20.56999969482422,20.770000457763672,20.510000228881836,20.65999984741211,19.041349411010742,25288300
2019-01-18,20.450000762939453,20.639999389648438,20.239999771118164,20.309999465942383,18.71877098083496,50576000
2019-01-22,20.360000610351562,20.510000228881836,20.219999313354492,20.450000762939453,18.847801208496094,34617600
2019-01-23,20.31999969482422,20.610000610351562,20.229999542236328,20.489999771118164,18.884666442871094,22692400
2019-01-24,20.3700008392334,20.59000015258789,20.350000381469727,20.5,18.89388656616211,37866200
2019-01-25,20.809999465942383,21.229999542236328,20.799999237060547,21.18000030517578,19.52060890197754,52893000
2019-01-28,21.18000030517578,21.479999542236328,21.18000030517578,21.450000762939453,19.769454956054688,38990100
2019-01-29,21.639999389648438,21.979999542236328,21.489999771118164,21.969999313354492,20.24871253967285,61112200
2019-01-30,21.860000610351562,22.549999237060547,21.75,22.18000030517578,20.4422607421875,66605400
2019-01-31,22.420000076293945,22.690000534057617,22.290000915527344,22.690000534057617,20.91230583190918,60796600
2019-02-01,22.530000686645508,22.65999984741211,22.200000762939453,22.56999969482422,20.801706314086914,42718200
2019-02-04,22.190000534057617,22.510000228881836,22.15999984741211,22.489999771118164,20.72797393798828,53968100
2019-02-05,22.489999771118164,22.610000610351562,22.219999313354492,22.610000610351562,20.838571548461914,33532900
2019-02-06,22.360000610351562,22.600000381469727,22.209999084472656,22.219999313354492,20.479127883911133,49850200
2019-02-07,22.209999084472656,22.350000381469727,21.959999084472656,22.030000686645508,20.30401611328125,36029500
2019-02-08,22.06999969482422,22.450000762939453,22.06999969482422,22.34000015258789,20.589725494384766,48965400
2019-02-11,22.110000610351562,22.31999969482422,22.059999465942383,22.079999923706055,20.350095748901367,38453400
2019-02-12,22.229999542236328,22.270000457763672,21.950000762939453,22.049999237060547,20.322446823120117,23475700
2019-02-13,22.0,22.280000686645508,21.90999984741211,21.920000076293945,20.2026309967041,49415200
2019-02-14,21.959999084472656,22.18000030517578,21.84000015258789,22.139999389648438,20.4053955078125,33745200
2019-02-15,22.270000457763672,22.440000534057617,22.020000457763672,22.43000030517578,20.67267417907715,37505500
2019-02-19,22.709999084472656,23.260000228881836,22.6200008392334,23.139999389648438,21.327045440673828,90301500
2019-02-20,23.309999465942383,23.700000762939453,23.139999389648438,23.360000610351562,21.52981185913086,62442200
2019-02-21,23.110000610351562,23.209999084472656,22.940000534057617,22.979999542236328,21.17958641052246,54488200
2019-02-22,23.1200008392334,23.360000610351562,22.979999542236328,23.059999465942383,21.253314971923828,41676600
2019-02-25,23.030000686645508,23.09000015258789,22.760000228881836,22.770000457763672,20.986038208007812,47067700
2019-02-26,22.770000457763672,22.81999969482422,22.360000610351562,22.729999542236328,20.94917106628418,36299000
2019-02-27,22.600000381469727,22.68000030517578,22.200000762939453,22.350000381469727,20.59894371032715,49023500
2019-02-28,22.360000610351562,22.360000610351562,22.15999984741211,22.239999771118164,20.497560501098633,32776800
2019-03-01,22.059999465942383,22.31999969482422,21.690000534057617,21.700000762939453,19.999868392944336,78919200
2019-03-04,21.559999465942383,21.860000610351562,21.399999618530273,21.850000381469727,20.138118743896484,55000900
2019-03-05,21.770000457763672,21.969999313354492,21.68000030517578,21.969999313354492,20.24871253967285,30417100
2019-03-06,21.90999984741211,21.940000534057617,21.469999313354492,21.520000457763672,19.83397102355957,55294000
2019-03-07,21.520000457763672,21.889999389648438,21.5,21.790000915527344,20.08281707763672,41501300
2019-03-08,22.209999084472656,22.399999618530273,21.940000534057617,22.3700008392334,20.61737823486328,59864500
2019-03-11,22.399999618530273,22.510000228881836,21.989999771118164,22.290000915527344,20.54364585876465,38359700
2019-03-12,22.40999984741211,22.729999542236328,22.34000015258789,22.68000030517578,20.90308952331543,48840700
2019-03-13,22.809999465942383,22.969999313354492,22.6200008392334,22.860000610351562,21.068986892700195,31968100
2019-03-14,22.399999618530273,22.5,22.18000030517578,22.25,20.506778717041016,42989400
2019-03-15,22.399999618530273,22.579999923706055,22.15999984741211,22.299999237060547,20.552858352661133,42292600
2019-03-18,22.399999618530273,22.440000534057617,22.020000457763672,22.049999237060547,20.322446823120117,31836900
2019-03-19,22.31999969482422,22.3799991607666,22.1200008392334,22.1299991607666,20.396175384521484,34131500
2019-03-20,22.200000762939453,22.729999542236328,21.829999923706055,22.6299991607666,20.857004165649414,58485700
2019-03-21,22.700000762939453,22.780000686645508,22.34000015258789,22.75,20.96760368347168,41302500
2019-03-22,22.610000610351562,22.8700008392334,22.530000686645508,22.780000686645508,20.995254516601562,41711400
2019-03-25,22.8700008392334,23.34000015258789,22.850000381469727,23.260000228881836,21.437646865844727,58308800
2019-03-26,23.030000686645508,23.3799991607666,22.979999542236328,23.350000381469727,21.52059555053711,41372400
2019-03-27,23.229999542236328,23.350000381469727,22.989999771118164,23.010000228881836,21.207233428955078,34488200
2019-03-28,22.649999618530273,22.729999542236328,22.31999969482422,22.40999984741211,20.654239654541016,66841200
2019-03-29,22.610000610351562,22.649999618530273,22.389999389648438,22.420000076293945,20.66345977783203,35233000
2019-04-01,22.43000030517578,22.510000228881836,21.829999923706055,21.959999084472656,20.239498138427734,49601800
2019-04-02,21.979999542236328,22.15999984741211,21.940000534057617,22.100000381469727,20.3685302734375,28698700
2019-04-03,22.100000381469727,22.270000457763672,22.06999969482422,22.06999969482422,20.340879440307617,24462100
2019-04-04,21.8799991607666,22.540000915527344,21.790000915527344,22.5,20.73719024658203,42380400
2019-04-05,22.420000076293945,22.469999313354492,22.260000228881836,22.43000030517578,20.67267417907715,20384600
2019-04-08,22.75,22.799999237060547,22.549999237060547,22.690000534057617,20.91230583190918,30695500
2019-04-09,22.809999465942383,22.84000015258789,22.649999618530273,22.81999969482422,21.032119750976562,23757000
2019-04-10,22.799999237060547,22.93000030517578,22.59000015258789,22.6200008392334,20.847789764404297,26181800
2019-04-11,22.34000015258789,22.540000915527344,22.110000610351562,22.25,20.506778717041016,57531000
2019-04-12,22.25,22.360000610351562,22.139999389648438,22.209999084472656,20.46990966796875,22940800
2019-04-15,21.979999542236328,22.290000915527344,21.889999389648438,22.219999313354492,20.479127883911133,26720300
2019-04-16,21.940000534057617,22.010000228881836,21.790000915527344,21.809999465942383,20.10125160217285,46161500
2019-04-17,21.8700008392334,21.920000076293945,21.489999771118164,21.65999984741211,19.963001251220703,44246100
2019-04-18,21.610000610351562,21.739999771118164,21.190000534057617,21.34000015258789,19.668073654174805,43979600
2019-04-22,21.399999618530273,21.420000076293945,20.93000030517578,20.979999542236328,19.336280822753906,44655200
2019-04-23,20.799999237060547,20.969999313354492,20.709999084472656,20.81999969482422,19.188812255859375,27916300
2019-04-24,20.809999465942383,21.190000534057617,20.670000076293945,21.020000457763672,19.373146057128906,48993100
2019-04-25,21.059999465942383,21.209999084472656,20.760000228881836,20.8700008392334,19.234895706176758,29325900
2019-04-26,21.06999969482422,21.43000030517578,21.049999237060547,21.299999237060547,19.63120460510254,38923200
2019-04-29,21.219999313354492,21.229999542236328,20.739999771118164,20.84000015258789,19.207246780395508,39572600
2019-04-30,20.829999923706055,21.030000686645508,20.799999237060547,20.889999389648438,19.25333023071289,19674200
2019-05-01,20.829999923706055,21.100000381469727,20.350000381469727,20.520000457763672,18.91231918334961,72152500
2019-05-02,20.31999969482422,20.459999084472656,20.139999389648438,20.170000076293945,18.589736938476562,42758500
2019-05-03,20.399999618530273,20.59000015258789,20.270000457763672,20.290000915527344,18.70033836364746,26799900
2019-05-06,20.290000915527344,20.469999313354492,20.219999313354492,20.299999237060547,18.709552764892578,26382900
2019-05-07,20.40999984741211,20.829999923706055,20.270000457763672,20.709999084472656,19.087430953979492,48972400
2019-05-08,20.899999618530273,20.989999771118164,20.350000381469727,20.479999542236328,18.875452041625977,30100600
2019-05-09,20.520000457763672,20.780000686645508,20.389999389648438,20.43000030517578,18.829370498657227,28038400
2019-05-10,20.549999237060547,20.579999923706055,20.270000457763672,20.280000686645508,18.691118240356445,23309400
2019-05-13,20.6299991607666,20.989999771118164,20.43000030517578,20.93000030517578,19.290197372436523,65640200
2019-05-14,20.8799991607666,20.899999618530273,20.59000015258789,20.84000015258789,19.207246780395508,29056100
2019-05-15,20.950000762939453,21.020000457763672,20.780000686645508,20.790000915527344,19.161165237426758,23251200
2019-05-16,20.68000030517578,20.739999771118164,20.40999984741211,20.559999465942383,18.949182510375977,32047600
2019-05-17,20.469999313354492,20.760000228881836,20.389999389648438,20.75,19.124296188354492,26519000
2019-05-20,20.700000762939453,20.850000381469727,20.639999389648438,20.68000030517578,19.059783935546875,17628000
2019-05-21,20.56999969482422,20.729999542236328,20.459999084472656,20.709999084472656,19.087430953979492,13437500
2019-05-22,20.68000030517578,20.709999084472656,20.260000228881836,20.360000610351562,18.764856338500977,31806200
2019-05-23,20.559999465942383,20.8799991607666,20.40999984741211,20.440000534057617,18.838586807250977,36332200
2019-05-24,20.5,20.6200008392334,20.399999618530273,20.56999969482422,18.95840072631836,15584000
2019-05-28,20.3799991607666,20.5,20.280000686645508,20.420000076293945,18.820152282714844,32450100
2019-05-29,20.520000457763672,20.549999237060547,20.350000381469727,20.420000076293945,18.820152282714844,23992000
2019-05-30,20.450000762939453,20.809999465942383,20.360000610351562,20.770000457763672,19.142732620239258,25439400
2019-05-31,21.239999771118164,21.739999771118164,21.190000534057617,21.59000015258789,19.898487091064453,83347600
2019-06-03,22.030000686645508,22.5,21.90999984741211,22.489999771118164,20.72797393798828,75414200
2019-06-04,22.170000076293945,22.6200008392334,22.170000076293945,22.59000015258789,20.820140838623047,40898700
2019-06-05,22.84000015258789,23.020000457763672,22.34000015258789,22.6299991607666,20.857004165649414,55594800
2019-06-06,22.65999984741211,22.920000076293945,22.600000381469727,22.8700008392334,21.078201293945312,48981100
2019-06-07,23.049999237060547,23.1200008392334,22.729999542236328,22.889999389648438,21.09663200378418,41368300
2019-06-10,22.420000076293945,22.520000457763672,22.239999771118164,22.459999084472656,20.70032501220703,45057300
2019-06-11,22.350000381469727,22.690000534057617,22.309999465942383,22.59000015258789,20.820140838623047,23522200
2019-06-12,22.770000457763672,23.079999923706055,22.75,22.959999084472656,21.161149978637695,35955800
2019-06-13,23.020000457763672,23.239999771118164,22.940000534057617,23.239999771118164,21.419212341308594,30634300
2019-06-14,23.450000762939453,23.670000076293945,23.100000381469727,23.329999923706055,21.50216293334961,42220900
2019-06-17,23.3799991607666,23.469999313354492,23.139999389648438,23.459999084472656,21.621978759765625,50692800
2019-06-18,23.75,23.8799991607666,23.350000381469727,23.670000076293945,21.81552505493164,44411200
2019-06-19,23.520000457763672,24.030000686645508,23.450000762939453,24.0,22.11966896057129,46273800
2019-06-20,24.65999984741211,25.170000076293945,24.540000915527344,25.049999237060547,23.087404251098633,131981000
2019-06-21,25.0,25.239999771118164,24.68000030517578,25.209999084472656,23.2348690032959,50309800
2019-06-24,25.309999465942383,26.170000076293945,25.260000228881836,26.170000076293945,24.119657516479492,101843300
2019-06-25,26.229999542236328,26.25,25.110000610351562,25.6299991607666,23.621959686279297,103671800
2019-06-26,25.06999969482422,25.739999771118164,25.049999237060547,25.520000457763672,23.52058219909668,57095000
2019-06-27,25.309999465942383,25.389999389648438,25.139999389648438,25.329999923706055,23.345470428466797,53004800
2019-06-28,25.43000030517578,25.600000381469727,25.190000534057617,25.559999465942383,23.55744743347168,39459700
2019-07-01,24.799999237060547,24.989999771118164,24.530000686645508,24.579999923706055,22.65423011779785,90190700
2019-07-02,24.889999389648438,25.649999618530273,24.809999465942383,25.549999237060547,23.54823112487793,75815700
2019-07-03,25.670000076293945,25.700000762939453,25.360000610351562,25.649999618530273,23.640398025512695,24756100
2019-07-05,24.979999542236328,25.5,24.68000030517578,25.389999389648438,23.400766372680664,51920800
2019-07-08,25.450000762939453,25.610000610351562,25.209999084472656,25.420000076293945,23.428417205810547,40606100
2019-07-09,25.329999923706055,25.65999984741211,25.209999084472656,25.649999618530273,23.640398025512695,37529700
2019-07-10,26.020000457763672,26.229999542236328,25.770000457763672,26.200000762939453,24.147308349609375,56454300
2019-07-11,26.1299991607666,26.280000686645508,25.719999313354492,25.940000534057617,23.907678604125977,54013400
2019-07-12,26.0,26.25,25.8700008392334,26.209999084472656,24.156522750854492,31795200
2019-07-15,26.170000076293945,26.309999465942383,25.989999771118164,26.18000030517578,24.12887191772461,29900000
2019-07-16,26.139999389648438,26.329999923706055,25.969999313354492,26.049999237060547,24.009056091308594,25081700
2019-07-17,26.18000030517578,27.100000381469727,26.18000030517578,27.09000015258789,24.967578887939453,45481600
2019-07-18,26.90999984741211,28.309999465942383,26.770000457763672,28.25,26.036693572998047,100026700
2019-07-19,27.90999984741211,28.270000457763672,27.600000381469727,27.979999542236328,25.7878475189209,59357500
2019-07-22,28.079999923706055,28.290000915527344,27.969999313354492,28.190000534057617,25.981395721435547,38309500
2019-07-23,28.200000762939453,28.40999984741211,27.649999618530273,27.8700008392334,25.68646812438965,53084900
2019-07-24,28.06999969482422,28.200000762939453,27.84000015258789,28.149999618530273,25.944528579711914,35305300
2019-07-25,27.979999542236328,27.979999542236328,27.329999923706055,27.43000030517578,25.28093719482422,66348800
2019-07-26,27.549999237060547,27.639999389648438,27.229999542236328,27.280000686645508,25.142690658569336,34186900
2019-07-29,27.399999618530273,27.770000457763672,27.219999313354492,27.770000457763672,25.594301223754883,51527600
2019-07-30,27.889999389648438,28.0,27.700000762939453,27.829999923706055,25.64960289001465,29517400
2019-07-31,27.68000030517578,27.8799991607666,26.420000076293945,26.5,24.423799514770508,125274600
2019-08-01,26.100000381469727,27.959999084472656,26.040000915527344,27.850000381469727,25.668033599853516,125771700
2019-08-02,27.729999542236328,28.110000610351562,27.559999465942383,27.770000457763672,25.594301223754883,46016200
2019-08-05,28.530000686645508,29.010000228881836,28.34000015258789,28.600000381469727,26.359275817871094,91723900
2019-08-06,28.59000015258789,28.790000915527344,28.309999465942383,28.670000076293945,26.423789978027344,45760900
2019-08-07,29.59000015258789,30.0,29.200000762939453,29.260000228881836,26.967565536499023,91307700
2019-08-08,29.110000610351562,29.860000610351562,28.8700008392334,29.770000457763672,27.43760871887207,62143900
2019-08-09,29.549999237060547,29.860000610351562,29.31999969482422,29.360000610351562,27.05973243713379,42424300
2019-08-12,29.59000015258789,29.75,28.989999771118164,29.0,26.727933883666992,62211800
2019-08-13,29.40999984741211,29.450000762939453,27.809999465942383,28.450000762939453,26.221023559570312,97362100
2019-08-14,28.920000076293945,29.09000015258789,28.3700008392334,28.40999984741211,26.18415641784668,60301200
2019-08-15,28.309999465942383,28.8700008392334,28.15999984741211,28.729999542236328,26.479087829589844,46951200
2019-08-16,28.40999984741211,28.610000610351562,28.1299991607666,28.280000686645508,26.064342498779297,51032100
2019-08-19,27.75,28.3799991607666,27.610000610351562,27.93000030517578,25.74176597595215,62746500
2019-08-20,28.15999984741211,28.969999313354492,28.1200008392334,28.850000381469727,26.589685440063477,73110900
2019-08-21,28.600000381469727,28.860000610351562,28.549999237060547,28.700000762939453,26.451440811157227,30263600
2019-08-22,28.56999969482422,28.790000915527344,28.3700008392334,28.489999771118164,26.257890701293945,39469300
2019-08-23,28.639999389648438,29.700000762939453,28.59000015258789,29.639999389648438,27.317792892456055,92847400
2019-08-26,29.68000030517578,29.979999542236328,29.399999618530273,29.639999389648438,27.317792892456055,47355700
2019-08-27,29.709999084472656,30.6200008392334,29.639999389648438,30.559999465942383,28.165712356567383,81770600
2019-08-28,30.649999618530273,30.809999465942383,30.030000686645508,30.40999984741211,28.027463912963867,54015200
2019-08-29,30.450000762939453,30.489999771118164,29.389999389648438,29.65999984741211,27.336225509643555,75098400
2019-08-30,29.530000686645508,30.139999389648438,29.450000762939453,29.860000610351562,27.520557403564453,48728400
2019-09-03,30.280000686645508,30.760000228881836,30.1200008392334,30.3700008392334,27.990596771240234,69310100
2019-09-04,30.329999923706055,30.959999084472656,30.290000915527344,30.950000762939453,28.525157928466797,48361200
2019-09-05,30.229999542236328,30.260000228881836,29.170000076293945,29.309999465942383,27.013647079467773,132635500
2019-09-06,29.530000686645508,29.760000228881836,28.440000534057617,28.479999542236328,26.248674392700195,88853900
2019-09-09,28.6299991607666,28.739999771118164,27.6299991607666,27.729999542236328,25.557435989379883,90351900
2019-09-10,27.700000762939453,28.059999465942383,27.450000762939453,27.510000228881836,25.354673385620117,66585000
2019-09-11,27.6299991607666,28.209999084472656,27.540000915527344,27.719999313354492,25.5482177734375,78529300
2019-09-12,28.530000686645508,28.700000762939453,27.229999542236328,27.270000457763672,25.133474349975586,82794900
2019-09-13,27.40999984741211,27.59000015258789,26.600000381469727,26.639999389648438,24.552833557128906,80728900
2019-09-16,27.25,27.510000228881836,26.889999389648438,27.290000915527344,25.15190887451172,68934800
2019-09-17,27.479999542236328,28.270000457763672,27.3799991607666,28.1200008392334,25.916881561279297,71084100
2019-09-18,28.110000610351562,28.139999389648438,26.979999542236328,27.6200008392334,25.456052780151367,85193300
2019-09-19,27.829999923706055,28.18000030517578,27.719999313354492,28.100000381469727,25.898447036743164,47188900
2019-09-20,28.190000534057617,28.690000534057617,27.860000610351562,28.690000534057617,26.44222068786621,61290700
2019-09-23,28.809999465942383,29.15999984741211,28.709999084472656,29.15999984741211,26.875398635864258,58025700
2019-09-24,28.84000015258789,29.579999923706055,28.690000534057617,29.489999771118164,27.17954444885254,57912300
2019-09-25,29.309999465942383,29.389999389648438,28.209999084472656,28.43000030517578,26.202592849731445,87938400
2019-09-26,28.549999237060547,28.780000686645508,28.09000015258789,28.110000610351562,25.90766143798828,45715000
2019-09-27,27.5,27.84000015258789,27.309999465942383,27.450000762939453,25.29937171936035,74409500
2019-09-30,26.989999771118164,27.350000381469727,26.540000915527344,26.709999084472656,24.617347717285156,73206900
2019-10-01,26.6200008392334,27.469999313354492,26.510000228881836,26.920000076293945,24.810897827148438,68625600
2019-10-02,27.469999313354492,27.5,27.020000457763672,27.40999984741211,25.26250457763672,65837200
2019-10-03,27.40999984741211,28.049999237060547,27.239999771118164,27.25,25.115041732788086,63344000
2019-10-04,27.149999618530273,27.90999984741211,27.139999389648438,27.8700008392334,25.68646812438965,54465000
2019-10-07,27.600000381469727,27.989999771118164,27.459999084472656,27.579999923706055,25.419187545776367,37266600
2019-10-08,28.079999923706055,28.3799991607666,27.790000915527344,28.360000610351562,26.13807487487793,65536200
2019-10-09,28.350000381469727,28.360000610351562,27.8799991607666,28.049999237060547,25.852365493774414,39219400
2019-10-10,28.010000228881836,28.15999984741211,27.520000457763672,28.049999237060547,25.852365493774414,39255400
2019-10-11,27.670000076293945,27.700000762939453,26.90999984741211,26.969999313354492,24.856979370117188,87316400
2019-10-14,27.040000915527344,27.290000915527344,26.940000534057617,27.06999969482422,24.94914436340332,31850400
2019-10-15,26.8799991607666,26.8799991607666,26.18000030517578,26.190000534057617,24.13808822631836,61657100
2019-10-16,26.450000762939453,26.739999771118164,26.190000534057617,26.709999084472656,24.617347717285156,51265100
2019-10-17,26.5,27.350000381469727,26.469999313354492,27.079999923706055,24.95836067199707,46186300
2019-10-18,26.950000762939453,27.239999771118164,26.790000915527344,27.1200008392334,24.995227813720703,31902100
2019-10-21,27.25,27.299999237060547,26.5,26.579999923706055,24.497533798217773,42579000
2019-10-22,26.670000076293945,26.799999237060547,26.229999542236328,26.540000915527344,24.460668563842773,30749800
2019-10-23,26.639999389648438,27.020000457763672,26.639999389648438,26.809999465942383,24.709514617919922,47031700
2019-10-24,26.969999313354492,27.549999237060547,26.940000534057617,27.520000457763672,25.363887786865234,51996000
2019-10-25,28.010000228881836,28.18000030517578,27.3700008392334,27.739999771118164,25.566650390625,59960300
2019-10-28,27.43000030517578,27.440000534057617,27.0,27.059999465942383,24.939926147460938,60885600
2019-10-29,26.889999389648438,27.43000030517578,26.770000457763672,27.209999084472656,25.078174591064453,32762400
2019-10-30,27.299999237060547,27.489999771118164,26.729999542236328,27.450000762939453,25.29937171936035,54901700
2019-10-31,27.700000762939453,28.18000030517578,27.600000381469727,28.149999618530273,25.944528579711914,79602400
2019-11-01,27.93000030517578,28.15999984741211,27.649999618530273,28.010000228881836,25.815500259399414,55359000
2019-11-04,27.920000076293945,27.959999084472656,27.489999771118164,27.520000457763672,25.363887786865234,56660000
2019-11-05,26.969999313354492,27.139999389648438,26.760000228881836,26.969999313354492,24.856979370117188,62148800
2019-11-06,27.1299991607666,27.399999618530273,26.90999984741211,27.299999237060547,25.16112518310547,48932900
2019-11-07,27.020000457763672,27.09000015258789,26.299999237060547,26.489999771118164,24.414587020874023,90744200
2019-11-08,26.229999542236328,26.579999923706055,26.139999389648438,26.229999542236328,24.17495346069336,42339900
2019-11-11,26.270000457763672,26.459999084472656,26.149999618530273,26.239999771118164,24.184173583984375,33313500
2019-11-12,26.280000686645508,26.639999389648438,25.979999542236328,26.59000015258789,24.506750106811523,56886600
2019-11-13,26.719999313354492,27.010000228881836,26.690000534057617,26.75,24.65421485900879,36498800
2019-11-14,26.8700008392334,27.06999969482422,26.739999771118164,27.0,24.884628295898438,34638700
2019-11-15,26.780000686645508,27.09000015258789,26.719999313354492,26.739999771118164,24.645000457763672,37430600
2019-11-18,26.790000915527344,27.209999084472656,26.739999771118164,27.200000762939453,25.068960189819336,49621800
2019-11-19,27.040000915527344,27.5,27.030000686645508,27.229999542236328,25.096607208251953,33293500
2019-11-20,27.200000762939453,27.459999084472656,26.940000534057617,27.34000015258789,25.19799041748047,35278100
2019-11-21,27.190000534057617,27.360000610351562,26.809999465942383,26.81999969482422,24.718730926513672,67801100
2019-11-22,26.920000076293945,26.979999542236328,26.59000015258789,26.760000228881836,24.66343116760254,24320200
2019-11-25,26.479999542236328,26.68000030517578,26.18000030517578,26.200000762939453,24.147308349609375,59476400
2019-11-26,26.25,26.829999923706055,26.139999389648438,26.780000686645508,24.681865692138672,64827100
2019-11-27,26.579999923706055,26.790000915527344,26.420000076293945,26.65999984741211,24.571264266967773,37110700
2019-11-29,26.690000534057617,27.15999984741211,26.690000534057617,27.079999923706055,24.95836067199707,44363100
2019-12-02,26.889999389648438,27.209999084472656,26.829999923706055,27.170000076293945,25.041311264038086,43818700
2019-12-03,27.540000915527344,27.940000534057617,27.540000915527344,27.770000457763672,25.594301223754883,71551400
2019-12-04,27.639999389648438,27.719999313354492,27.309999465942383,27.479999542236328,25.3270206451416,56183500
2019-12-05,27.350000381469727,27.860000610351562,27.329999923706055,27.6200008392334,25.456052780151367,47757700
2019-12-06,27.1200008392334,27.389999389648438,26.959999084472656,26.969999313354492,24.856979370117188,75294900
2019-12-09,27.1299991607666,27.18000030517578,26.850000381469727,26.920000076293945,24.810897827148438,31802800
2019-12-10,27.149999618530273,27.15999984741211,26.8799991607666,27.1299991607666,25.00444221496582,36765200
2019-12-11,27.239999771118164,27.850000381469727,27.15999984741211,27.709999084472656,25.53900146484375,76150900
2019-12-12,28.0,28.110000610351562,27.389999389648438,27.65999984741211,25.492919921875,65636700
2019-12-13,27.469999313354492,27.84000015258789,27.31999969482422,27.719999313354492,25.5482177734375,29998500
2019-12-16,27.739999771118164,27.739999771118164,27.31999969482422,27.389999389648438,25.24407196044922,42318600
2019-12-17,27.360000610351562,27.450000762939453,27.149999618530273,27.15999984741211,25.032093048095703,31057700
2019-12-18,27.139999389648438,27.479999542236328,27.09000015258789,27.450000762939453,25.29937171936035,45238000
2019-12-19,27.5,27.59000015258789,27.270000457763672,27.479999542236328,25.3270206451416,24665700
2019-12-20,27.510000228881836,27.540000915527344,27.1200008392334,27.1299991607666,25.00444221496582,41965800
2019-12-23,27.1299991607666,27.829999923706055,27.049999237060547,27.770000457763672,25.775768280029297,72123700
2019-12-24,27.90999984741211,28.65999984741211,27.889999389648438,28.65999984741211,26.601852416992188,70679100
2019-12-26,28.899999618530273,29.25,28.75,29.079999923706055,26.9916934967041,57567000
2019-12-27,29.010000228881836,29.149999618530273,28.709999084472656,28.8700008392334,26.796772003173828,37730900
2019-12-30,28.920000076293945,29.489999771118164,28.899999618530273,29.489999771118164,27.372249603271484,56336900
2019-12-31,29.700000762939453,29.760000228881836,29.260000228881836,29.280000686645508,27.177330017089844,32773500
2020-01-02,29.6200008392334,29.719999313354492,29.110000610351562,29.350000381469727,27.2423038482666,40709100
2020-01-03,29.850000381469727,29.8700008392334,29.010000228881836,29.170000076293945,27.075231552124023,47399500
2020-01-06,29.75,29.790000915527344,29.010000228881836,29.219999313354492,27.121639251708984,45483100
2020-01-07,29.209999084472656,29.520000457763672,29.020000457763672,29.5,27.381534576416016,39181100
2020-01-08,29.3700008392334,29.43000030517578,28.1200008392334,28.350000381469727,26.314117431640625,94319100
2020-01-09,28.110000610351562,28.420000076293945,28.0,28.040000915527344,26.026378631591797,60554600
2020-01-10,28.149999618530273,28.559999465942383,28.1200008392334,28.450000762939453,26.40693473815918,38632800
2020-01-13,28.31999969482422,28.31999969482422,27.75,27.770000457763672,25.775768280029297,48710300
2020-01-14,27.709999084472656,28.309999465942383,27.68000030517578,28.260000228881836,26.230579376220703,56949000
2020-01-15,28.389999389648438,28.8700008392334,28.170000076293945,28.790000915527344,26.72252082824707,50472900
2020-01-16,28.600000381469727,28.709999084472656,28.360000610351562,28.670000076293945,26.61113929748535,37967100
2020-01-17,28.75,28.780000686645508,28.299999237060547,28.420000076293945,26.379091262817383,43853800
2020-01-21,28.260000228881836,28.969999313354492,28.200000762939453,28.950000762939453,26.871028900146484,48096900
2020-01-22,28.899999618530273,28.989999771118164,28.649999618530273,28.84000015258789,26.768930435180664,21333700
2020-01-23,28.65999984741211,29.100000381469727,28.59000015258789,28.65999984741211,26.601852416992188,41346600
2020-01-24,28.610000610351562,29.299999237060547,28.610000610351562,29.219999313354492,27.121639251708984,44497000
2020-01-27,29.639999389648438,29.65999984741211,28.90999984741211,29.079999923706055,26.9916934967041,38199300
2020-01-28,28.799999237060547,28.969999313354492,28.280000686645508,28.309999465942383,26.276988983154297,55735200
2020-01-29,28.299999237060547,28.899999618530273,28.229999542236328,28.860000610351562,26.787492752075195,37940100
2020-01-30,28.899999618530273,29.079999923706055,28.600000381469727,28.729999542236328,26.666828155517578,39866800
2020-01-31,28.799999237060547,29.239999771118164,28.760000228881836,28.989999771118164,26.908153533935547,41986200
2020-02-03,28.809999465942383,28.899999618530273,28.399999618530273,28.559999465942383,26.509035110473633,42344300
2020-02-04,28.200000762939453,28.280000686645508,27.770000457763672,28.049999237060547,26.035661697387695,62983500
2020-02-05,28.020000457763672,28.350000381469727,27.90999984741211,28.049999237060547,26.035661697387695,41433700
2020-02-06,28.270000457763672,28.510000228881836,28.110000610351562,28.399999618530273,26.36052703857422,37356800
2020-02-07,28.56999969482422,28.670000076293945,27.920000076293945,27.93000030517578,25.924280166625977,40445600
2020-02-10,28.190000534057617,28.510000228881836,28.020000457763672,28.389999389648438,26.351242065429688,34717200
2020-02-11,28.31999969482422,28.530000686645508,28.06999969482422,28.43000030517578,26.38837242126465,24591700
2020-02-12,28.34000015258789,28.40999984741211,28.079999923706055,28.1200008392334,26.100635528564453,33312700
2020-02-13,28.3700008392334,28.59000015258789,28.209999084472656,28.31999969482422,26.28626823425293,29937400
2020-02-14,28.34000015258789,28.469999313354492,28.190000534057617,28.309999465942383,26.276988983154297,22888600
2020-02-18,28.59000015258789,29.25,28.3799991607666,29.229999542236328,27.130922317504883,64678400
2020-02-19,29.3700008392334,29.790000915527344,29.200000762939453,29.75,27.61357879638672,45467500
2020-02-20,29.65999984741211,30.100000381469727,29.5,29.75,27.61357879638672,52313900
2020-02-21,30.270000457763672,30.709999084472656,30.18000030517578,30.649999618530273,28.448945999145508,76564200
2020-02-24,31.760000228881836,31.84000015258789,30.65999984741211,31.049999237060547,28.820222854614258,87112400
2020-02-25,30.479999542236328,31.15999984741211,29.90999984741211,29.969999313354492,27.817779541015625,91165500
2020-02-26,29.899999618530273,30.280000686645508,29.670000076293945,29.8700008392334,27.72496223449707,49317800
2020-02-27,30.31999969482422,30.399999618530273,28.139999389648438,28.149999618530273,26.12847900390625,125123900
2020-02-28,26.799999237060547,27.040000915527344,25.43000030517578,26.219999313354492,24.337078094482422,166814200
2020-03-02,27.09000015258789,27.469999313354492,26.700000762939453,27.290000915527344,25.330238342285156,83762400
2020-03-03,27.81999969482422,29.610000610351562,27.459999084472656,28.68000030517578,26.620420455932617,130291500
2020-03-04,29.030000686645508,29.18000030517578,28.280000686645508,29.1299991607666,27.038103103637695,55030300
2020-03-05,29.469999313354492,29.84000015258789,28.959999084472656,29.81999969482422,27.678550720214844,68343800
2020-03-06,29.90999984741211,29.969999313354492,28.450000762939453,29.40999984741211,27.297992706298828,81228000
2020-03-09,28.3799991607666,28.719999313354492,27.260000228881836,27.309999465942383,25.34880256652832,87651700
2020-03-10,27.739999771118164,28.030000686645508,26.5,27.489999771118164,25.515872955322266,82748700
2020-03-11,27.049999237060547,27.25,25.040000915527344,25.170000076293945,23.362478256225586,119428500
2020-03-12,22.989999771118164,24.889999389648438,22.0,22.309999465942383,20.707862854003906,106328100
2020-03-13,23.290000915527344,23.399999618530273,16.5,19.0,17.635562896728516,195650900
2020-03-16,16.75,22.950000762939453,16.18000030517578,22.489999771118164,20.87493896484375,199906300
2020-03-17,22.110000610351562,25.5,22.020000457763672,25.5,23.668779373168945,119759900
2020-03-18,24.1200008392334,25.040000915527344,19.68000030517578,19.68000030517578,18.266733169555664,198033900
2020-03-19,20.649999618530273,24.979999542236328,19.290000915527344,21.270000457763672,19.742551803588867,103179000
2020-03-20,22.850000381469727,22.850000381469727,20.34000015258789,20.549999237060547,19.074251174926758,68320700
2020-03-23,21.6299991607666,23.290000915527344,21.1200008392334,21.93000030517578,20.355152130126953,93812100
2020-03-24,24.93000030517578,26.06999969482422,23.790000915527344,25.149999618530273,23.343914031982422,127861300
2020-03-25,25.389999389648438,27.0,24.549999237060547,26.309999465942383,24.42061424255371,102594400
2020-03-26,26.690000534057617,27.209999084472656,25.219999313354492,25.850000381469727,23.993648529052734,47458000
2020-03-27,25.149999618530273,25.670000076293945,23.729999542236328,24.3700008392334,22.619930267333984,94471000
2020-03-30,24.389999389648438,25.329999923706055,23.139999389648438,23.93000030517578,22.21152687072754,63038600
2020-03-31,23.600000381469727,24.43000030517578,23.030000686645508,23.040000915527344,21.385440826416016,45113700
2020-04-01,23.0,24.260000228881836,23.0,24.030000686645508,22.30434799194336,33900200
2020-04-02,24.59000015258789,25.719999313354492,24.3700008392334,25.040000915527344,23.241819381713867,39859300
2020-04-03,25.15999984741211,25.8799991607666,24.739999771118164,24.950000762939453,23.158279418945312,33775700
2020-04-06,26.010000228881836,26.700000762939453,25.540000915527344,26.34000015258789,24.448461532592773,62383700
2020-04-07,26.610000610351562,26.760000228881836,25.780000686645508,26.09000015258789,24.216413497924805,31203200
2020-04-08,26.170000076293945,26.530000686645508,25.829999923706055,26.200000762939453,24.31851577758789,17480200
2020-04-09,27.200000762939453,28.969999313354492,27.09000015258789,28.950000762939453,26.871028900146484,68549100
2020-04-13,28.649999618530273,31.06999969482422,27.90999984741211,30.780000686645508,28.569610595703125,59888600
2020-04-14,31.1200008392334,32.27000045776367,30.030000686645508,30.75,28.541767120361328,59359900
2020-04-15,29.65999984741211,30.850000381469727,29.3700008392334,30.149999618530273,27.984851837158203,31917300
2020-04-16,30.420000076293945,31.1299991607666,30.040000915527344,30.920000076293945,28.69955825805664,37982800
2020-04-17,29.760000228881836,30.420000076293945,29.670000076293945,29.940000534057617,27.789936065673828,29249500
2020-04-20,29.979999542236328,31.1299991607666,29.979999542236328,30.739999771118164,28.53248405456543,25488800
2020-04-21,29.68000030517578,30.8700008392334,29.549999237060547,30.559999465942383,28.36540985107422,22464500
2020-04-22,31.540000915527344,32.63999938964844,31.5,32.5099983215332,30.17537498474121,40919900
2020-04-23,33.209999084472656,34.7400016784668,33.0099983215332,33.41999816894531,31.02002716064453,56325900
2020-04-24,34.02000045776367,34.310001373291016,32.959999084472656,33.93000030517578,31.49340057373047,40571500
2020-04-27,33.95000076293945,34.209999084472656,32.93000030517578,33.790000915527344,31.36345863342285,30455600
2020-04-28,33.5,33.97999954223633,32.97999954223633,33.810001373291016,31.382020950317383,31629700
2020-04-29,33.45000076293945,34.06999969482422,32.81999969482422,34.029998779296875,31.58622169494629,36914000
2020-04-30,33.18000030517578,33.84000015258789,32.150001525878906,32.2599983215332,29.943328857421875,52248800
2020-05-01,31.479999542236328,33.38999938964844,31.309999465942383,33.290000915527344,30.899362564086914,34003000
2020-05-04,33.7599983215332,34.25,33.52000045776367,33.9900016784668,31.54909896850586,34391400
2020-05-05,33.90999984741211,34.90999984741211,33.369998931884766,34.790000915527344,32.29164505004883,30289700
2020-05-06,34.150001525878906,34.5099983215332,33.619998931884766,33.70000076293945,31.279918670654297,29078400
2020-05-07,34.09000015258789,35.4900016784668,33.880001068115234,35.029998779296875,32.514404296875,35053600
2020-05-08,34.9900016784668,35.560001373291016,34.58000183105469,34.86000061035156,32.35661697387695,28612000
2020-05-11,34.91999816894531,35.04999923706055,33.54999923706055,33.88999938964844,31.456274032592773,28732700
2020-05-12,34.34000015258789,34.95000076293945,33.689998626708984,33.84000015258789,31.409866333007812,20999600
2020-05-13,34.34000015258789,34.689998626708984,33.41999816894531,34.08000183105469,31.63263702392578,33290200
2020-05-14,34.060001373291016,35.45000076293945,34.0,35.15999984741211,32.63507080078125,33736200
2020-05-15,35.959999084472656,36.68000030517578,35.61000061035156,36.56999969482422,33.94382095336914,38465800
2020-05-18,37.150001525878906,37.20000076293945,35.720001220703125,35.93000030517578,33.34977722167969,33131200
2020-05-19,36.5099983215332,37.4900016784668,36.380001068115234,37.209999084472656,34.5378532409668,36737200
2020-05-20,37.36000061035156,37.4900016784668,36.45000076293945,36.61000061035156,33.9809455871582,30058100
2020-05-21,36.08000183105469,36.220001220703125,34.7599983215332,35.65999984741211,33.09917068481445,33179400
2020-05-22,35.97999954223633,36.439998626708984,35.470001220703125,35.54999923706055,32.997066497802734,17987000
2020-05-26,35.380001068115234,35.380001068115234,33.95000076293945,34.08000183105469,31.63263702392578,36174200
2020-05-27,33.09000015258789,33.7599983215332,32.540000915527344,33.709999084472656,31.289201736450195,43849100
2020-05-28,34.38999938964844,34.68000030517578,33.560001373291016,34.0,31.558382034301758,29917600
2020-05-29,34.66999816894531,34.869998931884766,34.11000061035156,34.31999969482422,31.85539436340332,32726200
2020-06-01,34.599998474121094,35.43000030517578,34.47999954223633,35.380001068115234,32.83927536010742,24163900
2020-06-02,35.560001373291016,35.58000183105469,33.939998626708984,34.09000015258789,31.641910552978516,39294200
2020-06-03,33.310001373291016,33.59000015258789,32.43000030517578,32.83000183105469,30.472396850585938,40447600
2020-06-04,33.47999954223633,33.58000183105469,32.84000015258789,33.11000061035156,30.732290267944336,25889300
2020-06-05,32.040000915527344,32.459999084472656,31.219999313354492,32.459999084472656,30.128965377807617,50291100
2020-06-08,32.56999969482422,32.810001373291016,32.09000015258789,32.779998779296875,30.42598533630371,21180400
2020-06-09,33.04999923706055,33.470001220703125,32.65999984741211,33.060001373291016,30.685880661010742,21745400
2020-06-10,33.4900016784668,34.529998779296875,32.439998626708984,34.529998779296875,32.05031204223633,46916400
2020-06-11,34.41999816894531,34.91999816894531,32.38999938964844,32.83000183105469,30.472396850585938,50214100
2020-06-12,33.459999084472656,33.779998779296875,32.5,32.63999938964844,30.296039581298828,29829000
2020-06-15,31.799999237060547,33.65999984741211,31.31999969482422,33.5099983215332,31.10356330871582,32180400
2020-06-16,33.459999084472656,33.68000030517578,32.45000076293945,32.63999938964844,30.296039581298828,39596100
2020-06-17,32.779998779296875,33.189998626708984,32.5,32.849998474121094,30.49095916748047,23882500
2020-06-18,32.66999816894531,33.029998779296875,32.29999923706055,32.43000030517578,30.10112190246582,20130800
2020-06-19,32.880001068115234,33.84000015258789,32.689998626708984,33.54999923706055,31.140689849853516,37405000
2020-06-22,34.400001525878906,35.34000015258789,34.27000045776367,34.869998931884766,32.36589813232422,46110300
2020-06-23,35.380001068115234,35.84000015258789,35.119998931884766,35.369998931884766,32.82999038696289,28979200
2020-06-24,35.13999938964844,35.68000030517578,34.29999923706055,34.7400016784668,32.2452392578125,37585800
2020-06-25,34.75,34.959999084472656,34.18000030517578,34.959999084472656,32.44943618774414,17938800
2020-06-26,34.59000015258789,35.33000183105469,34.08000183105469,35.189998626708984,32.66291427612305,29048400
2020-06-29,35.369998931884766,35.560001373291016,34.970001220703125,35.560001373291016,33.00634765625,24259500
2020-06-30,35.439998626708984,36.720001220703125,35.220001220703125,36.68000030517578,34.04591751098633,35818600
2020-07-01,36.56999969482422,36.63999938964844,35.52000045776367,36.560001373291016,33.93453598022461,30673800
2020-07-02,36.34000015258789,37.08000183105469,36.11000061035156,36.16999816894531,33.572540283203125,28388800
2020-07-06,36.900001525878906,37.130001068115234,36.310001373291016,36.84000015258789,34.194427490234375,23654600
2020-07-07,36.689998626708984,37.97999954223633,36.65999984741211,37.72999954223633,35.02051544189453,30150000
2020-07-08,38.40999984741211,39.13999938964844,38.189998626708984,38.959999084472656,36.16218948364258,34212500
2020-07-09,39.27000045776367,39.439998626708984,37.81999969482422,38.790000915527344,36.00439453125,37060300
2020-07-10,39.09000015258789,39.18000030517578,38.029998779296875,38.400001525878906,35.64240646362305,21900700
2020-07-13,39.060001373291016,39.18000030517578,37.08000183105469,37.130001068115234,34.46360778808594,34817400
2020-07-14,37.0,38.599998474121094,36.869998931884766,38.59000015258789,35.818756103515625,30430700
2020-07-15,38.369998931884766,38.7599983215332,37.70000076293945,38.66999816894531,35.893009185791016,21291000
2020-07-16,38.349998474121094,38.709999084472656,37.709999084472656,38.08000183105469,35.34537887573242,21296600
2020-07-17,38.560001373291016,39.34000015258789,38.34000015258789,39.310001373291016,36.487056732177734,27743600
2020-07-20,39.779998779296875,40.4900016784668,39.630001068115234,40.380001068115234,37.48021697998047,28356300
2020-07-21,41.27000045776367,41.619998931884766,40.529998779296875,40.90999984741211,37.97214889526367,34661400
2020-07-22,41.470001220703125,41.939998626708984,41.099998474121094,41.75,38.7518310546875,39311500
2020-07-23,41.70000076293945,42.2400016784668,40.209999084472656,40.959999084472656,38.01856231689453,43686700
2020-07-24,41.459999084472656,41.90999984741211,41.119998931884766,41.83000183105469,38.82609176635742,34918700
2020-07-27,43.43000030517578,44.459999084472656,43.310001373291016,43.84000015258789,40.691741943359375,57601200
2020-07-28,43.20000076293945,44.04999923706055,42.72999954223633,43.560001373291016,40.431846618652344,37241900
2020-07-29,43.72999954223633,43.7400016784668,42.220001220703125,43.130001068115234,40.0327262878418,39586600
2020-07-30,41.900001525878906,42.68000030517578,40.959999084472656,41.630001068115234,38.64044952392578,38073500
2020-07-31,42.36000061035156,43.029998779296875,41.93000030517578,42.939998626708984,39.85636901855469,29531000
2020-08-03,42.599998474121094,42.900001525878906,41.77000045776367,42.540000915527344,39.485103607177734,26243100
2020-08-04,42.5,44.47999954223633,42.119998931884766,44.47999954223633,41.28578186035156,42405300
2020-08-05,45.400001525878906,45.779998779296875,44.02000045776367,44.529998779296875,41.33219528198242,37958400
2020-08-06,45.18000030517578,45.36000061035156,43.58000183105469,44.22999954223633,41.053733825683594,29579900
2020-08-07,43.2400016784668,43.540000915527344,42.25,42.7400016784668,39.670738220214844,33217600
2020-08-10,43.22999954223633,44.18000030517578,42.290000915527344,42.38999938964844,39.34586715698242,28792700
2020-08-11,40.2400016784668,40.75,38.88999938964844,39.04999923706055,36.24571990966797,71304400
2020-08-12,40.33000183105469,40.5099983215332,39.209999084472656,39.22999954223633,36.412803649902344,38295800
2020-08-13,40.029998779296875,41.029998779296875,39.689998626708984,40.630001068115234,37.71226119995117,36092700
2020-08-14,40.459999084472656,40.720001220703125,39.720001220703125,40.349998474121094,37.452369689941406,21075500
2020-08-17,42.119998931884766,43.0,41.849998474121094,42.959999084472656,39.87493896484375,35736000
2020-08-18,44.06999969482422,44.09000015258789,42.0099983215332,42.65999984741211,39.59648132324219,28185900
2020-08-19,42.2599983215332,42.61000061035156,40.77000045776367,41.0099983215332,38.064971923828125,36903300
2020-08-20,41.04999923706055,42.099998474121094,40.790000915527344,41.970001220703125,38.956031799316406,29589700
2020-08-21,41.119998931884766,41.29999923706055,40.439998626708984,40.88999938964844,37.95358657836914,23938200
2020-08-24,41.56999969482422,41.61000061035156,40.59000015258789,40.650001525878906,37.7308235168457,17717400
2020-08-25,40.61000061035156,40.61000061035156,39.59000015258789,40.58000183105469,37.66585159301758,20241500
2020-08-26,40.06999969482422,41.630001068115234,40.06999969482422,41.599998474121094,38.61259841918945,27676900
2020-08-27,42.34000015258789,42.34000015258789,40.029998779296875,40.65999984741211,37.74010467529297,31690900
2020-08-28,41.630001068115234,42.22999954223633,41.25,41.959999084472656,38.94675064086914,26915500
2020-08-31,42.20000076293945,42.810001373291016,41.91999816894531,42.27000045776367,39.234493255615234,21174600
2020-09-01,43.130001068115234,43.130001068115234,41.16999816894531,41.66999816894531,38.677574157714844,24247400
2020-09-02,41.22999954223633,41.79999923706055,40.40999984741211,41.7599983215332,38.7611083984375,21587400
2020-09-03,41.40999984741211,41.7599983215332,40.22999954223633,41.290000915527344,38.324867248535156,23533900
2020-09-04,40.959999084472656,41.13999938964844,39.470001220703125,40.86000061035156,37.92574691772461,31760000
2020-09-08,39.689998626708984,41.369998931884766,39.290000915527344,40.58000183105469,37.66585159301758,23894000
2020-09-09,40.97999954223633,42.45000076293945,40.97999954223633,42.34000015258789,39.29945755004883,30373300
2020-09-10,42.7599983215332,42.88999938964844,41.439998626708984,41.58000183105469,38.59403991699219,24778400
2020-09-11,41.869998931884766,42.33000183105469,40.90999984741211,41.15999984741211,38.20419692993164,19360900
2020-09-14,41.849998474121094,42.84000015258789,41.779998779296875,42.790000915527344,39.71714782714844,24207100
2020-09-15,43.279998779296875,43.599998474121094,42.52000045776367,42.790000915527344,39.71714782714844,21083600
2020-09-16,43.47999954223633,43.47999954223633,42.599998474121094,42.849998474121094,39.77283477783203,21636100
2020-09-17,41.810001373291016,42.31999969482422,41.369998931884766,42.099998474121094,39.07669448852539,21293200
2020-09-18,42.22999954223633,42.540000915527344,41.34000015258789,41.36000061035156,38.38983917236328,24531300
2020-09-21,40.209999084472656,40.790000915527344,39.369998931884766,39.84000015258789,36.97898864746094,30733600
2020-09-22,40.060001373291016,40.31999969482422,39.41999816894531,40.02000045776367,37.14606475830078,21529200
2020-09-23,39.36000061035156,39.380001068115234,37.349998474121094,37.630001068115234,34.927696228027344,53008900
2020-09-24,37.20000076293945,38.90999984741211,37.08000183105469,38.689998626708984,35.91157531738281,35428400
2020-09-25,38.20000076293945,38.65999984741211,37.790000915527344,38.41999816894531,35.66096115112305,15107500
2020-09-28,38.91999816894531,39.15999984741211,38.369998931884766,38.869998931884766,36.07864761352539,17378100
2020-09-29,39.06999969482422,39.619998931884766,38.939998626708984,39.369998931884766,36.54274368286133,16825400
2020-09-30,39.099998474121094,39.52000045776367,38.560001373291016,39.15999984741211,36.34782028198242,17573000
2020-10-01,39.54999923706055,39.939998626708984,39.15999984741211,39.56999969482422,36.7283821105957,21847900
2020-10-02,39.11000061035156,39.56999969482422,38.7599983215332,38.970001220703125,36.171470642089844,16693900
2020-10-05,39.16999816894531,39.97999954223633,39.06999969482422,39.56999969482422,36.7283821105957,19579800
2020-10-06,39.869998931884766,40.060001373291016,38.06999969482422,38.11000061035156,35.37322998046875,26692000
2020-10-07,38.5,38.810001373291016,38.150001525878906,38.349998474121094,35.59599304199219,22049800
2020-10-08,38.72999954223633,39.16999816894531,38.47999954223633,38.970001220703125,36.171470642089844,18446600
2020-10-09,39.90999984741211,40.79999923706055,39.83000183105469,40.779998779296875,37.85149002075195,29936400
2020-10-12,40.68000030517578,41.0099983215332,40.349998474121094,40.66999816894531,37.74938201904297,14011300
2020-10-13,40.099998474121094,40.5,39.459999084472656,40.25,37.35954666137695,20018100
2020-10-14,40.7599983215332,41.34000015258789,40.52000045776367,40.959999084472656,38.01856231689453,19323100
2020-10-15,40.189998626708984,40.66999816894531,39.9900016784668,40.29999923706055,37.40595245361328,18523900
2020-10-16,40.40999984741211,40.52000045776367,39.83000183105469,39.83000183105469,36.96971130371094,13548800
2020-10-19,40.31999969482422,40.33000183105469,39.13999938964844,39.15999984741211,36.34782028198242,15292600
2020-10-20,39.290000915527344,39.709999084472656,38.970001220703125,39.459999084472656,36.62628173828125,15671900
2020-10-21,39.7599983215332,40.40999984741211,39.68000030517578,39.91999816894531,37.053245544433594,18089400
2020-10-22,39.34000015258789,39.439998626708984,38.59000015258789,39.189998626708984,36.375667572021484,19750700
2020-10-23,39.150001525878906,39.16999816894531,38.470001220703125,38.81999969482422,36.0322380065918,14497700
2020-10-26,38.52000045776367,39.15999984741211,38.16999816894531,38.209999084472656,35.466041564941406,17881900
2020-10-27,38.27000045776367,38.86000061035156,38.09000015258789,38.83000183105469,36.041526794433594,14636800
2020-10-28,37.720001220703125,37.880001068115234,36.34000015258789,36.52000045776367,33.89741516113281,38818900
2020-10-29,36.060001373291016,37.279998779296875,36.0099983215332,36.95000076293945,34.29652404785156,22332000
2020-10-30,37.33000183105469,37.56999969482422,36.4900016784668,37.4900016784668,34.79775619506836,27645700
2020-11-02,38.09000015258789,38.689998626708984,37.66999816894531,38.630001068115234,35.85588455200195,27180400
2020-11-03,39.099998474121094,39.630001068115234,38.84000015258789,39.369998931884766,36.54274368286133,20418900
2020-11-04,39.41999816894531,39.529998779296875,38.400001525878906,38.470001220703125,35.707374572753906,24981300
2020-11-05,39.880001068115234,41.5099983215332,39.869998931884766,41.220001220703125,38.25989532470703,51803600
2020-11-06,41.63999938964844,41.810001373291016,40.9900016784668,41.41999816894531,38.445526123046875,21921500
2020-11-09,39.40999984741211,39.41999816894531,38.029998779296875,38.880001068115234,36.08793258666992,43551200
2020-11-10,39.029998779296875,39.060001373291016,37.52000045776367,37.560001373291016,34.86272430419922,33309900
2020-11-11,37.06999969482422,37.2599983215332,36.72999954223633,37.150001525878906,34.48217010498047,22360800
2020-11-12,37.5,38.08000183105469,37.38999938964844,37.4900016784668,34.79775619506836,21186100
2020-11-13,38.34000015258789,38.349998474121094,37.83000183105469,38.0099983215332,35.2804069519043,19264300
2020-11-16,37.86000061035156,38.2400016784668,37.45000076293945,37.7599983215332,35.04835891723633,17150200
2020-11-17,37.40999984741211,37.650001525878906,36.939998626708984,36.939998626708984,34.28724670410156,20716700
2020-11-18,36.939998626708984,36.970001220703125,35.81999969482422,35.81999969482422,33.247676849365234,26893300
2020-11-19,35.369998931884766,35.83000183105469,35.20000076293945,35.52000045776367,32.96922302246094,25927700
2020-11-20,35.959999084472656,36.36000061035156,35.65999984741211,35.900001525878906,33.321929931640625,25251000
2020-11-23,35.529998779296875,35.56999969482422,34.34000015258789,34.36000061035156,31.89252281188965,33864200
2020-11-24,33.380001068115234,33.900001525878906,33.25,33.41999816894531,31.02002716064453,41128100
2020-11-25,33.75,34.2400016784668,33.66999816894531,34.040000915527344,31.595502853393555,31203600
2020-11-27,33.540000915527344,34.290000915527344,33.5,34.22999954223633,31.771862030029297,11745600
2020-11-30,33.970001220703125,34.68000030517578,33.65999984741211,34.68000030517578,32.189544677734375,24406700
2020-12-01,35.79999923706055,36.06999969482422,35.08000183105469,35.959999084472656,33.37762451171875,31692100
2020-12-02,35.970001220703125,36.099998474121094,35.52000045776367,35.970001220703125,33.38690948486328,23736900
2020-12-03,36.13999938964844,36.13999938964844,35.2400016784668,35.5099983215332,32.959938049316406,21132500
2020-12-04,35.5,35.810001373291016,35.060001373291016,35.310001373291016,32.77430725097656,15779200
2020-12-07,35.29999923706055,36.91999816894531,35.2400016784668,36.5,33.878841400146484,26606200
2020-12-08,36.65999984741211,36.75,36.22999954223633,36.349998474121094,33.7396125793457,15029700
2020-12-09,35.939998626708984,36.15999984741211,35.0099983215332,35.400001525878906,32.85784149169922,26711300
2020-12-10,35.529998779296875,36.029998779296875,35.13999938964844,35.2400016784668,32.70933151245117,17178600
2020-12-11,35.36000061035156,35.56999969482422,34.95000076293945,35.08000183105469,32.56081771850586,13294100
2020-12-14,34.91999816894531,35.349998474121094,34.2599983215332,34.290000915527344,31.827552795410156,27931000
2020-12-15,35.0099983215332,35.56999969482422,34.86000061035156,35.369998931884766,32.82999038696289,24406300
2020-12-16,35.599998474121094,36.040000915527344,35.119998931884766,36.029998779296875,33.44259262084961,21498600
2020-12-17,36.869998931884766,37.63999938964844,36.7599983215332,37.290000915527344,34.61211395263672,41042600
2020-12-18,37.27000045776367,37.27000045776367,36.54999923706055,36.58000183105469,33.95309829711914,21979800
2020-12-21,36.349998474121094,36.810001373291016,36.18000030517578,36.349998474121094,33.915775299072266,18383700
2020-12-22,36.380001068115234,36.38999938964844,35.029998779296875,35.290000915527344,32.926761627197266,34660000
2020-12-23,35.529998779296875,36.040000915527344,35.529998779296875,35.91999816894531,33.51457214355469,25420100
2020-12-24,35.75,36.209999084472656,35.619998931884766,36.029998779296875,33.61720275878906,14138500
2020-12-28,36.61000061035156,36.90999984741211,35.68000030517578,35.689998626708984,33.29997253417969,17137400
2020-12-29,35.900001525878906,36.290000915527344,35.59000015258789,35.7400016784668,33.34663009643555,19650400
2020-12-30,35.790000915527344,36.560001373291016,35.77000045776367,36.560001373291016,34.11171340942383,18311400
2020-12-31,36.560001373291016,36.68000030517578,35.79999923706055,36.02000045776367,33.60787582397461,18772700
2021-01-04,37.689998626708984,38.77000045776367,37.31999969482422,38.5099983215332,35.93112564086914,54565100
2021-01-05,39.0,39.0099983215332,38.060001373291016,38.5,35.92179489135742,28068400
2021-01-06,38.130001068115234,38.52000045776367,37.470001220703125,38.459999084472656,35.88447952270508,31826300
2021-01-07,38.31999969482422,38.65999984741211,37.81999969482422,38.369998931884766,35.80050277709961,18728600
2021-01-08,37.45000076293945,37.52000045776367,35.79999923706055,36.52000045776367,34.074398040771484,49003500
2021-01-11,35.779998779296875,36.279998779296875,35.7400016784668,35.779998779296875,33.383949279785156,26242200
2021-01-12,35.88999938964844,36.04999923706055,35.290000915527344,36.040000915527344,33.62653732299805,20901200
2021-01-13,36.0,36.29999923706055,35.619998931884766,35.63999938964844,33.25332260131836,15130300
2021-01-14,35.63999938964844,36.150001525878906,35.459999084472656,35.61000061035156,33.2253303527832,17274600
2021-01-15,35.34000015258789,35.4900016784668,34.47999954223633,34.5099983215332,32.19898986816406,26520200
2021-01-19,35.130001068115234,35.18000030517578,34.56999969482422,34.869998931884766,32.53488540649414,26382600
2021-01-20,35.4900016784668,36.31999969482422,35.400001525878906,36.040000915527344,33.62653732299805,30193200
2021-01-21,36.0,36.040000915527344,35.40999984741211,35.709999084472656,33.31863784790039,19605500
2021-01-22,34.849998474121094,35.540000915527344,34.470001220703125,35.22999954223633,32.870784759521484,27744200
2021-01-25,35.4900016784668,35.7400016784668,34.810001373291016,35.189998626708984,32.83345413208008,15905600
2021-01-26,35.11000061035156,35.529998779296875,35.0099983215332,35.09000015258789,32.74015426635742,13110800
2021-01-27,34.650001525878906,34.66999816894531,33.630001068115234,33.7400016784668,31.480562210083008,31884800
2021-01-28,34.619998931884766,35.38999938964844,34.09000015258789,34.58000183105469,32.264312744140625,35106700
2021-01-29,35.47999954223633,35.68000030517578,34.380001068115234,34.5099983215332,32.19898986816406,21743700
2021-02-01,36.029998779296875,36.279998779296875,35.08000183105469,35.68000030517578,33.290645599365234,33084900
2021-02-02,34.880001068115234,34.97999954223633,34.45000076293945,34.619998931884766,32.30162811279297,22560800
2021-02-03,34.70000076293945,34.95000076293945,34.439998626708984,34.61000061035156,32.29229736328125,16858300
2021-02-04,33.689998626708984,33.970001220703125,33.22999954223633,33.84000015258789,31.573863983154297,26075900
2021-02-05,34.11000061035156,34.689998626708984,33.900001525878906,34.61000061035156,32.29229736328125,20322700
2021-02-08,35.27000045776367,35.4900016784668,34.900001525878906,35.220001220703125,32.8614501953125,18754700
2021-02-09,35.43000030517578,35.47999954223633,34.939998626708984,35.18000030517578,32.824127197265625,18531700
2021-02-10,35.5,35.599998474121094,35.0,35.279998779296875,32.91743087768555,11694000
2021-02-11,35.33000183105469,35.619998931884766,34.65999984741211,34.810001373291016,32.478904724121094,19890700
2021-02-12,34.5,35.119998931884766,34.18000030517578,34.779998779296875,32.45091247558594,15849300
2021-02-16,34.25,34.81999969482422,34.08000183105469,34.09000015258789,31.807119369506836,22539100
2021-02-17,33.54999923706055,33.59000015258789,32.95000076293945,33.220001220703125,30.99538230895996,27632700
2021-02-18,33.16999816894531,33.439998626708984,32.540000915527344,32.790000915527344,30.594179153442383,20776400
2021-02-19,33.09000015258789,33.209999084472656,32.56999969482422,32.7400016784668,30.547529220581055,17823000
2021-02-22,33.25,34.349998474121094,33.06999969482422,34.209999084472656,31.919084548950195,27938300
2021-02-23,33.79999923706055,33.869998931884766,32.810001373291016,33.439998626708984,31.20064926147461,25669700
2021-02-24,32.869998931884766,33.90999984741211,32.650001525878906,33.70000076293945,31.4432373046875,18766000
2021-02-25,33.0099983215332,33.630001068115234,32.20000076293945,32.33000183105469,30.16498374938965,36436000
2021-02-26,31.969999313354492,32.15999984741211,30.899999618530273,31.1299991607666,29.04534149169922,39888800
2021-03-01,31.520000457763672,31.719999313354492,30.719999313354492,30.899999618530273,28.83074378967285,25851400
2021-03-02,31.040000915527344,32.209999084472656,30.969999313354492,31.959999084472656,29.81975746154785,27817700
2021-03-03,31.440000534057617,31.600000381469727,30.639999389648438,31.350000381469727,29.250608444213867,34117000
2021-03-04,31.290000915527344,32.09000015258789,30.799999237060547,31.3700008392334,29.269269943237305,37821800
2021-03-05,31.399999618530273,31.8799991607666,30.899999618530273,31.780000686645508,29.651813507080078,27006800
2021-03-08,31.549999237060547,31.799999237060547,31.190000534057617,31.389999389648438,29.28792953491211,16400600
2021-03-09,32.470001220703125,32.88999938964844,32.099998474121094,32.29999923706055,30.136987686157227,26861900
2021-03-10,32.380001068115234,32.630001068115234,32.08000183105469,32.43000030517578,30.258285522460938,14539000
2021-03-11,32.66999816894531,33.08000183105469,32.52000045776367,33.04999923706055,30.836767196655273,21841600
2021-03-12,32.220001220703125,33.130001068115234,32.08000183105469,33.08000183105469,30.86475944519043,19710900
2021-03-15,33.22999954223633,33.720001220703125,33.13999938964844,33.619998931884766,31.368595123291016,21446200
2021-03-16,33.68000030517578,33.72999954223633,33.33000183105469,33.4900016784668,31.247303009033203,16996000
2021-03-17,33.2599983215332,34.47999954223633,33.0,34.209999084472656,31.919084548950195,24753100
2021-03-18,33.5099983215332,34.130001068115234,33.459999084472656,33.619998931884766,31.368595123291016,18849800
2021-03-19,33.7400016784668,33.91999816894531,33.459999084472656,33.88999938964844,31.620513916015625,17791400
2021-03-22,33.560001373291016,33.959999084472656,33.4900016784668,33.4900016784668,31.247303009033203,14935300
2021-03-23,33.18000030517578,33.2599983215332,32.529998779296875,32.63999938964844,30.454221725463867,17838700
2021-03-24,32.650001525878906,32.77000045776367,32.279998779296875,32.29999923706055,30.136987686157227,14319300
2021-03-25,32.29999923706055,32.52000045776367,31.90999984741211,32.2400016784668,30.081010818481445,16091700
2021-03-26,32.150001525878906,32.79999923706055,32.150001525878906,32.77000045776367,30.575519561767578,15938700
2021-03-29,32.5,32.93000030517578,32.09000015258789,32.86000061035156,30.65949058532715,13768300
2021-03-30,31.989999771118164,32.2400016784668,31.649999618530273,31.829999923706055,29.69846534729004,25441900
2021-03-31,31.899999618530273,32.790000915527344,31.8700008392334,32.5,30.323596954345703,29139800
2021-04-01,32.95000076293945,33.619998931884766,32.84000015258789,33.599998474121094,31.349937438964844,27485600
2021-04-05,33.59000015258789,34.02000045776367,33.369998931884766,33.709999084472656,31.45256805419922,18197300
2021-04-06,34.08000183105469,34.59000015258789,33.97999954223633,34.279998779296875,31.984397888183594,21175700
2021-04-07,34.13999938964844,34.31999969482422,33.849998474121094,33.93000030517578,31.657833099365234,18181900
2021-04-08,34.540000915527344,34.849998474121094,34.439998626708984,34.72999954223633,32.40426254272461,19841100
2021-04-09,34.11000061035156,34.790000915527344,33.97999954223633,34.72999954223633,32.40426254272461,11232300
2021-04-12,34.40999984741211,34.439998626708984,33.83000183105469,33.959999084472656,31.685823440551758,15536200
2021-04-13,34.38999938964844,34.79999923706055,34.29999923706055,34.560001373291016,32.24564743041992,22275900
2021-04-14,34.540000915527344,34.75,34.209999084472656,34.290000915527344,31.993730545043945,14033700
2021-04-15,34.79999923706055,35.959999084472656,34.72999954223633,35.709999084472656,33.31863784790039,31132500
2021-04-16,36.09000015258789,36.130001068115234,35.720001220703125,36.029998779296875,33.61720275878906,18939300
2021-04-19,35.84000015258789,36.099998474121094,35.59000015258789,35.790000915527344,33.393280029296875,12133700
2021-04-20,35.70000076293945,36.33000183105469,35.689998626708984,36.20000076293945,33.77582550048828,22560000
2021-04-21,36.220001220703125,36.84000015258789,36.130001068115234,36.83000183105469,34.3636360168457,18613600
2021-04-22,36.630001068115234,36.65999984741211,35.959999084472656,36.18000030517578,33.75716018676758,18554100
2021-04-23,36.5,36.619998931884766,35.95000076293945,36.060001373291016,33.64520263671875,10513900
2021-04-26,36.119998931884766,36.18000030517578,35.810001373291016,35.97999954223633,33.570552825927734,9254200
2021-04-27,36.029998779296875,36.060001373291016,35.25,35.29999923706055,32.936092376708984,16330800
2021-04-28,34.880001068115234,35.720001220703125,34.709999084472656,35.45000076293945,33.076045989990234,20209800
2021-04-29,35.029998779296875,35.119998931884766,34.380001068115234,34.77000045776367,32.44158172607422,23574800
2021-04-30,34.56999969482422,34.84000015258789,34.310001373291016,34.36000061035156,32.05904006958008,20959000
2021-05-03,34.97999954223633,35.88999938964844,34.90999984741211,35.68000030517578,33.290645599365234,31858500
2021-05-04,35.65999984741211,36.33000183105469,34.97999954223633,35.310001373291016,32.94542694091797,19222300
2021-05-05,35.47999954223633,35.689998626708984,35.13999938964844,35.61000061035156,33.2253303527832,19052300
2021-05-06,35.90999984741211,37.08000183105469,35.880001068115234,36.7599983215332,34.29832077026367,33315100
2021-05-07,37.369998931884766,37.58000183105469,37.0099983215332,37.41999816894531,34.914119720458984,28018400
2021-05-10,37.97999954223633,38.220001220703125,37.31999969482422,37.380001068115234,34.876800537109375,24645400
2021-05-11,36.630001068115234,37.66999816894531,36.5,37.63999938964844,35.119388580322266,19510800
2021-05-12,37.54999923706055,37.7599983215332,36.7400016784668,36.86000061035156,34.391624450683594,23166300
2021-05-13,36.720001220703125,37.18000030517578,36.43000030517578,36.93000030517578,34.45693588256836,14635100
2021-05-14,37.31999969482422,37.95000076293945,37.2400016784668,37.84000015258789,35.30599594116211,19785900
2021-05-17,38.27000045776367,39.900001525878906,38.130001068115234,39.68000030517578,37.02277755737305,44330800
2021-05-18,39.779998779296875,39.88999938964844,39.029998779296875,39.630001068115234,36.976131439208984,22379000
2021-05-19,39.290000915527344,40.130001068115234,38.599998474121094,39.040000915527344,36.425636291503906,34676400
2021-05-20,39.09000015258789,39.79999923706055,38.91999816894531,39.5099983215332,36.86416244506836,17187800
2021-05-21,39.7400016784668,39.7599983215332,38.90999984741211,39.290000915527344,36.658897399902344,15441300
2021-05-24,39.380001068115234,39.65999984741211,39.16999816894531,39.43000030517578,36.789520263671875,11962100
2021-05-25,39.36000061035156,39.689998626708984,38.869998931884766,39.52000045776367,36.873497009277344,18295900
2021-05-26,39.68000030517578,40.0,39.209999084472656,39.459999084472656,36.81751251220703,17944700
2021-05-27,39.2599983215332,39.400001525878906,39.02000045776367,39.209999084472656,36.584251403808594,15494100
2021-05-28,38.9900016784668,39.439998626708984,38.77000045776367,39.41999816894531,36.78018569946289,12656400
2021-06-01,39.63999938964844,39.880001068115234,39.16999816894531,39.4900016784668,36.84550857543945,14270600
2021-06-02,39.58000183105469,39.790000915527344,39.34000015258789,39.540000915527344,36.89215850830078,11231600
2021-06-03,38.619998931884766,38.630001068115234,38.02000045776367,38.16999816894531,35.613895416259766,32174200
2021-06-04,38.560001373291016,38.959999084472656,38.459999084472656,38.68000030517578,36.08974838256836,16937400
2021-06-07,38.54999923706055,38.709999084472656,38.209999084472656,38.650001525878906,36.0617561340332,13293100
2021-06-08,38.43000030517578,38.59000015258789,38.04999923706055,38.099998474121094,35.548583984375,17455800
2021-06-09,38.150001525878906,38.47999954223633,37.9900016784668,38.0,35.455284118652344,14511100
2021-06-10,38.06999969482422,38.9900016784668,37.970001220703125,38.95000076293945,36.34166717529297,22342300
2021-06-11,38.70000076293945,38.880001068115234,38.18000030517578,38.279998779296875,35.71653366088867,18857300
2021-06-14,37.56999969482422,38.279998779296875,37.400001525878906,38.029998779296875,35.483272552490234,15826400
2021-06-15,38.060001373291016,38.130001068115234,37.40999984741211,37.59000015258789,35.07273864746094,17405700
2021-06-16,37.529998779296875,37.91999816894531,36.72999954223633,36.77000045776367,34.30765151977539,29702900
2021-06-17,35.58000183105469,36.040000915527344,34.790000915527344,34.93000030517578,32.59086608886719,69043900
2021-06-18,34.84000015258789,35.099998474121094,34.099998474121094,34.130001068115234,31.844446182250977,34367700
2021-06-21,34.65999984741211,34.95000076293945,34.2400016784668,34.77000045776367,32.44158172607422,25070600
2021-06-22,34.599998474121094,34.810001373291016,34.40999984741211,34.54999923706055,32.2363166809082,17989800
2021-06-23,35.0099983215332,35.18000030517578,34.33000183105469,34.33000183105469,32.03105163574219,22658200
2021-06-24,34.63999938964844,34.72999954223633,34.290000915527344,34.439998626708984,32.13368225097656,17146600
2021-06-25,34.90999984741211,34.95000076293945,34.220001220703125,34.36000061035156,32.05904006958008,14417300
2021-06-28,34.31999969482422,34.439998626708984,33.720001220703125,33.97999954223633,31.704483032226562,19354800
2021-06-29,33.38999938964844,33.970001220703125,33.29999923706055,33.63999938964844,31.38725471496582,15484500
2021-06-30,33.63999938964844,34.209999084472656,33.5,33.97999954223633,31.704483032226562,15159300
2021-07-01,34.470001220703125,34.52000045776367,33.7599983215332,33.959999084472656,31.685823440551758,12172200
2021-07-02,34.38999938964844,34.59000015258789,34.04999923706055,34.41999816894531,32.11502456665039,14496600
2021-07-06,35.02000045776367,35.04999923706055,34.16999816894531,34.52000045776367,32.20832443237305,19947100
2021-07-07,34.7400016784668,34.790000915527344,34.290000915527344,34.560001373291016,32.24564743041992,14493700
2021-07-08,34.619998931884766,34.689998626708984,33.38999938964844,33.68000030517578,31.424579620361328,27118300
2021-07-09,33.79999923706055,34.4900016784668,33.7599983215332,34.369998931884766,32.06836700439453,18204500
2021-07-12,34.20000076293945,34.560001373291016,33.83000183105469,33.88999938964844,31.620513916015625,20292400
2021-07-13,34.0,34.91999816894531,33.91999816894531,34.279998779296875,31.984397888183594,21065700
2021-07-14,35.09000015258789,35.15999984741211,34.58000183105469,34.7400016784668,32.413597106933594,15714200
2021-07-15,34.84000015258789,35.029998779296875,34.630001068115234,34.970001220703125,32.628196716308594,14196100
2021-07-16,34.84000015258789,34.84000015258789,33.83000183105469,33.91999816894531,31.64850616455078,28735000
2021-07-19,33.52000045776367,33.709999084472656,32.869998931884766,33.189998626708984,30.967390060424805,29921500
2021-07-20,33.38999938964844,33.810001373291016,33.04999923706055,33.29999923706055,31.07002067565918,17990800
2021-07-21,33.029998779296875,33.72999954223633,32.970001220703125,33.619998931884766,31.368595123291016,15417900
2021-07-22,33.689998626708984,33.689998626708984,33.04999923706055,33.40999984741211,31.172657012939453,15667800
2021-07-23,33.20000076293945,33.31999969482422,32.91999816894531,33.150001525878906,30.930068969726562,12587700
2021-07-26,33.060001373291016,33.7599983215332,33.0099983215332,33.5,31.25663185119629,13565000
2021-07-27,33.650001525878906,33.72999954223633,33.290000915527344,33.68000030517578,31.424579620361328,14112900
2021-07-28,33.5099983215332,34.189998626708984,33.380001068115234,34.189998626708984,31.900421142578125,16424400
2021-07-29,34.75,35.369998931884766,34.70000076293945,35.06999969482422,32.721492767333984,29054900
2021-07-30,34.79999923706055,35.279998779296875,34.70000076293945,34.91999816894531,32.581539154052734,12405300
2021-08-02,34.91999816894531,34.9900016784668,34.66999816894531,34.779998779296875,32.45091247558594,11315800
2021-08-03,34.790000915527344,35.130001068115234,34.63999938964844,35.09000015258789,32.74015426635742,11237300
2021-08-04,35.599998474121094,35.81999969482422,34.7599983215332,34.779998779296875,32.45091247558594,16927200
2021-08-05,34.77000045776367,34.84000015258789,34.18000030517578,34.2599983215332,31.96573829650879,14194100
2021-08-06,33.380001068115234,33.4900016784668,32.869998931884766,33.2400016784668,31.014041900634766,34008700
2021-08-09,32.79999923706055,33.08000183105469,32.38999938964844,32.43000030517578,30.258285522460938,29020200
2021-08-10,32.31999969482422,32.470001220703125,31.920000076293945,32.02000045776367,29.875741958618164,23545600
2021-08-11,32.43000030517578,32.900001525878906,32.38999938964844,32.65999984741211,30.472883224487305,22827000
2021-08-12,32.470001220703125,32.470001220703125,31.899999618530273,32.15999984741211,30.006366729736328,17913100
2021-08-13,32.58000183105469,32.959999084472656,32.47999954223633,32.81999969482422,30.622169494628906,16207000
2021-08-16,32.86000061035156,32.939998626708984,32.45000076293945,32.63999938964844,30.454221725463867,12143000
2021-08-17,32.529998779296875,32.65999984741211,32.0099983215332,32.25,30.090341567993164,20321200
2021-08-18,32.33000183105469,32.33000183105469,31.25,31.489999771118164,29.381235122680664,32163200
2021-08-19,31.43000030517578,31.450000762939453,30.889999389648438,30.959999084472656,28.8867244720459,24668400
2021-08-20,30.850000381469727,31.139999389648438,30.690000534057617,30.850000381469727,28.784090042114258,18101500
2021-08-23,31.6299991607666,32.349998474121094,31.350000381469727,32.119998931884766,29.969045639038086,34967700
2021-08-24,32.36000061035156,32.369998931884766,31.989999771118164,32.11000061035156,29.959714889526367,12994500
2021-08-25,31.950000762939453,31.969999313354492,31.40999984741211,31.68000030517578,29.558509826660156,20259400
2021-08-26,31.459999084472656,31.8700008392334,31.3700008392334,31.479999542236328,29.37190055847168,18155600
2021-08-27,31.43000030517578,32.72999954223633,31.290000915527344,32.61000061035156,30.426231384277344,43782900
2021-08-30,32.61000061035156,32.70000076293945,32.099998474121094,32.16999816894531,30.01569366455078,17423200
2021-08-31,32.2599983215332,32.630001068115234,32.189998626708984,32.599998474121094,30.416902542114258,23492700
2021-09-01,32.779998779296875,32.83000183105469,32.36000061035156,32.380001068115234,30.211633682250977,17135600
2021-09-02,32.40999984741211,32.5099983215332,32.18000030517578,32.5,30.323596954345703,14716700
2021-09-03,32.9900016784668,33.52000045776367,32.869998931884766,33.279998779296875,31.051362991333008,27203900
2021-09-07,32.88999938964844,33.060001373291016,32.220001220703125,32.349998474121094,30.18364143371582,23521600
2021-09-08,32.31999969482422,32.47999954223633,31.8700008392334,32.189998626708984,30.03435707092285,18090100
2021-09-09,32.439998626708984,32.4900016784668,31.739999771118164,31.959999084472656,29.81975746154785,20938800
2021-09-10,31.950000762939453,32.119998931884766,31.5,31.5,29.39056396484375,16890300
2021-09-13,31.68000030517578,32.40999984741211,31.600000381469727,32.11000061035156,29.959714889526367,24638000
2021-09-14,32.279998779296875,32.619998931884766,31.989999771118164,32.27000045776367,30.10900115966797,17580100
2021-09-15,32.02000045776367,32.5099983215332,31.969999313354492,32.2599983215332,30.099668502807617,13130900
2021-09-16,31.530000686645508,31.559999465942383,30.59000015258789,30.920000076293945,28.849403381347656,54399900
2021-09-17,30.690000534057617,30.729999542236328,30.350000381469727,30.579999923706055,28.53217124938965,26397400
2021-09-20,30.34000015258789,30.579999923706055,30.06999969482422,30.450000762939453,28.410877227783203,26368700
2021-09-21,30.739999771118164,31.049999237060547,30.40999984741211,30.469999313354492,28.42953872680664,23278500
2021-09-22,30.700000762939453,31.239999771118164,30.459999084472656,30.5,28.457529067993164,26826400
2021-09-23,30.290000915527344,30.329999923706055,29.8799991607666,29.889999389648438,27.888378143310547,28658400
2021-09-24,29.670000076293945,30.0,29.540000915527344,29.68000030517578,27.69244384765625,14285400
2021-09-27,29.829999923706055,30.239999771118164,29.6299991607666,29.68000030517578,27.69244384765625,16001600
2021-09-28,29.239999771118164,29.510000228881836,28.969999313354492,29.3700008392334,27.403202056884766,35629500
2021-09-29,29.290000915527344,29.420000076293945,28.829999923706055,28.90999984741211,26.9740047454834,34065800
2021-09-30,29.280000686645508,29.950000762939453,29.110000610351562,29.469999313354492,27.496505737304688,29802700
2021-10-01,29.68000030517578,29.690000534057617,29.1200008392334,29.329999923706055,27.365880966186523,20670200
2021-10-04,29.229999542236328,29.899999618530273,29.229999542236328,29.670000076293945,27.68311309814453,25250600
2021-10-05,29.540000915527344,29.850000381469727,29.170000076293945,29.780000686645508,27.78574562072754,21309600
2021-10-06,29.559999465942383,30.34000015258789,29.489999771118164,30.34000015258789,28.308246612548828,28606900
2021-10-07,30.09000015258789,30.690000534057617,30.049999237060547,30.399999618530273,28.364227294921875,18266900
2021-10-08,31.1299991607666,31.360000610351562,30.579999923706055,30.670000076293945,28.616146087646484,28715200
2021-10-11,30.709999084472656,31.09000015258789,30.510000228881836,30.579999923706055,28.53217124938965,17432600
2021-10-12,30.799999237060547,31.260000228881836,30.549999237060547,31.139999389648438,29.054672241210938,25183500
2021-10-13,31.43000030517578,32.31999969482422,31.389999389648438,32.150001525878906,29.997037887573242,36491500
2021-10-14,32.599998474121094,32.93000030517578,32.40999984741211,32.849998474121094,30.650157928466797,25068100
2021-10-15,32.150001525878906,32.72999954223633,31.8799991607666,32.52000045776367,30.342260360717773,19730700
2021-10-18,32.400001525878906,32.529998779296875,32.08000183105469,32.220001220703125,30.062349319458008,15584500
2021-10-19,32.86000061035156,32.88999938964844,32.29999923706055,32.5,30.323596954345703,13999700
2021-10-20,32.849998474121094,33.15999984741211,32.599998474121094,32.86000061035156,30.65949058532715,15369500
2021-10-21,32.72999954223633,32.77000045776367,32.5,32.72999954223633,30.538196563720703,13482600
2021-10-22,33.29999923706055,33.95000076293945,32.81999969482422,32.9900016784668,30.780786514282227,29547100
2021-10-25,33.439998626708984,33.709999084472656,33.2599983215332,33.45000076293945,31.20998191833496,16885100
2021-10-26,33.18000030517578,33.380001068115234,33.02000045776367,33.25,31.023372650146484,14855600
2021-10-27,33.22999954223633,33.400001525878906,32.95000076293945,33.099998474121094,30.8834171295166,14192900
2021-10-28,33.16999816894531,33.16999816894531,32.5,32.59000015258789,30.407569885253906,16147300
2021-10-29,32.060001373291016,32.22999954223633,31.700000762939453,31.709999084472656,29.58650016784668,19838500
2021-11-01,31.770000457763672,32.0099983215332,31.420000076293945,31.860000610351562,29.726457595825195,13055100
2021-11-02,31.639999389648438,31.65999984741211,31.260000228881836,31.530000686645508,29.418556213378906,13406500
2021-11-03,31.09000015258789,31.989999771118164,30.959999084472656,31.860000610351562,29.726457595825195,19631400
2021-11-04,32.290000915527344,32.689998626708984,31.690000534057617,31.75,29.623821258544922,20728600
2021-11-05,32.11000061035156,32.75,31.84000015258789,32.75,30.556854248046875,23291800
2021-11-08,33.09000015258789,33.13999938964844,32.65999984741211,32.900001525878906,30.696813583374023,16769000
2021-11-09,33.029998779296875,33.31999969482422,32.56999969482422,33.31999969482422,31.08868408203125,15970100
2021-11-10,34.13999938964844,34.5,33.689998626708984,33.90999984741211,31.639177322387695,41093000
2021-11-11,34.720001220703125,34.83000183105469,34.310001373291016,34.70000076293945,32.37627410888672,25332800
2021-11-12,34.45000076293945,35.0099983215332,34.220001220703125,34.77000045776367,32.44158172607422,16472200
2021-11-15,34.790000915527344,35.0099983215332,34.470001220703125,34.900001525878906,32.5628776550293,12670000
2021-11-16,34.880001068115234,35.08000183105469,34.27000045776367,34.290000915527344,31.993730545043945,17878700
2021-11-17,34.689998626708984,34.970001220703125,34.41999816894531,34.560001373291016,32.24564743041992,15595600
2021-11-18,34.5099983215332,34.68000030517578,34.11000061035156,34.2400016784668,31.94707489013672,16487300
2021-11-19,34.15999984741211,34.41999816894531,33.65999984741211,33.66999816894531,31.41524314880371,22133100
2021-11-22,33.02000045776367,33.47999954223633,32.54999923706055,33.0,30.79011344909668,29994000
2021-11-23,32.52000045776367,32.810001373291016,32.150001525878906,32.5,30.323596954345703,20537700
2021-11-24,32.220001220703125,32.619998931884766,32.16999816894531,32.41999816894531,30.248952865600586,13253000
2021-11-26,32.79999923706055,32.79999923706055,31.639999389648438,32.119998931884766,29.969045639038086,21061800
2021-11-29,32.029998779296875,32.15999984741211,31.670000076293945,32.130001068115234,29.978374481201172,15302700
2021-11-30,32.400001525878906,33.029998779296875,31.639999389648438,31.799999237060547,29.670473098754883,30280600
2021-12-01,32.20000076293945,32.47999954223633,30.81999969482422,30.829999923706055,28.765430450439453,30323900
2021-12-02,30.8799991607666,30.8799991607666,30.09000015258789,30.459999084472656,28.420207977294922,27617300
2021-12-03,30.489999771118164,30.729999542236328,30.049999237060547,30.690000534057617,28.634807586669922,21055600
2021-12-06,30.559999465942383,31.229999542236328,30.469999313354492,31.1200008392334,29.036012649536133,16423300
2021-12-07,31.149999618530273,31.59000015258789,31.100000381469727,31.34000015258789,29.24127769470215,12973000
2021-12-08,31.25,31.520000457763672,31.079999923706055,31.489999771118164,29.381235122680664,9604700
2021-12-09,31.18000030517578,31.190000534057617,30.530000686645508,30.68000030517578,28.625476837158203,19843700
2021-12-10,30.940000534057617,30.950000762939453,30.299999237060547,30.489999771118164,28.448200225830078,13045500
2021-12-13,30.530000686645508,30.8700008392334,30.360000610351562,30.510000228881836,28.466861724853516,23841300
2021-12-14,30.0,30.549999237060547,30.0,30.110000610351562,28.093647003173828,16925600
2021-12-15,30.0,30.0,28.899999618530273,29.700000762939453,27.711105346679688,34443000
2021-12-16,30.1299991607666,31.239999771118164,30.1200008392334,31.190000534057617,29.1013240814209,38341100
2021-12-17,31.350000381469727,31.770000457763672,31.06999969482422,31.1299991607666,29.04534149169922,25227600
2021-12-20,30.559999465942383,30.639999389648438,30.149999618530273,30.59000015258789,29.040597915649414,18245700
2021-12-21,30.8799991607666,30.920000076293945,30.389999389648438,30.81999969482422,29.258943557739258,15176000
2021-12-22,30.90999984741211,31.18000030517578,30.479999542236328,31.15999984741211,29.581724166870117,19852100
2021-12-23,31.110000610351562,31.389999389648438,30.829999923706055,31.299999237060547,29.714632034301758,15213500
2021-12-27,31.239999771118164,31.479999542236328,31.040000915527344,31.329999923706055,29.743112564086914,11629800
2021-12-28,31.329999923706055,31.65999984741211,31.06999969482422,31.09000015258789,29.51527214050293,15665100
2021-12-29,30.84000015258789,31.540000915527344,30.84000015258789,31.219999313354492,29.63868522644043,13900900
2021-12-30,31.219999313354492,31.829999923706055,31.219999313354492,31.780000686645508,30.170320510864258,14496700
2021-12-31,32.0099983215332,32.08000183105469,31.719999313354492,32.029998779296875,30.407655715942383,12553700
2022-01-03,31.420000076293945,31.530000686645508,31.209999084472656,31.25,29.667163848876953,18828900
2022-01-04,31.440000534057617,31.8700008392334,31.309999465942383,31.3799991607666,29.790578842163086,15468300
2022-01-05,31.709999084472656,32.029998779296875,30.790000915527344,30.850000381469727,29.287424087524414,26211100
2022-01-06,30.170000076293945,30.3799991607666,29.739999771118164,29.760000228881836,28.252635955810547,28579300
2022-01-07,29.959999084472656,30.170000076293945,29.6200008392334,30.010000228881836,28.489973068237305,19982900
2022-01-10,29.8700008392334,30.540000915527344,29.649999618530273,30.510000228881836,28.96464729309082,24142700
2022-01-11,30.6200008392334,31.15999984741211,30.389999389648438,31.139999389648438,29.56273651123047,20294700
2022-01-12,31.270000457763672,31.709999084472656,31.06999969482422,31.709999084472656,30.103864669799805,19838600
2022-01-13,31.559999465942383,31.739999771118164,31.229999542236328,31.239999771118164,29.657670974731445,15356900
2022-01-14,31.299999237060547,31.31999969482422,30.729999542236328,30.969999313354492,29.40134620666504,15586500
2022-01-18,30.889999389648438,31.149999618530273,30.479999542236328,30.600000381469727,29.05008888244629,16739600
2022-01-19,31.020000457763672,32.939998626708984,30.940000534057617,32.790000915527344,31.12916374206543,52590000
2022-01-20,33.11000061035156,33.189998626708984,32.33000183105469,32.33000183105469,30.69246482849121,26417600
2022-01-21,32.58000183105469,32.599998474121094,31.479999542236328,31.649999618530273,30.046903610229492,30274200
2022-01-24,31.579999923706055,31.59000015258789,30.43000030517578,31.450000762939453,29.85703468322754,32161600
2022-01-25,31.110000610351562,31.81999969482422,30.84000015258789,31.65999984741211,30.056398391723633,26669500
2022-01-26,31.3799991607666,31.889999389648438,30.3799991607666,30.6299991607666,29.078569412231445,38945900
2022-01-27,29.8700008392334,30.610000610351562,29.639999389648438,29.68000030517578,28.176687240600586,32087700
2022-01-28,29.329999923706055,29.3799991607666,28.8700008392334,29.299999237060547,27.815935134887695,25046400
2022-01-31,29.559999465942383,30.239999771118164,29.510000228881836,30.229999542236328,28.698827743530273,22555400
2022-02-01,30.549999237060547,30.719999313354492,30.030000686645508,30.530000686645508,28.98363494873047,16090400
2022-02-02,30.610000610351562,31.040000915527344,30.25,30.6299991607666,29.078569412231445,15417300
2022-02-03,30.450000762939453,30.65999984741211,29.940000534057617,30.25,28.717815399169922,17862600
2022-02-04,30.059999465942383,30.729999542236328,29.969999313354492,30.399999618530273,28.860218048095703,20375700
2022-02-07,30.639999389648438,31.450000762939453,30.420000076293945,31.299999237060547,29.714632034301758,24160500
2022-02-08,31.25,31.649999618530273,31.149999618530273,31.649999618530273,30.046903610229492,14835300
2022-02-09,31.760000228881836,31.979999542236328,31.530000686645508,31.59000015258789,29.989944458007812,19078700
2022-02-10,31.420000076293945,31.8799991607666,30.549999237060547,30.690000534057617,29.135530471801758,29800100
2022-02-11,30.770000457763672,32.779998779296875,30.729999542236328,32.43000030517578,30.787397384643555,42381000
2022-02-14,32.540000915527344,33.15999984741211,32.52000045776367,33.09000015258789,31.413965225219727,29274700
2022-02-15,32.220001220703125,32.619998931884766,31.809999465942383,32.4900016784668,30.8443603515625,25748600
2022-02-16,32.68000030517578,33.66999816894531,32.66999816894531,33.529998779296875,31.83167839050293,28483300
2022-02-17,34.029998779296875,35.11000061035156,33.779998779296875,34.779998779296875,33.01836395263672,45115400
2022-02-18,34.83000183105469,34.849998474121094,34.209999084472656,34.5,32.7525520324707,23469300
2022-02-22,34.720001220703125,34.959999084472656,33.900001525878906,34.11000061035156,32.382301330566406,23123900
2022-02-23,34.060001373291016,35.02000045776367,34.0099983215332,34.7400016784668,32.98039627075195,24488400
2022-02-24,36.04999923706055,36.06999969482422,33.43000030517578,34.06999969482422,32.344329833984375,51288800
2022-02-25,33.68000030517578,34.47999954223633,33.459999084472656,34.38999938964844,32.64812088012695,22922200
2022-02-28,35.08000183105469,35.11000061035156,34.099998474121094,34.380001068115234,32.63862609863281,25871800
2022-03-01,34.75,35.86000061035156,34.689998626708984,35.86000061035156,34.04366683959961,39068400
2022-03-02,35.310001373291016,35.81999969482422,34.95000076293945,35.72999954223633,33.920249938964844,26242100
2022-03-03,35.630001068115234,36.02000045776367,35.34000015258789,36.02000045776367,34.195560455322266,23492400
2022-03-04,36.279998779296875,37.599998474121094,36.189998626708984,37.400001525878906,35.50566482543945,40778000
2022-03-07,37.689998626708984,38.54999923706055,37.20000076293945,38.36000061035156,36.41703796386719,46921200
2022-03-08,38.83000183105469,40.2599983215332,37.88999938964844,38.56999969482422,36.61640167236328,80295600
2022-03-09,36.84000015258789,38.310001373291016,36.5,38.130001068115234,36.19868850708008,39938300
2022-03-10,38.40999984741211,39.31999969482422,38.369998931884766,38.90999984741211,36.939178466796875,29088600
2022-03-11,37.79999923706055,38.54999923706055,37.61000061035156,38.290000915527344,36.3505859375,28285200
2022-03-14,37.380001068115234,37.54999923706055,36.2599983215332,36.72999954223633,34.869598388671875,38456800
2022-03-15,35.75,37.31999969482422,35.66999816894531,36.900001525878906,35.03099060058594,26134300
2022-03-16,36.70000076293945,37.11000061035156,36.029998779296875,37.0099983215332,35.135414123535156,28941600
2022-03-17,37.40999984741211,38.369998931884766,37.38999938964844,37.70000076293945,35.790470123291016,26488200
2022-03-18,37.2400016784668,37.880001068115234,36.970001220703125,37.220001220703125,35.334781646728516,30921100
2022-03-21,37.45000076293945,38.56999969482422,37.45000076293945,38.150001525878906,36.217681884765625,24683500
2022-03-22,38.209999084472656,38.209999084472656,37.25,37.7599983215332,35.84742736816406,17183900
2022-03-23,38.029998779296875,38.77000045776367,37.849998474121094,38.720001220703125,36.75880813598633,20446300
2022-03-24,39.08000183105469,39.369998931884766,38.45000076293945,38.560001373291016,36.606910705566406,21581000
2022-03-25,38.290000915527344,38.75,38.119998931884766,38.720001220703125,36.75880813598633,10075600
2022-03-28,38.130001068115234,38.16999816894531,37.58000183105469,37.70000076293945,35.790470123291016,21267700
2022-03-29,36.900001525878906,38.25,36.65999984741211,38.220001220703125,36.28413009643555,18139800
2022-03-30,38.2599983215332,38.86000061035156,38.25,38.650001525878906,36.692352294921875,14993000
2022-03-31,38.72999954223633,39.11000061035156,38.33000183105469,38.349998474121094,36.40754318237305,17229800
2022-04-01,38.119998931884766,39.529998779296875,38.06999969482422,39.4900016784668,37.48980712890625,23745700
2022-04-04,39.720001220703125,39.79999923706055,38.65999984741211,39.13999938964844,37.15753173828125,18744400
2022-04-05,39.380001068115234,39.880001068115234,38.099998474121094,38.279998779296875,36.34109115600586,26451000
2022-04-06,38.25,38.650001525878906,37.79999923706055,38.18000030517578,36.24615478515625,19222700
2022-04-07,38.29999923706055,39.0099983215332,38.16999816894531,38.72999954223633,36.7682991027832,17500500
2022-04-08,38.93000030517578,39.810001373291016,38.900001525878906,39.66999816894531,37.660682678222656,21664600
2022-04-11,40.209999084472656,40.380001068115234,39.0,39.45000076293945,37.45182800292969,20697500
2022-04-12,40.0,40.529998779296875,39.45000076293945,39.79999923706055,37.78410339355469,22313700
2022-04-13,40.22999954223633,40.880001068115234,39.97999954223633,40.689998626708984,38.62902069091797,22805800
2022-04-14,40.52000045776367,40.95000076293945,40.15999984741211,40.86000061035156,38.7904167175293,21680800
2022-04-18,41.279998779296875,41.61000061035156,40.81999969482422,40.869998931884766,38.799903869628906,21406400
2022-04-19,40.22999954223633,40.59000015258789,39.40999984741211,39.70000076293945,37.68916702270508,23777100
2022-04-20,39.59000015258789,40.209999084472656,39.25,40.130001068115234,38.09738540649414,23025900
2022-04-21,39.59000015258789,39.599998474121094,37.720001220703125,38.09000015258789,36.16071319580078,42409900
2022-04-22,37.04999923706055,37.7599983215332,36.709999084472656,36.939998626708984,35.06896209716797,33747200
2022-04-25,35.470001220703125,36.16999816894531,34.880001068115234,35.66999816894531,33.863285064697266,38894700
2022-04-26,35.86000061035156,36.0099983215332,34.880001068115234,34.900001525878906,33.13228988647461,24442700
2022-04-27,34.95000076293945,35.380001068115234,34.65999984741211,34.70000076293945,32.942420959472656,15275400
2022-04-28,34.81999969482422,35.5099983215332,34.56999969482422,35.40999984741211,33.616458892822266,24486000
2022-04-29,35.77000045776367,36.09000015258789,34.97999954223633,34.9900016784668,33.217735290527344,20033700
2022-05-02,34.08000183105469,34.68000030517578,33.720001220703125,34.54999923706055,32.800018310546875,29034400
2022-05-03,34.68000030517578,35.470001220703125,34.68000030517578,35.11000061035156,33.3316535949707,19495900
2022-05-04,35.06999969482422,35.93000030517578,34.630001068115234,35.779998779296875,33.967716217041016,28204500
2022-05-05,36.099998474121094,36.16999816894531,34.130001068115234,34.630001068115234,32.87596893310547,35966800
2022-05-06,34.47999954223633,34.720001220703125,33.9900016784668,34.2400016784668,32.50571823120117,21303700
2022-05-09,33.36000061035156,33.56999969482422,32.189998626708984,32.22999954223633,30.59752655029297,34739700
2022-05-10,32.66999816894531,32.91999816894531,31.309999465942383,31.690000534057617,30.084880828857422,25276200
2022-05-11,32.209999084472656,32.84000015258789,31.610000610351562,31.649999618530273,30.046903610229492,27714300
2022-05-12,30.979999542236328,31.139999389648438,29.65999984741211,30.18000030517578,28.6513614654541,35862800
2022-05-13,30.1200008392334,31.139999389648438,30.1200008392334,30.8799991607666,29.315906524658203,27278800
2022-05-16,30.790000915527344,31.270000457763672,30.739999771118164,31.18000030517578,29.600709915161133,15573500
2022-05-17,31.56999969482422,31.65999984741211,31.0,31.239999771118164,29.657670974731445,16582400
2022-05-18,31.1200008392334,31.280000686645508,30.43000030517578,30.450000762939453,28.907684326171875,18448300
2022-05-19,31.239999771118164,32.36000061035156,31.229999542236328,32.150001525878906,30.521581649780273,30947600
2022-05-20,32.16999816894531,32.2400016784668,31.540000915527344,32.060001373291016,30.436140060424805,19963500
2022-05-23,32.63999938964844,32.83000183105469,31.90999984741211,32.25,30.61651611328125,16314400
2022-05-24,32.279998779296875,32.95000076293945,32.0099983215332,32.7400016784668,31.08169937133789,17950400
2022-05-25,32.34000015258789,32.66999816894531,32.11000061035156,32.59000015258789,30.939292907714844,13881200
2022-05-26,32.38999938964844,32.79999923706055,32.150001525878906,32.38999938964844,30.74942398071289,12079100
2022-05-27,32.66999816894531,32.7400016784668,32.220001220703125,32.5099983215332,30.86334228515625,11892200
2022-05-31,32.369998931884766,32.91999816894531,31.549999237060547,31.729999542236328,30.122852325439453,21929000
2022-06-01,32.02000045776367,32.29999923706055,31.600000381469727,31.979999542236328,30.36018943786621,14071100
2022-06-02,32.41999816894531,33.52000045776367,32.400001525878906,33.349998474121094,31.660795211791992,21415300
2022-06-03,32.93000030517578,33.279998779296875,32.470001220703125,32.560001373291016,30.91081428527832,14528300
2022-06-06,32.84000015258789,32.95000076293945,31.969999313354492,32.220001220703125,30.588035583496094,12275800
2022-06-07,32.15999984741211,32.630001068115234,32.099998474121094,32.529998779296875,30.88233184814453,11530600
2022-06-08,32.380001068115234,32.689998626708984,32.130001068115234,32.310001373291016,30.673477172851562,9693300
2022-06-09,32.099998474121094,32.150001525878906,31.06999969482422,31.09000015258789,29.51527214050293,21702400
2022-06-10,30.639999389648438,32.79999923706055,30.360000610351562,32.56999969482422,30.920307159423828,35438100
2022-06-13,31.270000457763672,31.610000610351562,30.469999313354492,30.469999313354492,28.926671981811523,32964400
2022-06-14,30.579999923706055,30.579999923706055,29.399999618530273,29.700000762939453,28.195674896240234,22331600
2022-06-15,30.450000762939453,30.6200008392334,29.34000015258789,30.190000534057617,28.660856246948242,25359400
2022-06-16,29.899999618530273,30.989999771118164,29.450000762939453,30.760000228881836,29.201984405517578,28773200
2022-06-17,30.700000762939453,30.790000915527344,30.139999389648438,30.389999389648438,28.850725173950195,17456900
2022-06-21,30.350000381469727,30.950000762939453,30.190000534057617,30.5,28.95515251159668,15825200
2022-06-22,30.469999313354492,30.979999542236328,30.059999465942383,30.079999923706055,28.556425094604492,20321600
2022-06-23,29.940000534057617,30.309999465942383,28.639999389648438,28.90999984741211,27.44568634033203,30743900
2022-06-24,29.030000686645508,29.780000686645508,28.700000762939453,29.65999984741211,28.157699584960938,21579700
2022-06-27,29.459999084472656,29.579999923706055,29.059999465942383,29.469999313354492,27.977323532104492,17945700
2022-06-28,29.719999313354492,29.780000686645508,28.81999969482422,28.8700008392334,27.407712936401367,18484000
2022-06-29,29.15999984741211,29.270000457763672,28.18000030517578,28.440000534057617,26.999492645263672,17375400
2022-06-30,28.229999542236328,28.399999618530273,27.329999923706055,27.3799991607666,25.993183135986328,24080100
2022-07-01,26.959999084472656,28.3700008392334,26.829999923706055,28.15999984741211,26.733673095703125,30977700
2022-07-05,27.68000030517578,27.93000030517578,26.459999084472656,26.959999084472656,25.59445571899414,29004400
2022-07-06,27.0,27.170000076293945,26.040000915527344,26.790000915527344,25.433067321777344,24663600
2022-07-07,27.010000228881836,27.610000610351562,26.8700008392334,27.15999984741211,25.784326553344727,17608500
2022-07-08,27.270000457763672,27.610000610351562,26.81999969482422,27.059999465942383,25.689390182495117,13882200
2022-07-11,26.690000534057617,27.170000076293945,26.579999923706055,26.649999618530273,25.30015754699707,19039300
2022-07-12,26.65999984741211,26.920000076293945,26.139999389648438,26.260000228881836,24.92991065979004,16844900
2022-07-13,26.059999465942383,27.3799991607666,26.030000686645508,26.829999923706055,25.471040725708008,30708300
2022-07-14,25.75,25.889999389648438,24.920000076293945,25.709999084472656,24.40776824951172,45394400
2022-07-15,25.8799991607666,25.8799991607666,25.139999389648438,25.59000015258789,24.293848037719727,19211500
2022-07-18,26.0,26.350000381469727,25.709999084472656,25.709999084472656,24.40776824951172,16172900
2022-07-19,25.920000076293945,26.299999237060547,25.700000762939453,26.020000457763672,24.702068328857422,14987700
2022-07-20,26.110000610351562,26.260000228881836,25.229999542236328,25.260000228881836,23.980562210083008,20189300
2022-07-21,25.3700008392334,25.889999389648438,25.209999084472656,25.739999771118164,24.43625259399414,19919200
2022-07-22,25.850000381469727,26.540000915527344,25.299999237060547,25.40999984741211,24.122966766357422,27424800
2022-07-25,25.31999969482422,25.420000076293945,24.3799991607666,24.59000015258789,23.344497680664062,29327000
2022-07-26,24.65999984741211,25.170000076293945,24.65999984741211,25.100000381469727,23.82866668701172,21849400
2022-07-27,25.15999984741211,25.670000076293945,24.809999465942383,25.530000686645508,24.236888885498047,33157200
2022-07-28,26.260000228881836,26.360000610351562,25.670000076293945,26.0,24.683080673217773,33677200
2022-07-29,26.18000030517578,26.389999389648438,25.530000686645508,26.270000457763672,24.939407348632812,25835300
2022-08-01,26.389999389648438,26.5,25.969999313354492,26.209999084472656,24.882444381713867,15231000
2022-08-02,26.350000381469727,26.940000534057617,25.8700008392334,25.8799991607666,24.56915855407715,28314600
2022-08-03,26.06999969482422,26.079999923706055,25.290000915527344,25.540000915527344,24.246381759643555,29568800
2022-08-04,25.799999237060547,26.780000686645508,25.6299991607666,26.43000030517578,25.09130096435547,25570800
2022-08-05,25.809999465942383,26.299999237060547,25.450000762939453,26.280000686645508,24.948902130126953,25529800
2022-08-08,26.770000457763672,27.299999237060547,26.719999313354492,27.0,25.632431030273438,23601600
2022-08-09,27.190000534057617,27.209999084472656,26.479999542236328,26.940000534057617,25.575469970703125,16504700
2022-08-10,27.290000915527344,27.579999923706055,26.8700008392334,27.1299991607666,25.755844116210938,18701400
2022-08-11,27.280000686645508,27.389999389648438,26.56999969482422,26.6200008392334,25.271678924560547,18682200
2022-08-12,26.850000381469727,27.260000228881836,26.719999313354492,27.219999313354492,25.841285705566406,17810000
2022-08-15,26.579999923706055,26.729999542236328,26.31999969482422,26.6299991607666,25.281169891357422,16144300
2022-08-16,26.5,26.780000686645508,26.31999969482422,26.729999542236328,25.3761043548584,11741800
2022-08-17,26.489999771118164,26.530000686645508,25.700000762939453,25.780000686645508,24.474225997924805,29384000
2022-08-18,25.850000381469727,26.049999237060547,25.049999237060547,25.809999465942383,24.502704620361328,13036800
2022-08-19,25.690000534057617,25.690000534057617,25.18000030517578,25.25,23.9710693359375,15279100
2022-08-22,24.959999084472656,25.389999389648438,24.8700008392334,25.270000457763672,23.990055084228516,12544800
2022-08-23,25.3700008392334,26.219999313354492,25.329999923706055,25.700000762939453,24.398277282714844,18062300
2022-08-24,25.559999465942383,25.979999542236328,25.299999237060547,25.90999984741211,24.597640991210938,14510700
2022-08-25,26.15999984741211,26.219999313354492,25.760000228881836,26.1299991607666,24.806495666503906,10157500
2022-08-26,26.020000457763672,26.190000534057617,24.690000534057617,24.899999618530273,23.638797760009766,29536500
2022-08-29,24.790000915527344,25.149999618530273,24.510000228881836,24.610000610351562,23.363487243652344,22795300
2022-08-30,24.579999923706055,24.610000610351562,23.90999984741211,24.079999923706055,22.860332489013672,22031900
2022-08-31,24.020000457763672,24.239999771118164,23.799999237060547,23.799999237060547,22.594512939453125,18461800
2022-09-01,23.350000381469727,23.489999771118164,22.969999313354492,23.059999465942383,21.89199447631836,33299000
2022-09-02,23.549999237060547,24.209999084472656,23.260000228881836,23.790000915527344,22.585020065307617,30245300
2022-09-06,23.8700008392334,24.25,23.399999618530273,23.440000534057617,22.25274658203125,23844000
2022-09-07,23.43000030517578,24.510000228881836,23.280000686645508,24.31999969482422,23.08817481994629,26791700
2022-09-08,24.100000381469727,24.520000457763672,23.889999389648438,24.360000610351562,23.126150131225586,21459400
2022-09-09,24.760000228881836,25.149999618530273,24.690000534057617,25.100000381469727,23.82866668701172,20847200
2022-09-12,25.639999389648438,25.709999084472656,25.280000686645508,25.450000762939453,24.16094207763672,20706400
2022-09-13,24.530000686645508,25.1299991607666,24.350000381469727,24.420000076293945,23.1831111907959,31353100
2022-09-14,24.56999969482422,24.889999389648438,24.420000076293945,24.469999313354492,23.230573654174805,18318400
2022-09-15,24.239999771118164,24.489999771118164,23.520000457763672,23.739999771118164,22.537551879882812,34626100
2022-09-16,23.360000610351562,24.299999237060547,23.15999984741211,24.0,22.78438377380371,30933800
2022-09-19,23.6200008392334,24.43000030517578,23.520000457763672,24.420000076293945,23.1831111907959,20269900
2022-09-20,24.049999237060547,24.049999237060547,23.5,23.75,22.547046661376953,20117000
2022-09-21,24.0,24.489999771118164,23.389999389648438,23.829999923706055,22.62299346923828,32189400
2022-09-22,23.979999542236328,24.25,23.559999465942383,23.739999771118164,22.537551879882812,22426500
2022-09-23,23.0,23.040000915527344,22.200000762939453,22.440000534057617,21.30339813232422,43070400
2022-09-26,22.399999618530273,22.549999237060547,21.520000457763672,21.860000610351562,20.752775192260742,38198700
2022-09-27,22.270000457763672,22.59000015258789,21.959999084472656,22.0,20.885683059692383,19460300
2022-09-28,22.5,23.579999923706055,22.489999771118164,23.579999923706055,22.385656356811523,40035400
2022-09-29,23.360000610351562,23.729999542236328,23.010000228881836,23.690000534057617,22.49008560180664,34381400
2022-09-30,23.6200008392334,24.549999237060547,23.510000228881836,24.1200008392334,22.898305892944336,37430400
2022-10-03,24.5,25.059999465942383,24.299999237060547,25.040000915527344,23.771709442138672,35531500
2022-10-04,25.489999771118164,26.110000610351562,25.329999923706055,25.75,24.445743560791016,34280800
2022-10-05,25.190000534057617,25.389999389648438,24.709999084472656,25.3700008392334,24.084991455078125,26009100
2022-10-06,25.209999084472656,25.68000030517578,25.030000686645508,25.649999618530273,24.35080909729004,25143700
2022-10-07,25.149999618530273,25.43000030517578,24.389999389648438,24.389999389648438,23.154626846313477,29761500
2022-10-10,23.979999542236328,24.549999237060547,23.920000076293945,24.020000457763672,22.803369522094727,17472600
2022-10-11,24.06999969482422,24.59000015258789,23.75,23.809999465942383,22.604005813598633,25190000
2022-10-12,23.850000381469727,24.18000030517578,23.649999618530273,24.020000457763672,22.803369522094727,18407700
2022-10-13,23.0,23.8700008392334,22.489999771118164,23.739999771118164,22.537551879882812,28872900
2022-10-14,23.540000915527344,23.56999969482422,22.700000762939453,22.719999313354492,21.569215774536133,22558800
2022-10-17,23.40999984741211,23.770000457763672,23.3700008392334,23.450000762939453,22.262243270874023,18687100
2022-10-18,23.780000686645508,23.850000381469727,23.31999969482422,23.610000610351562,22.414138793945312,17248800
2022-10-19,23.1200008392334,23.260000228881836,22.770000457763672,22.889999389648438,21.730602264404297,20047400
2022-10-20,23.020000457763672,23.790000915527344,22.889999389648438,23.18000030517578,22.005916595458984,21703000
2022-10-21,23.309999465942383,24.350000381469727,23.190000534057617,24.34000015258789,23.107158660888672,30203300
2022-10-24,24.030000686645508,24.09000015258789,23.5,23.93000030517578,22.717927932739258,24087500
2022-10-25,24.049999237060547,24.56999969482422,24.010000228881836,24.40999984741211,23.17361831665039,28223900
2022-10-26,24.700000762939453,25.399999618530273,24.670000076293945,25.1299991607666,23.857145309448242,23852900
2022-10-27,25.260000228881836,25.360000610351562,24.809999465942383,24.81999969482422,23.562849044799805,21524800
2022-10-28,24.5,24.739999771118164,24.280000686645508,24.719999313354492,23.467912673950195,16034900
2022-10-31,24.3700008392334,24.530000686645508,24.1299991607666,24.15999984741211,22.936279296875,21769400
2022-11-01,24.84000015258789,25.059999465942383,24.56999969482422,24.700000762939453,23.448928833007812,23337200
2022-11-02,24.8700008392334,24.979999542236328,23.229999542236328,23.25,22.072372436523438,43806400
2022-11-03,22.979999542236328,23.100000381469727,22.579999923706055,22.68000030517578,21.53124237060547,30349500
2022-11-04,23.760000228881836,24.989999771118164,23.75,24.950000762939453,23.68626594543457,46797200
2022-11-07,25.100000381469727,25.25,24.649999618530273,25.149999618530273,23.87613296508789,28855200
2022-11-08,25.170000076293945,26.950000762939453,25.040000915527344,26.65999984741211,25.309650421142578,50666500
2022-11-09,26.530000686645508,27.020000457763672,26.15999984741211,26.239999771118164,24.910926818847656,31653500
2022-11-10,27.780000686645508,28.309999465942383,27.309999465942383,28.209999084472656,26.781143188476562,46849500
2022-11-11,28.290000915527344,28.34000015258789,27.829999923706055,28.299999237060547,26.86658477783203,23159900
2022-11-14,28.1299991607666,28.3799991607666,27.8799991607666,28.1200008392334,26.695703506469727,20061300
2022-11-15,28.440000534057617,28.489999771118164,27.579999923706055,27.850000381469727,26.43937873840332,29900700
2022-11-16,27.639999389648438,27.989999771118164,27.530000686645508,27.530000686645508,26.135583877563477,15708600
2022-11-17,27.059999465942383,27.280000686645508,26.84000015258789,27.1200008392334,25.746353149414062,24647700
2022-11-18,27.040000915527344,27.40999984741211,26.920000076293945,27.3700008392334,25.983692169189453,28557400
2022-11-21,27.170000076293945,27.260000228881836,26.760000228881836,27.18000030517578,25.803314208984375,21118100
2022-11-22,27.40999984741211,28.260000228881836,27.3700008392334,28.260000228881836,26.828611373901367,29686300
2022-11-23,28.25,28.780000686645508,28.0,28.709999084472656,27.255817413330078,34294200
2022-11-25,28.600000381469727,28.690000534057617,28.34000015258789,28.440000534057617,26.999492645263672,19297900
2022-11-28,28.350000381469727,28.3700008392334,27.25,27.299999237060547,25.917236328125,33665500
2022-11-29,27.719999313354492,28.299999237060547,27.709999084472656,28.149999618530273,26.72418212890625,35118700
2022-11-30,28.530000686645508,29.239999771118164,28.09000015258789,29.049999237060547,27.578596115112305,36827500
2022-12-01,29.729999542236328,30.270000457763672,29.440000534057617,30.040000915527344,28.51845359802246,50107700
2022-12-02,29.3700008392334,30.010000228881836,29.15999984741211,29.920000076293945,28.404531478881836,35815500
2022-12-05,29.6299991607666,29.6299991607666,28.75,28.84000015258789,27.379234313964844,42576900
2022-12-06,29.200000762939453,29.540000915527344,28.770000457763672,28.850000381469727,27.38872718811035,25644000
2022-12-07,29.06999969482422,29.729999542236328,29.059999465942383,29.40999984741211,27.920360565185547,38808500
2022-12-08,29.639999389648438,29.829999923706055,29.260000228881836,29.40999984741211,27.920360565185547,18092100
2022-12-09,29.690000534057617,30.100000381469727,29.040000915527344,29.06999969482422,27.59758186340332,24143000
2022-12-12,28.829999923706055,28.989999771118164,28.43000030517578,28.940000534057617,27.474166870117188,24168700
2022-12-13,30.030000686645508,30.459999084472656,29.469999313354492,29.780000686645508,28.271621704101562,27695800
2022-12-14,29.790000915527344,29.959999084472656,29.09000015258789,29.6299991607666,28.129220962524414,21961300
2022-12-15,28.790000915527344,28.989999771118164,28.290000915527344,28.31999969482422,26.885568618774414,29060400
2022-12-16,28.329999923706055,28.790000915527344,28.1200008392334,28.600000381469727,27.151391983032227,23730900
2022-12-19,28.219999313354492,28.34000015258789,27.549999237060547,27.65999984741211,26.70343589782715,19577300
2022-12-20,28.200000762939453,28.90999984741211,28.110000610351562,28.739999771118164,27.74608612060547,26872000
2022-12-21,28.979999542236328,29.31999969482422,28.899999618530273,29.079999923706055,28.07432746887207,21455400
2022-12-22,28.6299991607666,28.790000915527344,28.1200008392334,28.760000228881836,27.76539421081543,20148800
2022-12-23,28.850000381469727,29.219999313354492,28.3799991607666,28.8700008392334,27.87158966064453,16348000
2022-12-27,29.079999923706055,29.989999771118164,28.860000610351562,29.600000381469727,28.576345443725586,19464100
2022-12-28,29.350000381469727,29.389999389648438,28.540000915527344,28.68000030517578,27.688161849975586,19542300
2022-12-29,29.030000686645508,29.229999542236328,28.739999771118164,28.81999969482422,27.823318481445312,9649200
2022-12-30,28.8700008392334,28.920000076293945,28.40999984741211,28.65999984741211,27.66884994506836,12476200
2023-01-03,29.329999923706055,30.049999237060547,29.25,29.65999984741211,28.63426971435547,25649100
2023-01-04,30.280000686645508,31.079999923706055,30.149999618530273,30.920000076293945,29.850692749023438,34447800
2023-01-05,30.350000381469727,30.690000534057617,30.030000686645508,30.649999618530273,29.590030670166016,22716800
2023-01-06,31.18000030517578,31.68000030517578,30.68000030517578,31.559999465942383,30.468563079833984,32615400
2023-01-09,31.950000762939453,31.969999313354492,31.25,31.260000228881836,30.178937911987305,31134600
2023-01-10,31.3799991607666,31.8700008392334,31.200000762939453,31.84000015258789,30.73887825012207,16411300
2023-01-11,32.0,32.08000183105469,31.260000228881836,31.56999969482422,30.47821617126465,16050800
2023-01-12,32.11000061035156,32.29999923706055,31.549999237060547,32.18000030517578,31.067121505737305,26636800
2023-01-13,32.18000030517578,32.75,32.13999938964844,32.650001525878906,31.520870208740234,22740500
2023-01-17,32.279998779296875,32.31999969482422,31.329999923706055,31.520000457763672,30.429946899414062,28431300
2023-01-18,32.060001373291016,32.22999954223633,31.209999084472656,31.209999084472656,30.130664825439453,18027500
2023-01-19,31.459999084472656,32.20000076293945,31.25,32.02000045776367,30.912654876708984,31665300
2023-01-20,31.760000228881836,32.439998626708984,31.59000015258789,32.41999816894531,31.298818588256836,22162100
2023-01-23,32.029998779296875,32.41999816894531,31.709999084472656,32.400001525878906,31.27951431274414,24634900
2023-01-24,32.25,32.79999923706055,31.8700008392334,32.72999954223633,31.598100662231445,19363200
2023-01-25,32.31999969482422,33.34000015258789,32.2599983215332,33.27000045776367,32.119422912597656,21882900
2023-01-26,33.16999816894531,33.16999816894531,32.40999984741211,32.7599983215332,31.627059936523438,20056100
2023-01-27,32.599998474121094,32.630001068115234,32.09000015258789,32.310001373291016,31.192626953125,18369000
2023-01-30,32.209999084472656,32.369998931884766,31.829999923706055,31.829999923706055,30.729225158691406,15401300
2023-01-31,31.729999542236328,32.040000915527344,31.530000686645508,32.02000045776367,30.912654876708984,13269000
2023-02-01,32.0,33.0,31.65999984741211,32.7400016784668,31.607757568359375,27611700
2023-02-02,32.90999984741211,32.939998626708984,31.420000076293945,31.719999313354492,30.623029708862305,39837600
2023-02-03,30.84000015258789,31.110000610351562,30.209999084472656,30.31999969482422,29.27144432067871,35462300
2023-02-06,30.270000457763672,30.420000076293945,30.020000457763672,30.209999084472656,29.16524887084961,19969200
2023-02-07,30.290000915527344,31.0,30.139999389648438,30.6299991607666,29.570724487304688,24785700
2023-02-08,30.780000686645508,30.780000686645508,30.290000915527344,30.3700008392334,29.31971549987793,12449600
2023-02-09,30.700000762939453,30.90999984741211,29.59000015258789,29.760000228881836,28.730812072753906,22281000
2023-02-10,29.809999465942383,29.950000762939453,29.360000610351562,29.6200008392334,28.595651626586914,16416400
2023-02-13,29.520000457763672,29.799999237060547,29.31999969482422,29.579999923706055,28.557035446166992,12356800
2023-02-14,29.34000015258789,29.84000015258789,29.110000610351562,29.639999389648438,28.614961624145508,17614900
2023-02-15,28.959999084472656,28.959999084472656,28.510000228881836,28.790000915527344,27.794357299804688,22878800
2023-02-16,28.479999542236328,28.959999084472656,28.139999389648438,28.670000076293945,27.678508758544922,19613900
2023-02-17,28.290000915527344,28.469999313354492,27.790000915527344,28.40999984741211,27.42749786376953,23330400
2023-02-21,28.270000457763672,28.559999465942383,27.950000762939453,28.110000610351562,27.13787269592285,16102000
2023-02-22,27.889999389648438,27.959999084472656,27.25,27.450000762939453,26.50069808959961,21109400
2023-02-23,27.489999771118164,27.6299991607666,27.1299991607666,27.309999465942383,26.36553955078125,15686500
2023-02-24,26.8799991607666,27.049999237060547,26.639999389648438,26.989999771118164,26.056604385375977,20021000
2023-02-27,27.1200008392334,27.31999969482422,26.950000762939453,27.200000762939453,26.25934600830078,15404900
2023-02-28,27.219999313354492,27.690000534057617,26.950000762939453,27.510000228881836,26.558624267578125,25664000
2023-03-01,27.799999237060547,28.34000015258789,27.719999313354492,28.110000610351562,27.13787269592285,36704800
2023-03-02,28.0,28.209999084472656,27.84000015258789,28.170000076293945,27.195798873901367,14676700
2023-03-03,28.510000228881836,28.639999389648438,28.200000762939453,28.6299991607666,27.639890670776367,15765100
2023-03-06,28.350000381469727,28.489999771118164,27.899999618530273,28.079999923706055,27.108911514282227,16153000
2023-03-07,27.719999313354492,27.799999237060547,26.729999542236328,26.889999389648438,25.960063934326172,34513100
2023-03-08,26.920000076293945,27.3700008392334,26.68000030517578,26.809999465942383,25.882829666137695,23263500
2023-03-09,27.059999465942383,27.329999923706055,26.59000015258789,26.68000030517578,25.757328033447266,20883200
2023-03-10,27.299999237060547,27.950000762939453,27.149999618530273,27.200000762939453,26.25934600830078,35754000
2023-03-13,28.5,29.290000915527344,28.34000015258789,29.100000381469727,28.093637466430664,56706500
2023-03-14,29.030000686645508,29.479999542236328,28.75,29.329999923706055,28.31568145751953,24328900
2023-03-15,29.829999923706055,29.829999923706055,28.940000534057617,29.329999923706055,28.31568145751953,34832600
2023-03-16,29.450000762939453,29.5,28.5,29.15999984741211,28.151561737060547,31403700
2023-03-17,29.739999771118164,31.030000686645508,29.360000610351562,30.579999923706055,29.522451400756836,63723800
2023-03-20,31.020000457763672,31.309999465942383,30.760000228881836,31.110000610351562,30.03412437438965,28656500
2023-03-21,30.6200008392334,30.6299991607666,29.639999389648438,30.0,28.96251106262207,35598100
2023-03-22,30.1200008392334,31.18000030517578,30.040000915527344,30.559999465942383,29.503145217895508,30862300
2023-03-23,30.889999389648438,31.700000762939453,30.649999618530273,31.309999465942383,30.22720718383789,27957400
2023-03-24,31.389999389648438,31.799999237060547,31.110000610351562,31.549999237060547,30.458908081054688,28455900
2023-03-27,30.860000610351562,31.549999237060547,30.739999771118164,31.520000457763672,30.429946899414062,17072000
2023-03-28,31.700000762939453,32.349998474121094,31.43000030517578,32.310001373291016,31.192626953125,24621900
2023-03-29,32.02000045776367,32.369998931884766,31.8799991607666,32.040000915527344,30.931962966918945,17267900
2023-03-30,32.36000061035156,32.630001068115234,32.11000061035156,32.52000045776367,31.39536476135254,18704200
2023-03-31,32.619998931884766,32.72999954223633,32.09000015258789,32.349998474121094,31.23124122619629,18460400
2023-04-03,32.5,33.290000915527344,32.2400016784668,33.08000183105469,31.935998916625977,32416400
2023-04-04,33.11000061035156,34.279998779296875,32.91999816894531,34.189998626708984,33.007606506347656,38919700
2023-04-05,34.52000045776367,34.70000076293945,33.84000015258789,34.34000015258789,33.15242385864258,27676300
2023-04-06,34.20000076293945,34.5099983215332,33.77000045776367,34.43000030517578,33.23931121826172,16111400
2023-04-10,33.970001220703125,34.040000915527344,33.66999816894531,33.9900016784668,32.81452941894531,20707900
2023-04-11,34.2400016784668,35.029998779296875,34.2400016784668,34.58000183105469,33.384124755859375,21024200
2023-04-12,35.130001068115234,35.2400016784668,34.459999084472656,34.91999816894531,33.71236038208008,20592200
2023-04-13,35.47999954223633,36.099998474121094,35.43000030517578,35.869998931884766,34.6295051574707,28524900
2023-04-14,35.369998931884766,35.58000183105469,34.380001068115234,35.09000015258789,33.87648391723633,34145100
2023-04-17,34.66999816894531,34.83000183105469,34.06999969482422,34.29999923706055,33.11380386352539,25510100
2023-04-18,34.40999984741211,35.189998626708984,34.380001068115234,34.54999923706055,33.355159759521484,25445800
2023-04-19,33.93000030517578,34.380001068115234,33.83000183105469,34.08000183105469,32.90141677856445,27055300
2023-04-20,34.310001373291016,34.630001068115234,33.970001220703125,34.060001373291016,32.882102966308594,15975600
2023-04-21,33.7400016784668,34.06999969482422,33.290000915527344,33.61000061035156,32.44766616821289,23143200
2023-04-24,33.54999923706055,33.88999938964844,33.349998474121094,33.709999084472656,32.54420852661133,15115500
2023-04-25,33.599998474121094,33.91999816894531,33.2400016784668,33.77000045776367,32.602134704589844,14439600
2023-04-26,34.16999816894531,34.220001220703125,33.25,33.33000183105469,32.17735290527344,14899900
2023-04-27,33.2400016784668,33.880001068115234,33.060001373291016,33.849998474121094,32.67936706542969,16943200
2023-04-28,33.790000915527344,33.91999816894531,33.310001373291016,33.58000183105469,32.41870880126953,17740100
2023-05-01,34.150001525878906,34.29999923706055,33.369998931884766,33.40999984741211,32.254581451416016,13286700
2023-05-02,33.41999816894531,34.779998779296875,33.34000015258789,34.7400016784668,33.53858947753906,34821200
2023-05-03,34.63999938964844,35.15999984741211,34.52000045776367,34.86000061035156,33.654441833496094,23335800
2023-05-04,35.130001068115234,36.2599983215332,35.099998474121094,35.689998626708984,34.45573425292969,35165200
2023-05-05,34.619998931884766,35.59000015258789,34.52000045776367,35.400001525878906,34.17576599121094,22260200
2023-05-08,35.4900016784668,35.810001373291016,35.15999984741211,35.36000061035156,34.13714599609375,12247900
2023-05-09,35.279998779296875,35.529998779296875,35.09000015258789,35.25,34.03095245361328,9795800
2023-05-10,35.29999923706055,35.349998474121094,34.560001373291016,35.0,33.78960037231445,21045500
2023-05-11,34.68000030517578,34.68000030517578,33.52000045776367,33.52000045776367,32.36077880859375,31069300
2023-05-12,33.5,33.7599983215332,33.29999923706055,33.599998474121094,32.43801498413086,17355800
2023-05-15,33.779998779296875,34.16999816894531,33.709999084472656,33.90999984741211,32.7372932434082,13341900
2023-05-16,33.77000045776367,33.869998931884766,32.810001373291016,33.0099983215332,31.868412017822266,25027400
2023-05-17,33.0,33.02000045776367,32.4900016784668,32.72999954223633,31.598100662231445,19201300
2023-05-18,32.16999816894531,32.220001220703125,31.479999542236328,31.8799991607666,30.77749252319336,31404600
2023-05-19,32.060001373291016,32.58000183105469,31.739999771118164,32.15999984741211,31.04781150817871,18823100
2023-05-22,32.08000183105469,32.22999954223633,31.8700008392334,31.8700008392334,30.767841339111328,13003800
2023-05-23,31.700000762939453,31.940000534057617,31.540000915527344,31.649999618530273,30.555448532104492,13619000
2023-05-24,31.809999465942383,31.81999969482422,30.81999969482422,30.920000076293945,29.850692749023438,23978700
2023-05-25,30.649999618530273,30.65999984741211,30.18000030517578,30.260000228881836,29.21352195739746,21432500
2023-05-26,30.690000534057617,30.799999237060547,30.15999984741211,30.40999984741211,29.35833168029785,16912800
2023-05-30,30.450000762939453,30.579999923706055,30.110000610351562,30.200000762939453,29.155595779418945,23317600
2023-05-31,30.309999465942383,31.25,30.25,30.90999984741211,29.841039657592773,35961000
2023-06-01,31.079999923706055,32.290000915527344,31.030000686645508,32.0099983215332,30.902997970581055,32224600
2023-06-02,32.060001373291016,32.25,31.209999084472656,31.40999984741211,30.323747634887695,26595600
2023-06-05,31.260000228881836,31.770000457763672,31.219999313354492,31.559999465942383,30.468563079833984,12300700
2023-06-06,31.649999618530273,31.700000762939453,31.239999771118164,31.6299991607666,30.53614044189453,11372900
2023-06-07,31.700000762939453,32.2400016784668,30.93000030517578,31.049999237060547,29.976198196411133,23061300
2023-06-08,31.549999237060547,31.8700008392334,31.399999618530273,31.540000915527344,30.44925308227539,18419900
2023-06-09,31.469999313354492,31.549999237060547,31.06999969482422,31.079999923706055,30.00516128540039,12669100
2023-06-12,31.030000686645508,31.25,30.780000686645508,31.239999771118164,30.15962791442871,10282800
2023-06-13,31.43000030517578,31.639999389648438,30.799999237060547,30.889999389648438,29.821733474731445,17547600
2023-06-14,31.260000228881836,31.479999542236328,30.530000686645508,30.8700008392334,29.802425384521484,15747200
2023-06-15,30.770000457763672,31.040000915527344,30.530000686645508,31.0,29.927927017211914,18198300
2023-06-16,31.200000762939453,31.739999771118164,30.899999618530273,31.389999389648438,30.304441452026367,19290300
2023-06-20,30.829999923706055,30.860000610351562,30.1299991607666,30.139999389648438,29.09766960144043,28348000
2023-06-21,30.0,30.260000228881836,29.6200008392334,30.059999465942383,29.020437240600586,16163900
2023-06-22,29.600000381469727,29.920000076293945,29.530000686645508,29.850000381469727,28.817699432373047,18070900
2023-06-23,30.1299991607666,30.34000015258789,29.700000762939453,29.790000915527344,28.75977325439453,15081200
2023-06-26,29.90999984741211,30.299999237060547,29.649999618530273,30.06999969482422,29.03009033203125,14255700
2023-06-27,30.1200008392334,30.18000030517578,29.3700008392334,29.649999618530273,28.624614715576172,23419500
2023-06-28,29.40999984741211,29.579999923706055,29.170000076293945,29.219999313354492,28.20948600769043,25956600
2023-06-29,28.899999618530273,29.6200008392334,28.760000228881836,29.6200008392334,28.595651626586914,17501700
2023-06-30,29.719999313354492,30.1299991607666,29.5,30.110000610351562,29.068708419799805,20732300
2023-07-03,30.25,30.770000457763672,30.170000076293945,30.690000534057617,29.628650665283203,17734800
2023-07-05,30.729999542236328,30.770000457763672,29.809999465942383,29.829999923706055,28.798389434814453,22271400
2023-07-06,29.639999389648438,29.65999984741211,28.90999984741211,29.06999969482422,28.064672470092773,29161500
2023-07-07,29.299999237060547,29.81999969482422,29.25,29.450000762939453,28.43153190612793,16733400
2023-07-10,29.309999465942383,30.149999618530273,29.260000228881836,30.040000915527344,29.001129150390625,24983300
2023-07-11,30.239999771118164,30.469999313354492,30.030000686645508,30.239999771118164,29.194210052490234,14832400
2023-07-12,30.829999923706055,31.950000762939453,30.81999969482422,31.81999969482422,30.71957015991211,44179100
2023-07-13,32.16999816894531,32.2599983215332,31.940000534057617,32.189998626708984,31.07677459716797,19564800
2023-07-14,32.11000061035156,32.400001525878906,31.899999618530273,31.959999084472656,30.854726791381836,15326200
2023-07-17,31.709999084472656,32.11000061035156,31.479999542236328,31.969999313354492,30.864383697509766,9777900
2023-07-18,32.369998931884766,32.91999816894531,32.099998474121094,32.630001068115234,31.501556396484375,20908700
2023-07-19,32.439998626708984,32.56999969482422,32.22999954223633,32.36000061035156,31.240896224975586,9273300
2023-07-20,32.08000183105469,32.209999084472656,31.360000610351562,31.389999389648438,30.304441452026367,22811500
2023-07-21,31.200000762939453,31.56999969482422,31.040000915527344,31.489999771118164,30.400983810424805,12288100
2023-07-24,31.459999084472656,31.600000381469727,31.010000228881836,31.290000915527344,30.207901000976562,10810300
2023-07-25,31.399999618530273,31.889999389648438,31.299999237060547,31.780000686645508,30.680953979492188,14009400
2023-07-26,31.829999923706055,31.829999923706055,31.34000015258789,31.649999618530273,30.555448532104492,14698500
2023-07-27,31.3700008392334,31.389999389648438,30.329999923706055,30.350000381469727,29.30040740966797,38582400
2023-07-28,30.719999313354492,30.860000610351562,30.479999542236328,30.719999313354492,29.657609939575195,18505800
2023-07-31,30.969999313354492,31.75,30.93000030517578,31.40999984741211,30.323747634887695,19185800
2023-08-01,30.719999313354492,30.8700008392334,30.190000534057617,30.229999542236328,29.18455696105957,23841400
2023-08-02,30.1200008392334,30.18000030517578,29.200000762939453,29.280000686645508,28.267410278320312,23963800
2023-08-03,29.360000610351562,29.56999969482422,29.06999969482422,29.280000686645508,28.267410278320312,15663200
2023-08-04,29.56999969482422,29.809999465942383,29.360000610351562,29.559999465942383,28.537729263305664,17468700
2023-08-07,29.520000457763672,29.559999465942383,29.059999465942383,29.329999923706055,28.31568145751953,11421000
2023-08-08,28.950000762939453,29.219999313354492,28.670000076293945,29.079999923706055,28.07432746887207,15440700
2023-08-09,29.15999984741211,29.360000610351562,28.93000030517578,29.1299991607666,28.12259864807129,9574700
2023-08-10,29.399999618530273,29.610000610351562,28.989999771118164,29.170000076293945,28.161216735839844,16827500
2023-08-11,29.010000228881836,29.5,28.950000762939453,29.459999084472656,28.441186904907227,10361000
2023-08-14,29.110000610351562,29.1299991607666,28.5,28.950000762939453,27.948823928833008,12180400
2023-08-15,28.84000015258789,28.860000610351562,28.1299991607666,28.209999084472656,27.23441505432129,20289800
2023-08-16,28.200000762939453,28.239999771118164,27.81999969482422,27.829999923706055,26.867557525634766,13524200
2023-08-17,27.889999389648438,27.979999542236328,27.450000762939453,27.610000610351562,26.65516471862793,16121500
2023-08-18,27.6299991607666,27.6299991607666,27.299999237060547,27.450000762939453,26.50069808959961,18334500
2023-08-21,27.610000610351562,27.75,27.280000686645508,27.709999084472656,26.751707077026367,18225600
2023-08-22,27.81999969482422,27.959999084472656,27.530000686645508,27.950000762939453,26.98340606689453,13706700
2023-08-23,28.260000228881836,28.950000762939453,28.200000762939453,28.739999771118164,27.74608612060547,30561300
2023-08-24,28.649999618530273,28.969999313354492,28.280000686645508,28.68000030517578,27.688161849975586,17080700
2023-08-25,28.6200008392334,28.850000381469727,28.020000457763672,28.399999618530273,27.417844772338867,15352000
2023-08-28,28.540000915527344,29.1299991607666,28.420000076293945,29.0,27.997095108032227,18153900
2023-08-29,28.889999389648438,29.530000686645508,28.81999969482422,29.530000686645508,28.508766174316406,19623200
2023-08-30,29.780000686645508,30.0,29.40999984741211,29.520000457763672,28.49911117553711,14524000
2023-08-31,29.520000457763672,29.6299991607666,29.040000915527344,29.260000228881836,28.248104095458984,16439500
2023-09-01,29.65999984741211,29.850000381469727,29.059999465942383,29.09000015258789,28.083982467651367,20828500
2023-09-05,28.81999969482422,29.030000686645508,28.3700008392334,28.489999771118164,27.504730224609375,19547900
2023-09-06,28.329999923706055,28.739999771118164,28.239999771118164,28.469999313354492,27.485424041748047,14809700
2023-09-07,28.40999984741211,28.459999084472656,28.15999984741211,28.280000686645508,27.30199432373047,13897200
2023-09-08,28.389999389648438,28.809999465942383,28.280000686645508,28.34000015258789,27.359920501708984,17249500
2023-09-11,28.760000228881836,28.959999084472656,28.600000381469727,28.770000457763672,27.775049209594727,13542800
2023-09-12,28.399999618530273,29.040000915527344,28.3799991607666,28.790000915527344,27.794357299804688,9549600
2023-09-13,28.799999237060547,28.979999542236328,28.579999923706055,28.719999313354492,27.726776123046875,10508900
2023-09-14,28.75,29.350000381469727,28.739999771118164,29.110000610351562,28.103290557861328,15558600
2023-09-15,29.420000076293945,29.889999389648438,29.399999618530273,29.719999313354492,28.69219398498535,24778900
2023-09-18,29.639999389648438,29.860000610351562,29.360000610351562,29.75,28.72115707397461,11024000
2023-09-19,29.84000015258789,29.860000610351562,29.309999465942383,29.399999618530273,28.38326072692871,13151200
2023-09-20,29.459999084472656,30.1299991607666,29.440000534057617,29.709999084472656,28.682540893554688,21914100
2023-09-21,29.09000015258789,29.25,28.790000915527344,28.90999984741211,27.910205841064453,23901400
2023-09-22,29.149999618530273,29.420000076293945,28.850000381469727,28.8700008392334,27.87158966064453,15052500
2023-09-25,28.770000457763672,28.790000915527344,28.260000228881836,28.510000228881836,27.52404022216797,16134800
2023-09-26,28.260000228881836,28.329999923706055,27.739999771118164,27.739999771118164,26.780668258666992,18917000
2023-09-27,27.559999465942383,27.600000381469727,26.65999984741211,26.90999984741211,25.979373931884766,33534700
2023-09-28,26.8700008392334,27.079999923706055,26.6200008392334,27.049999237060547,26.114530563354492,28477300
2023-09-29,27.459999084472656,27.59000015258789,26.65999984741211,26.90999984741211,25.979373931884766,23094800
2023-10-02,26.559999465942383,26.559999465942383,25.889999389648438,25.989999771118164,25.091190338134766,28436800
2023-10-03,25.90999984741211,26.280000686645508,25.68000030517578,26.06999969482422,25.16842269897461,25713100
2023-10-04,26.1299991607666,26.170000076293945,25.6200008392334,25.90999984741211,25.01395606994629,17971600
2023-10-05,25.889999389648438,26.329999923706055,25.8799991607666,26.31999969482422,25.409774780273438,15613200
2023-10-06,26.360000610351562,27.100000381469727,26.260000228881836,26.889999389648438,25.960063934326172,25572500
2023-10-09,27.360000610351562,27.600000381469727,27.260000228881836,27.540000915527344,26.587587356567383,23042900
2023-10-10,27.670000076293945,27.8700008392334,27.479999542236328,27.809999465942383,26.848247528076172,18948800
2023-10-11,28.219999313354492,28.34000015258789,27.950000762939453,28.31999969482422,27.340608596801758,22283500
2023-10-12,28.31999969482422,28.420000076293945,27.59000015258789,27.739999771118164,26.780668258666992,22359700
2023-10-13,28.690000534057617,29.110000610351562,28.469999313354492,28.950000762939453,27.948823928833008,34493700
2023-10-16,28.860000610351562,29.190000534057617,28.639999389648438,29.0,27.997095108032227,16394500
2023-10-17,28.979999542236328,29.56999969482422,28.829999923706055,29.530000686645508,28.508766174316406,17620000
2023-10-18,29.979999542236328,30.06999969482422,29.270000457763672,29.450000762939453,28.43153190612793,23181100
2023-10-19,29.450000762939453,29.59000015258789,29.0,29.510000228881836,28.489458084106445,24517100
2023-10-20,29.600000381469727,30.15999984741211,29.469999313354492,29.479999542236328,28.460493087768555,29715300
2023-10-23,29.260000228881836,29.530000686645508,28.709999084472656,29.239999771118164,28.22879409790039,16690200
2023-10-24,28.90999984741211,29.3799991607666,28.8799991607666,29.260000228881836,28.248104095458984,13488300
2023-10-25,29.110000610351562,29.510000228881836,28.760000228881836,28.780000686645508,27.78470230102539,21062700
2023-10-26,28.709999084472656,28.8799991607666,28.09000015258789,28.520000457763672,27.533693313598633,37274000
2023-10-27,28.639999389648438,29.219999313354492,28.31999969482422,29.200000762939453,28.19017791748047,31547300
2023-10-30,29.25,29.360000610351562,28.700000762939453,28.770000457763672,27.775049209594727,21899300
2023-10-31,28.6200008392334,28.850000381469727,27.790000915527344,28.010000228881836,27.041332244873047,30992600
2023-11-01,28.100000381469727,28.329999923706055,27.610000610351562,28.110000610351562,27.13787269592285,29754900
2023-11-02,28.40999984741211,28.40999984741211,27.899999618530273,28.260000228881836,27.282686233520508,15682800
2023-11-03,28.540000915527344,29.809999465942383,28.5,29.469999313354492,28.45083999633789,44113800
2023-11-06,29.3700008392334,29.549999237060547,29.110000610351562,29.149999618530273,28.14190673828125,26550900
2023-11-07,28.770000457763672,28.84000015258789,28.110000610351562,28.59000015258789,27.601272583007812,42313000
2023-11-08,28.329999923706055,28.440000534057617,27.530000686645508,27.690000534057617,26.732397079467773,25654000
2023-11-09,27.780000686645508,28.25,27.40999984741211,27.59000015258789,26.63585662841797,19587000
2023-11-10,27.350000381469727,27.399999618530273,27.020000457763672,27.25,26.307615280151367,19074900
2023-11-13,27.139999389648438,27.389999389648438,27.020000457763672,27.040000915527344,26.10487937927246,13324200
2023-11-14,27.75,28.520000457763672,27.68000030517578,28.329999923706055,27.35026741027832,31498100
2023-11-15,28.360000610351562,28.510000228881836,28.0,28.190000534057617,27.215106964111328,16306700
2023-11-16,28.25,29.06999969482422,28.190000534057617,28.610000610351562,27.620582580566406,34034700
2023-11-17,28.690000534057617,28.860000610351562,28.3799991607666,28.43000030517578,27.446807861328125,14430300
2023-11-20,28.139999389648438,28.540000915527344,27.969999313354492,28.510000228881836,27.52404022216797,15284300
2023-11-21,28.950000762939453,29.600000381469727,28.950000762939453,29.209999084472656,28.199831008911133,28990800
2023-11-22,29.239999771118164,29.399999618530273,29.010000228881836,29.25,28.238449096679688,12381600
2023-11-24,29.260000228881836,29.520000457763672,29.18000030517578,29.31999969482422,28.306026458740234,8156800
2023-11-27,29.709999084472656,29.950000762939453,29.459999084472656,29.790000915527344,28.75977325439453,19761600
2023-11-28,30.149999618530273,31.229999542236328,30.059999465942383,31.219999313354492,30.140321731567383,41105000
2023-11-29,31.219999313354492,31.389999389648438,30.950000762939453,31.200000762939453,30.12101173400879,21026400
2023-11-30,31.06999969482422,31.329999923706055,30.860000610351562,31.31999969482422,30.236862182617188,18194300
2023-12-01,31.239999771118164,31.90999984741211,31.1200008392334,31.809999465942383,30.709915161132812,33533000
2023-12-04,31.1200008392334,31.299999237060547,30.739999771118164,31.020000457763672,29.94723892211914,45796100
2023-12-05,30.690000534057617,30.950000762939453,30.170000076293945,30.479999542236328,29.42591094970703,28217700
2023-12-06,30.84000015258789,30.969999313354492,30.40999984741211,30.420000076293945,29.36798667907715,16837000
2023-12-07,30.6200008392334,30.6299991607666,29.989999771118164,30.31999969482422,29.27144432067871,18815000
2023-12-08,29.68000030517578,30.110000610351562,29.360000610351562,29.68000030517578,28.65357780456543,27561000
2023-12-11,29.34000015258789,29.6299991607666,29.079999923706055,29.549999237060547,28.528072357177734,18238400
2023-12-12,29.649999618530273,29.649999618530273,28.719999313354492,28.860000610351562,27.861936569213867,25652700
2023-12-13,28.8700008392334,30.700000762939453,28.670000076293945,30.700000762939453,29.638303756713867,44140100
2023-12-14,31.18000030517578,31.93000030517578,31.040000915527344,31.309999465942383,30.22720718383789,36945300
2023-12-15,31.110000610351562,31.350000381469727,30.889999389648438,30.950000762939453,29.879657745361328,21266000
2023-12-18,30.719999313354492,30.829999923706055,30.40999984741211,30.729999542236328,30.15441131591797,20872500
2023-12-19,30.899999618530273,31.850000381469727,30.81999969482422,31.549999237060547,30.95905303955078,33525900
2023-12-20,31.6299991607666,31.68000030517578,30.770000457763672,30.780000686645508,30.203475952148438,20212500
2023-12-21,31.299999237060547,31.559999465942383,31.18000030517578,31.350000381469727,30.762798309326172,19965900
2023-12-22,32.0,32.349998474121094,31.559999465942383,31.559999465942383,30.9688663482666,22684400
2023-12-26,31.690000534057617,31.899999618530273,31.469999313354492,31.670000076293945,31.076807022094727,10339500
2023-12-27,31.850000381469727,32.290000915527344,31.790000915527344,31.979999542236328,31.380998611450195,18337500
2023-12-28,31.829999923706055,31.969999313354492,31.149999618530273,31.170000076293945,30.586170196533203,27291700
2023-12-29,31.0,31.15999984741211,30.68000030517578,31.010000228881836,30.429168701171875,19129700
2024-01-02,31.040000915527344,31.239999771118164,30.5,30.559999465942383,29.98759651184082,21612300
2024-01-03,29.90999984741211,30.059999465942383,29.530000686645508,29.760000228881836,29.20258140563965,33470600
2024-01-04,29.850000381469727,29.959999084472656,29.440000534057617,29.770000457763672,29.21239471435547,17862300
2024-01-05,29.809999465942383,30.360000610351562,29.510000228881836,29.770000457763672,29.21239471435547,19585800
2024-01-08,29.290000915527344,29.8700008392334,29.219999313354492,29.700000762939453,29.143707275390625,14185500
2024-01-09,29.770000457763672,29.770000457763672,29.06999969482422,29.170000076293945,28.623632431030273,20971200
2024-01-10,29.139999389648438,29.34000015258789,28.90999984741211,29.110000610351562,28.564756393432617,19691900
2024-01-11,29.139999389648438,29.299999237060547,28.520000457763672,28.889999389648438,28.348875045776367,22435100
2024-01-12,29.719999313354492,30.219999313354492,29.559999465942383,29.700000762939453,29.143707275390625,29232800
2024-01-16,29.209999084472656,29.219999313354492,28.329999923706055,28.389999389648438,27.858240127563477,31802300
2024-01-17,27.950000762939453,27.969999313354492,27.440000534057617,27.510000228881836,26.99472427368164,37527500
2024-01-18,27.790000915527344,27.790000915527344,27.40999984741211,27.59000015258789,27.073225021362305,18315100
2024-01-19,27.809999465942383,27.809999465942383,27.329999923706055,27.690000534057617,27.171354293823242,20568600
2024-01-22,27.329999923706055,27.729999542236328,27.229999542236328,27.600000381469727,27.083038330078125,11064300
2024-01-23,27.81999969482422,28.25,27.709999084472656,28.229999542236328,27.70123863220215,17398100
2024-01-24,28.850000381469727,29.040000915527344,27.690000534057617,27.700000762939453,27.18116569519043,27261800
2024-01-25,28.139999389648438,28.360000610351562,27.989999771118164,28.25,27.720863342285156,17608000
2024-01-26,28.239999771118164,28.459999084472656,28.030000686645508,28.06999969482422,27.544235229492188,14246500
2024-01-29,28.399999618530273,28.399999618530273,27.8700008392334,28.360000610351562,27.82880401611328,16190800
2024-01-30,28.540000915527344,28.59000015258789,27.979999542236328,28.149999618530273,27.62273597717285,15319900
2024-01-31,28.260000228881836,28.770000457763672,27.8700008392334,27.940000534057617,27.416671752929688,28238900
2024-02-01,28.290000915527344,29.139999389648438,28.25,29.030000686645508,28.486255645751953,34102000
2024-02-02,28.209999084472656,28.239999771118164,27.690000534057617,28.020000457763672,27.49517250061035,37211300
2024-02-05,27.459999084472656,27.670000076293945,27.229999542236328,27.360000610351562,26.8475341796875,22148900
2024-02-06,27.489999771118164,27.770000457763672,27.3700008392334,27.719999313354492,27.200790405273438,11292700
2024-02-07,27.649999618530273,27.75,27.3799991607666,27.459999084472656,26.945659637451172,13055900
2024-02-08,27.299999237060547,27.450000762939453,27.170000076293945,27.299999237060547,26.78865623474121,12609500
2024-02-09,27.170000076293945,27.190000534057617,26.770000457763672,26.969999313354492,26.4648380279541,20973700
2024-02-12,26.920000076293945,27.40999984741211,26.850000381469727,27.290000915527344,26.778844833374023,17511300
2024-02-13,26.6200008392334,26.6299991607666,25.68000030517578,25.889999389648438,25.405067443847656,48889000
2024-02-14,25.969999313354492,26.100000381469727,25.690000534057617,26.010000228881836,25.52281951904297,26125900
2024-02-15,26.350000381469727,27.059999465942383,26.34000015258789,26.770000457763672,26.268585205078125,26932000
2024-02-16,26.600000381469727,27.15999984741211,26.520000457763672,26.860000610351562,26.35689926147461,19619200
2024-02-20,27.18000030517578,27.239999771118164,26.8700008392334,26.989999771118164,26.48446273803711,16047500
2024-02-21,27.0,27.0,26.440000534057617,26.81999969482422,26.317649841308594,21673600
2024-02-22,26.700000762939453,26.739999771118164,26.059999465942383,26.15999984741211,25.670011520385742,27627500
2024-02-23,26.25,26.760000228881836,26.010000228881836,26.65999984741211,26.16064453125,27368400
2024-02-26,26.360000610351562,26.360000610351562,26.020000457763672,26.25,25.758323669433594,20293200
2024-02-27,26.270000457763672,26.360000610351562,26.010000228881836,26.030000686645508,25.54244613647461,20494100
2024-02-28,25.920000076293945,25.940000534057617,25.670000076293945,25.780000686645508,25.297128677368164,20071400
2024-02-29,26.329999923706055,26.690000534057617,26.280000686645508,26.360000610351562,25.86626434326172,28381700
2024-03-01,26.709999084472656,27.450000762939453,26.299999237060547,27.329999923706055,26.818096160888672,41346800
2024-03-04,27.799999237060547,28.579999923706055,27.68000030517578,28.510000228881836,27.975994110107422,49404900
2024-03-05,28.979999542236328,29.149999618530273,28.6299991607666,28.65999984741211,28.123184204101562,33710200
2024-03-06,29.049999237060547,29.540000915527344,29.010000228881836,29.15999984741211,28.613819122314453,28673000
2024-03-07,29.5,29.719999313354492,29.34000015258789,29.610000610351562,29.055391311645508,25808800
2024-03-08,29.81999969482422,30.0,29.440000534057617,29.639999389648438,29.084829330444336,32729200
2024-03-11,29.600000381469727,30.34000015258789,29.450000762939453,30.1299991607666,29.565650939941406,28314000
2024-03-12,29.549999237060547,29.6200008392334,29.200000762939453,29.579999923706055,29.02595329284668,25334200
2024-03-13,29.780000686645508,30.489999771118164,29.729999542236328,30.290000915527344,29.722654342651367,24676600
2024-03-14,29.959999084472656,30.09000015258789,29.709999084472656,29.889999389648438,29.33014678955078,22337700
2024-03-15,29.790000915527344,30.079999923706055,29.610000610351562,29.889999389648438,29.33014678955078,22359900
2024-03-18,29.850000381469727,29.93000030517578,29.65999984741211,29.739999771118164,29.182954788208008,25774500
2024-03-19,29.510000228881836,29.530000686645508,29.020000457763672,29.059999465942383,28.51569175720215,28698900
2024-03-20,28.959999084472656,30.520000457763672,28.90999984741211,30.260000228881836,29.69321632385254,35671400
2024-03-21,30.540000915527344,30.84000015258789,29.959999084472656,29.959999084472656,29.398834228515625,34092100
2024-03-22,29.770000457763672,30.049999237060547,29.59000015258789,29.600000381469727,29.045578002929688,21654900
2024-03-25,29.829999923706055,30.389999389648438,29.81999969482422,29.829999923706055,29.271270751953125,17643300
2024-03-26,30.459999084472656,30.469999313354492,29.81999969482422,29.850000381469727,29.290895462036133,13428600
2024-03-27,30.040000915527344,30.969999313354492,30.020000457763672,30.959999084472656,30.380104064941406,26953100
2024-03-28,31.40999984741211,31.780000686645508,31.110000610351562,31.6200008392334,31.02774429321289,28716300
2024-04-01,32.310001373291016,32.43000030517578,31.709999084472656,32.029998779296875,31.43006134033203,27020600
2024-04-02,32.2400016784668,32.4900016784668,31.950000762939453,32.439998626708984,31.832382202148438,34459200
2024-04-03,32.38999938964844,33.2400016784668,32.33000183105469,33.13999938964844,32.51927185058594,30509300
2024-04-04,33.13999938964844,33.310001373291016,32.72999954223633,32.779998779296875,32.166015625,29952400
2024-04-05,33.0,33.9900016784668,32.790000915527344,33.84000015258789,33.20615768432617,41886600
2024-04-08,34.150001525878906,34.27000045776367,33.29999923706055,33.599998474121094,32.97065734863281,24472100
2024-04-09,34.22999954223633,34.59000015258789,33.91999816894531,34.18000030517578,33.539791107177734,29039000
2024-04-10,33.29999923706055,34.060001373291016,32.97999954223633,33.68000030517578,33.049156188964844,33130300
2024-04-11,34.119998931884766,34.4900016784668,33.540000915527344,34.45000076293945,33.80473709106445,22445100
2024-04-12,35.060001373291016,35.7400016784668,33.439998626708984,33.7599983215332,33.12765884399414,71512900
2024-04-15,34.060001373291016,34.13999938964844,33.0,33.529998779296875,32.90196228027344,34573800
2024-04-16,33.04999923706055,33.2599983215332,32.43000030517578,33.029998779296875,32.41133117675781,32547300
2024-04-17,33.31999969482422,33.95000076293945,33.11000061035156,33.54999923706055,32.921592712402344,27931600
2024-04-18,34.029998779296875,34.09000015258789,33.459999084472656,33.75,33.11784362792969,18486400
2024-04-19,33.70000076293945,34.310001373291016,33.70000076293945,34.06999969482422,33.431854248046875,19785100
2024-04-22,32.599998474121094,33.189998626708984,32.43000030517578,32.529998779296875,31.92069435119629,41107700
2024-04-23,32.310001373291016,33.150001525878906,32.20000076293945,33.04999923706055,32.43095779418945,24960500
2024-04-24,32.869998931884766,33.209999084472656,32.790000915527344,33.119998931884766,32.4996452331543,17527600
2024-04-25,33.150001525878906,34.5,32.95000076293945,34.33000183105469,33.68698501586914,46561600
2024-04-26,34.70000076293945,34.95000076293945,34.290000915527344,34.58000183105469,33.93230056762695,21754300
2024-04-29,34.63999938964844,34.959999084472656,34.06999969482422,34.77000045776367,34.118743896484375,17947800
2024-04-30,33.83000183105469,33.9900016784668,33.099998474121094,33.130001068115234,32.50946044921875,41599900
2024-05-01,33.400001525878906,34.20000076293945,33.099998474121094,33.31999969482422,32.695899963378906,30054800
2024-05-02,33.150001525878906,33.81999969482422,32.93000030517578,33.58000183105469,32.95103073120117,22145400
2024-05-03,33.720001220703125,33.88999938964844,33.150001525878906,33.439998626708984,32.81365203857422,23408100
2024-05-06,34.15999984741211,34.470001220703125,34.099998474121094,34.209999084472656,33.56922912597656,21579800
2024-05-07,34.099998474121094,34.27000045776367,33.91999816894531,34.16999816894531,33.52997970581055,10059700
2024-05-08,33.84000015258789,34.470001220703125,33.7400016784668,34.15999984741211,33.520164489746094,17701600
2024-05-09,34.439998626708984,35.43000030517578,34.439998626708984,35.36000061035156,34.69769287109375,30259000
2024-05-10,35.75,35.880001068115234,35.22999954223633,35.25,34.58974838256836,20642300
2024-05-13,35.11000061035156,35.45000076293945,34.66999816894531,34.95000076293945,34.295372009277344,17445500
2024-05-14,35.18000030517578,35.459999084472656,35.040000915527344,35.400001525878906,34.736942291259766,14664200
2024-05-15,35.79999923706055,36.11000061035156,35.060001373291016,35.90999984741211,35.237388610839844,24490500
2024-05-16,35.66999816894531,35.88999938964844,35.33000183105469,35.65999984741211,34.992069244384766,19420400
2024-05-17,36.209999084472656,36.88999938964844,36.0,36.869998931884766,36.17940902709961,38752300
2024-05-20,36.95000076293945,37.470001220703125,36.52000045776367,37.2400016784668,36.542476654052734,24774500
2024-05-21,37.02000045776367,37.220001220703125,36.72999954223633,36.93000030517578,36.238285064697266,17236100
2024-05-22,36.45000076293945,36.560001373291016,35.290000915527344,35.45000076293945,34.78600311279297,37395600
2024-05-23,35.400001525878906,35.650001525878906,34.65999984741211,34.75,34.09911346435547,32337700
2024-05-24,35.2599983215332,35.5,35.13999938964844,35.2599983215332,34.59955978393555,12299700
2024-05-28,36.029998779296875,36.22999954223633,35.709999084472656,36.099998474121094,35.423828125,19222000
2024-05-29,35.66999816894531,35.90999984741211,35.16999816894531,35.189998626708984,34.5308723449707,19201600
2024-05-30,35.310001373291016,35.849998474121094,35.189998626708984,35.560001373291016,34.893943786621094,16118400
2024-05-31,35.79999923706055,35.95000076293945,35.0,35.29999923706055,34.63881301879883,15716500
2024-06-03,35.41999816894531,35.560001373291016,35.130001068115234,35.5099983215332,34.844879150390625,18190800
2024-06-04,34.959999084472656,34.959999084472656,33.95000076293945,34.18000030517578,33.539791107177734,32854000
2024-06-05,34.43000030517578,34.869998931884766,34.08000183105469,34.790000915527344,34.138370513916016,17602600
2024-06-06,34.959999084472656,36.029998779296875,34.779998779296875,36.0099983215332,35.335514068603516,28039600
2024-06-07,34.7400016784668,34.810001373291016,33.4900016784668,33.540000915527344,32.911781311035156,50927700
2024-06-10,33.709999084472656,34.09000015258789,33.45000076293945,34.029998779296875,33.392601013183594,17128500
2024-06-11,33.79999923706055,33.79999923706055,33.34000015258789,33.75,33.11784362792969,15358000
2024-06-12,34.5,34.79999923706055,33.86000061035156,34.0,33.363162994384766,24769000
2024-06-13,33.83000183105469,34.060001373291016,32.959999084472656,33.150001525878906,32.529083251953125,23431300
2024-06-14,33.529998779296875,33.540000915527344,32.959999084472656,33.40999984741211,32.78421401977539,17444700
2024-06-17,33.209999084472656,33.349998474121094,32.84000015258789,33.20000076293945,32.578147888183594,13690900
2024-06-18,33.18000030517578,33.84000015258789,33.06999969482422,33.70000076293945,33.068782806396484,15535100
2024-06-20,34.06999969482422,34.790000915527344,33.869998931884766,34.54999923706055,33.902862548828125,20773000
2024-06-21,34.40999984741211,34.470001220703125,33.79999923706055,33.9900016784668,33.35335159301758,24022300
2024-06-24,34.279998779296875,34.58000183105469,34.119998931884766,34.25,33.60847854614258,18740000
2024-06-25,34.06999969482422,34.099998474121094,33.810001373291016,33.84000015258789,33.20615768432617,11218300
2024-06-26,33.349998474121094,33.900001525878906,33.279998779296875,33.81999969482422,33.1865348815918,13325500
2024-06-27,34.20000076293945,34.43000030517578,34.15999984741211,34.22999954223633,33.5888557434082,11931000
2024-06-28,34.5,34.599998474121094,33.72999954223633,33.93000030517578,33.29447555541992,15818700
2024-07-01,34.09000015258789,34.41999816894531,33.810001373291016,33.88999938964844,33.25522232055664,9041000
2024-07-02,33.86000061035156,34.349998474121094,33.650001525878906,34.02000045776367,33.382789611816406,12883000
2024-07-03,34.54999923706055,35.560001373291016,34.52000045776367,35.279998779296875,34.61918640136719,21553200
2024-07-05,35.880001068115234,36.529998779296875,35.86000061035156,36.27000045776367,35.59064865112305,22021900
2024-07-08,35.86000061035156,36.15999984741211,35.5099983215332,36.099998474121094,35.423828125,16419200
2024-07-09,36.130001068115234,36.369998931884766,35.83000183105469,36.11000061035156,35.43363952636719,8215200
2024-07-10,36.540000915527344,37.16999816894531,36.529998779296875,37.04999923706055,36.35603332519531,20498400
2024-07-11,37.93000030517578,38.150001525878906,37.029998779296875,38.09000015258789,37.376556396484375,27454300
2024-07-12,37.650001525878906,38.310001373291016,37.650001525878906,38.16999816894531,37.455055236816406,16263300
2024-07-15,38.20000076293945,38.58000183105469,37.689998626708984,37.95000076293945,37.23917770385742,20303000
2024-07-16,38.27000045776367,39.31999969482422,38.099998474121094,39.279998779296875,38.54426574707031,24694000
2024-07-17,39.15999984741211,39.40999984741211,38.380001068115234,38.439998626708984,37.71999740600586,23583000
2024-07-18,38.689998626708984,38.689998626708984,37.63999938964844,37.869998931884766,37.160675048828125,17062500
2024-07-19,36.86000061035156,37.709999084472656,36.790000915527344,37.38999938964844,36.689666748046875,22858600
2024-07-22,37.310001373291016,37.58000183105469,36.970001220703125,37.45000076293945,36.74854278564453,15249200
2024-07-23,37.41999816894531,37.560001373291016,37.15999984741211,37.45000076293945,36.74854278564453,8238400
2024-07-24,37.81999969482422,38.380001068115234,37.20000076293945,37.22999954223633,36.53266525268555,20726900
2024-07-25,36.2599983215332,36.560001373291016,35.900001525878906,36.189998626708984,35.512142181396484,31714300
2024-07-26,36.52000045776367,36.7599983215332,36.310001373291016,36.47999954223633,35.79671096801758,15901400
2024-07-29,36.599998474121094,36.70000076293945,36.060001373291016,36.63999938964844,35.953712463378906,10107100
2024-07-30,36.869998931884766,37.029998779296875,36.380001068115234,36.95000076293945,36.25790786743164,12735900
2024-07-31,37.63999938964844,38.0,37.400001525878906,37.93000030517578,37.21955108642578,26227500
2024-08-01,37.95000076293945,38.209999084472656,36.790000915527344,37.27000045776367,36.57191467285156,18198600
2024-08-02,37.7599983215332,38.060001373291016,36.099998474121094,36.47999954223633,35.79671096801758,27344500
2024-08-05,34.29999923706055,35.59000015258789,33.869998931884766,35.34000015258789,34.67806625366211,28615600
2024-08-06,35.150001525878906,36.040000915527344,34.91999816894531,35.630001068115234,34.9626350402832,14294700
2024-08-07,36.099998474121094,36.25,34.58000183105469,34.709999084472656,34.05986404418945,17663300
2024-08-08,35.189998626708984,35.7599983215332,34.7400016784668,35.54999923706055,34.884132385253906,16675700
2024-08-09,35.84000015258789,35.88999938964844,35.209999084472656,35.84000015258789,35.168701171875,9773600
2024-08-12,36.150001525878906,37.11000061035156,36.060001373291016,36.900001525878906,36.20884704589844,23084600
2024-08-13,36.79999923706055,37.5,36.75,37.380001068115234,36.67985534667969,13088400
2024-08-14,37.099998474121094,37.20000076293945,36.56999969482422,37.11000061035156,36.414913177490234,11565000
2024-08-15,37.150001525878906,37.5,36.650001525878906,37.290000915527344,36.5915412902832,14414800
2024-08-16,37.880001068115234,38.4900016784668,37.65999984741211,38.4900016784668,37.769065856933594,25966100
2024-08-19,38.220001220703125,39.25,38.15999984741211,39.220001220703125,38.485389709472656,21162600
2024-08-20,39.65999984741211,39.970001220703125,39.16999816894531,39.5,38.76014709472656,21548600
2024-08-21,39.400001525878906,39.91999816894531,39.099998474121094,39.77000045776367,39.025089263916016,13915600
2024-08-22,39.220001220703125,39.220001220703125,38.540000915527344,38.779998779296875,38.05363082885742,19744100
2024-08-23,39.25,39.560001373291016,38.810001373291016,39.34000015258789,38.60314178466797,15858600
2024-08-26,39.58000183105469,39.66999816894531,39.06999969482422,39.22999954223633,38.49520492553711,9216600
2024-08-27,38.91999816894531,39.2599983215332,38.65999984741211,39.220001220703125,38.485389709472656,8482900
2024-08-28,38.72999954223633,38.72999954223633,38.040000915527344,38.36000061035156,37.64149856567383,16988600
2024-08-29,38.540000915527344,39.13999938964844,38.5099983215332,38.880001068115234,38.15176010131836,13328500
2024-08-30,38.790000915527344,38.97999954223633,38.34000015258789,38.619998931884766,37.89662551879883,13171500
2024-09-03,38.0099983215332,38.11000061035156,36.900001525878906,37.27000045776367,36.57191467285156,25260000
2024-09-04,36.88999938964844,37.36000061035156,36.720001220703125,36.90999984741211,36.218658447265625,15685100
2024-09-05,37.65999984741211,37.83000183105469,37.279998779296875,37.33000183105469,36.63079071044922,16260000
2024-09-06,37.16999816894531,37.43000030517578,36.220001220703125,36.31999969482422,35.63970947265625,19939200
2024-09-09,36.61000061035156,36.880001068115234,36.5099983215332,36.7599983215332,36.07146453857422,15264700
2024-09-10,36.7599983215332,37.22999954223633,36.45000076293945,37.220001220703125,36.52285385131836,13942800
2024-09-11,36.900001525878906,37.40999984741211,36.4900016784668,37.38999938964844,36.689666748046875,10854700
2024-09-12,38.060001373291016,39.43000030517578,38.02000045776367,39.209999084472656,38.47557830810547,35275900
2024-09-13,39.79999923706055,40.220001220703125,39.77000045776367,40.09000015258789,39.33909606933594,27456000
2024-09-16,40.0,40.22999954223633,39.58000183105469,39.88999938964844,39.14284133911133,12162500
2024-09-17,39.70000076293945,40.08000183105469,39.310001373291016,39.4900016784668,38.750335693359375,17906900
2024-09-18,39.7599983215332,40.9900016784668,39.02000045776367,39.060001373291016,38.32838821411133,41241400
2024-09-19,40.099998474121094,40.25,39.2599983215332,39.720001220703125,38.97602462768555,22284500
2024-09-20,40.400001525878906,40.68000030517578,40.060001373291016,40.5099983215332,39.751224517822266,28604400
2024-09-23,40.540000915527344,41.189998626708984,40.29999923706055,40.33000183105469,39.57460403442383,19153300
2024-09-24,40.7400016784668,41.59000015258789,40.34000015258789,41.40999984741211,40.63437271118164,27422400
2024-09-25,41.29999923706055,41.689998626708984,41.18000030517578,41.310001373291016,40.53624725341797,18581100
2024-09-26,41.619998931884766,41.95000076293945,41.220001220703125,41.63999938964844,40.86006164550781,21027600
2024-09-27,41.38999938964844,41.58000183105469,40.310001373291016,40.36000061035156,39.604042053222656,25323400
2024-09-30,40.099998474121094,40.18000030517578,39.349998474121094,39.81999969482422,39.07415008544922,24523200
2024-10-01,40.310001373291016,40.7599983215332,39.959999084472656,40.45000076293945,39.692352294921875,22975900
2024-10-02,40.5,40.790000915527344,40.04999923706055,40.369998931884766,39.61384963989258,13265800
2024-10-03,39.849998474121094,39.869998931884766,39.349998474121094,39.560001373291016,38.81902313232422,17147200
2024-10-04,39.650001525878906,40.189998626708984,39.349998474121094,39.54999923706055,38.809207916259766,15816800
2024-10-07,39.290000915527344,39.29999923706055,38.83000183105469,39.029998779296875,38.298946380615234,15133300
2024-10-08,38.68000030517578,39.0,38.380001068115234,38.9900016784668,38.259700775146484,16180400
2024-10-09,38.439998626708984,38.790000915527344,38.16999816894531,38.790000915527344,38.063446044921875,16477900
2024-10-10,38.9900016784668,39.88999938964844,38.77000045776367,39.869998931884766,39.12321472167969,22975000
2024-10-11,40.029998779296875,40.459999084472656,39.9900016784668,40.04999923706055,39.29984664916992,12060100
2024-10-14,39.93000030517578,40.310001373291016,39.68000030517578,40.15999984741211,39.40778350830078,7455300
2024-10-15,40.130001068115234,40.68000030517578,39.970001220703125,40.68000030517578,39.91804504394531,19942200
2024-10-16,41.150001525878906,41.720001220703125,40.88999938964844,41.0,40.232051849365234,20379100
2024-10-17,41.36000061035156,41.88999938964844,41.18000030517578,41.4900016784668,40.71287155151367,22965700
2024-10-18,42.0,43.310001373291016,41.81999969482422,43.150001525878906,42.34178161621094,31223500
2024-10-21,43.75,44.0099983215332,43.08000183105469,43.220001220703125,42.41046905517578,21060600
2024-10-22,43.52000045776367,44.220001220703125,43.52000045776367,44.09000015258789,43.2641716003418,21161600
2024-10-23,43.5,43.79999923706055,42.90999984741211,43.2599983215332,42.4497184753418,22959800
2024-10-24,43.470001220703125,43.5099983215332,41.400001525878906,42.130001068115234,41.340885162353516,31946100
2024-10-25,41.90999984741211,42.15999984741211,41.40999984741211,41.560001373291016,40.78156280517578,21541200
2024-10-28,41.33000183105469,41.630001068115234,41.22999954223633,41.36000061035156,40.58530807495117,14784900
2024-10-29,41.79999923706055,42.130001068115234,41.47999954223633,42.02000045776367,41.23294448852539,20281300
2024-10-30,41.95000076293945,41.959999084472656,41.029998779296875,41.5099983215332,40.73249435424805,18161400
2024-10-31,40.83000183105469,40.88999938964844,39.869998931884766,40.34000015258789,39.58441162109375,27998400
2024-11-01,40.4900016784668,40.81999969482422,39.849998474121094,39.849998474121094,39.10358810424805,14358100
2024-11-04,40.27000045776367,40.369998931884766,39.70000076293945,39.900001525878906,39.15265655517578,13299700
2024-11-05,40.369998931884766,40.529998779296875,39.869998931884766,40.11000061035156,39.35872268676758,16833300
2024-11-06,38.209999084472656,38.9900016784668,37.560001373291016,38.63999938964844,37.916255950927734,44258400
2024-11-07,39.0,39.79999923706055,38.72999954223633,39.56999969482422,38.828834533691406,26922000
2024-11-08,39.22999954223633,39.34000015258789,38.630001068115234,39.02000045776367,38.28913879394531,22864200
2024-11-11,37.41999816894531,37.72999954223633,36.189998626708984,36.72999954223633,36.042030334472656,45733600
2024-11-12,36.27000045776367,36.459999084472656,35.66999816894531,36.11000061035156,35.43363952636719,37430800
2024-11-13,36.40999984741211,36.63999938964844,35.560001373291016,35.560001373291016,34.893943786621094,24799000
2024-11-14,35.310001373291016,35.970001220703125,35.189998626708984,35.720001220703125,35.05094909667969,34765200
2024-11-15,35.93000030517578,36.18000030517578,35.400001525878906,35.5099983215332,34.844879150390625,20360400
2024-11-18,36.54999923706055,37.279998779296875,36.47999954223633,37.02000045776367,36.326595306396484,33546000
2024-11-19,37.4900016784668,37.93000030517578,37.220001220703125,37.880001068115234,37.17049026489258,22829200
2024-11-20,37.72999954223633,37.849998474121094,37.5099983215332,37.720001220703125,37.01348876953125,16236500
2024-11-21,38.119998931884766,38.20000076293945,37.59000015258789,38.13999938964844,37.42561721801758,21175800
2024-11-22,38.470001220703125,38.56999969482422,38.02000045776367,38.279998779296875,37.56299591064453,19691300
2024-11-25,36.9900016784668,37.2400016784668,36.779998779296875,37.13999938964844,36.4443473815918,31492500
2024-11-26,37.11000061035156,37.40999984741211,36.83000183105469,37.290000915527344,36.5915412902832,9924400
2024-11-27,37.75,37.970001220703125,37.31999969482422,37.45000076293945,36.74854278564453,15286800
2024-11-29,37.720001220703125,37.849998474121094,37.5,37.65999984741211,36.954612731933594,7275300
2024-12-02,37.16999816894531,37.369998931884766,36.709999084472656,36.83000183105469,36.14015579223633,16539100
2024-12-03,37.099998474121094,38.119998931884766,37.099998474121094,37.70000076293945,36.99386215209961,18593800
2024-12-04,37.779998779296875,38.0099983215332,37.54999923706055,37.599998474121094,36.89573287963867,8149100
2024-12-05,37.63999938964844,37.9900016784668,37.13999938964844,37.529998779296875,36.82704544067383,9910000
2024-12-06,37.40999984741211,37.40999984741211,36.7400016784668,36.81999969482422,36.13034439086914,13455700
2024-12-09,38.02000045776367,38.869998931884766,37.90999984741211,37.90999984741211,37.199928283691406,30314300
2024-12-10,38.400001525878906,38.52000045776367,37.90999984741211,37.97999954223633,37.26861572265625,13338500
2024-12-11,38.2400016784668,39.16999816894531,38.08000183105469,39.09000015258789,38.357826232910156,21116900
2024-12-12,38.310001373291016,38.41999816894531,37.619998931884766,37.65999984741211,36.954612731933594,22705200
2024-12-13,37.2400016784668,37.380001068115234,36.4900016784668,36.650001525878906,35.963531494140625,19521400
2024-12-16,36.86000061035156,36.900001525878906,36.290000915527344,36.41999816894531,35.737831115722656,11421200
2024-12-17,35.9900016784668,36.310001373291016,35.790000915527344,36.189998626708984,35.512142181396484,14782900
2024-12-18,35.97999954223633,36.09000015258789,34.36000061035156,34.529998779296875,33.883235931396484,32773200
2024-12-19,34.720001220703125,34.95000076293945,34.189998626708984,34.38999938964844,33.74585723876953,22161700
2024-12-20,34.5,35.119998931884766,34.439998626708984,34.72999954223633,34.079490661621094,27872000
2024-12-23,34.22999954223633,34.47999954223633,33.880001068115234,34.40999984741211,34.16189193725586,14593200
2024-12-24,34.52000045776367,34.58000183105469,34.13999938964844,34.40999984741211,34.16189193725586,5322000
2024-12-26,34.529998779296875,34.7599983215332,34.36000061035156,34.470001220703125,34.221458435058594,8720800
2024-12-27,34.08000183105469,34.380001068115234,33.83000183105469,34.2599983215332,34.012969970703125,10587100
2024-12-30,33.900001525878906,34.0099983215332,33.41999816894531,33.77000045776367,33.52650451660156,18268000
2024-12-31,33.650001525878906,34.04999923706055,33.599998474121094,33.90999984741211,33.665496826171875,8034600
2025-01-02,34.459999084472656,35.400001525878906,34.439998626708984,35.34000015258789,35.08518600463867,24527000
2025-01-03,35.22999954223633,35.29999923706055,34.970001220703125,35.0,34.74763870239258,13694400
2025-01-06,35.0,35.220001220703125,34.52000045776367,34.58000183105469,34.330665588378906,13039000
2025-01-07,35.25,35.86000061035156,34.869998931884766,35.04999923706055,34.79727554321289,16976300
2025-01-08,35.41999816894531,35.970001220703125,35.2599983215332,35.900001525878906,35.64114761352539,25009000
2025-01-10,36.65999984741211,36.900001525878906,35.7400016784668,35.970001220703125,35.71064376831055,19827300
2025-01-13,35.630001068115234,35.65999984741211,35.099998474121094,35.380001068115234,35.12489700317383,15738500
2025-01-14,35.5099983215332,36.40999984741211,35.5099983215332,36.31999969482422,36.05812072753906,16157700
2025-01-15,36.790000915527344,36.91999816894531,36.189998626708984,36.720001220703125,36.45523452758789,17436900
2025-01-16,36.970001220703125,37.16999816894531,36.58000183105469,36.619998931884766,36.355953216552734,13483600
2025-01-17,36.33000183105469,37.02000045776367,36.119998931884766,36.75,36.48501968383789,16420400
2025-01-21,37.11000061035156,37.95000076293945,37.11000061035156,37.61000061035156,37.33881759643555,26496400
2025-01-22,38.0,38.04999923706055,37.310001373291016,37.529998779296875,37.25939178466797,12555800
2025-01-23,37.119998931884766,37.52000045776367,36.84000015258789,37.5,37.229610443115234,12871700
2025-01-24,37.9900016784668,38.15999984741211,37.84000015258789,37.95000076293945,37.676368713378906,13728000
2025-01-27,37.59000015258789,37.59000015258789,36.849998474121094,37.349998474121094,37.080692291259766,15489400
2025-01-28,37.47999954223633,37.790000915527344,37.209999084472656,37.70000076293945,37.42816925048828,10986700
2025-01-29,37.65999984741211,38.25,37.45000076293945,37.900001525878906,37.62672805786133,11319800
2025-01-30,38.65999984741211,39.72999954223633,38.56999969482422,39.41999816894531,39.135765075683594,28590100
2025-01-31,39.52000045776367,39.68000030517578,38.79999923706055,38.959999084472656,38.67908477783203,19903100
2025-02-03,39.220001220703125,39.91999816894531,38.97999954223633,39.560001373291016,39.274757385253906,20541800
2025-02-04,39.869998931884766,40.18000030517578,39.66999816894531,40.029998779296875,39.74136734008789,12813100
2025-02-05,40.369998931884766,41.529998779296875,40.349998474121094,41.040000915527344,40.74408721923828,25371500
2025-02-06,41.06999969482422,41.15999984741211,40.66999816894531,41.130001068115234,40.833438873291016,12224900
2025-02-07,41.5099983215332,41.75,40.849998474121094,40.86000061035156,40.56538391113281,19136200
2025-02-10,41.95000076293945,42.209999084472656,41.79999923706055,41.959999084472656,41.65745162963867,25509400
2025-02-11,41.720001220703125,41.900001525878906,41.38999938964844,41.439998626708984,41.14120101928711,15264200
2025-02-12,41.36000061035156,42.47999954223633,41.099998474121094,42.130001068115234,41.826229095458984,21179300
2025-02-13,42.2599983215332,42.59000015258789,41.720001220703125,42.5099983215332,42.20348358154297,17219600
2025-02-14,42.599998474121094,42.65999984741211,41.0,41.08000183105469,40.78379821777344,26322400
2025-02-18,41.63999938964844,41.720001220703125,41.13999938964844,41.540000915527344,41.240482330322266,21365800
2025-02-19,41.349998474121094,41.70000076293945,41.11000061035156,41.540000915527344,41.240482330322266,12767300
2025-02-20,41.709999084472656,42.56999969482422,41.63999938964844,42.2400016784668,41.9354362487793,16326300
2025-02-21,42.02000045776367,42.029998779296875,40.75,40.79999923706055,40.50581741333008,31767300
2025-02-24,41.16999816894531,41.16999816894531,40.33000183105469,40.970001220703125,40.674591064453125,12704000
2025-02-25,40.65999984741211,40.790000915527344,39.529998779296875,40.380001068115234,40.088844299316406,20002900
2025-02-26,39.810001373291016,41.11000061035156,39.72999954223633,40.86000061035156,40.56538391113281,12880600
2025-02-27,40.20000076293945,40.459999084472656,39.41999816894531,39.459999084472656,39.17547607421875,21976300
2025-02-28,38.86000061035156,39.72999954223633,38.58000183105469,39.720001220703125,39.4336051940918,15602200
2025-03-03,40.38999938964844,40.86000061035156,39.5099983215332,39.709999084472656,39.423675537109375,16743500
2025-03-04,40.45000076293945,40.7599983215332,39.4900016784668,40.279998779296875,39.989566802978516,18770600
2025-03-05,40.20000076293945,41.720001220703125,40.189998626708984,41.70000076293945,41.39932632446289,18539800
2025-03-06,41.369998931884766,41.939998626708984,41.060001373291016,41.36000061035156,41.0617790222168,16373000
2025-03-07,41.41999816894531,42.310001373291016,40.91999816894531,41.63999938964844,41.339759826660156,17132100
2025-03-10,41.380001068115234,41.599998474121094,40.20000076293945,40.5099983215332,40.2179069519043,20333800
2025-03-11,40.900001525878906,42.040000915527344,40.849998474121094,41.84000015258789,41.5383186340332,22449300
2025-03-12,41.459999084472656,42.11000061035156,41.220001220703125,41.900001525878906,41.59788513183594,17152200
2025-03-13,42.18000030517578,43.540000915527344,42.06999969482422,43.209999084472656,42.8984375,30784900
2025-03-14,43.779998779296875,43.869998931884766,43.209999084472656,43.63999938964844,43.325340270996094,23488100
2025-03-17,43.86000061035156,44.630001068115234,43.77000045776367,44.56999969482422,44.248634338378906,18558800
2025-03-18,45.439998626708984,45.650001525878906,44.689998626708984,44.849998474121094,44.526611328125,21782900
2025-03-19,44.869998931884766,45.279998779296875,44.540000915527344,45.22999954223633,44.903873443603516,17130700
2025-03-20,44.650001525878906,45.34000015258789,44.380001068115234,45.15999984741211,44.834381103515625,10082900
2025-03-21,44.540000915527344,44.630001068115234,43.84000015258789,44.5,44.17913818359375,18163600
2025-03-24,44.560001373291016,44.7599983215332,44.189998626708984,44.25,43.93094253540039,14465100
2025-03-25,44.869998931884766,45.619998931884766,44.86000061035156,45.02000045776367,44.69538879394531,16156900
2025-03-26,45.220001220703125,45.290000915527344,44.560001373291016,44.66999816894531,44.3479118347168,10123300
2025-03-27,45.220001220703125,45.900001525878906,44.91999816894531,45.7599983215332,45.430049896240234,16699400
2025-03-28,46.099998474121094,46.939998626708984,45.439998626708984,45.56999969482422,45.241424560546875,21557400
2025-03-31,46.0,46.099998474121094,44.5,45.970001220703125,45.63854217529297,22217500
2025-04-01,45.93000030517578,46.2599983215332,45.34000015258789,45.79999923706055,45.469764709472656,17174800
2025-04-02,45.77000045776367,46.0099983215332,45.119998931884766,45.7599983215332,45.430049896240234,15903800
2025-04-03,43.86000061035156,46.709999084472656,43.529998779296875,45.720001220703125,45.390342712402344,30543000
2025-04-04,44.47999954223633,44.56999969482422,41.459999084472656,41.68000030517578,41.37947082519531,59893500
2025-04-07,40.709999084472656,43.70000076293945,40.2599983215332,41.45000076293945,41.15113067626953,33751700
2025-04-08,43.27000045776367,43.529998779296875,41.18000030517578,41.5,41.20077133178711,22508400
2025-04-09,43.27000045776367,45.33000183105469,42.77000045776367,44.9900016784668,44.66560745239258,47895600
2025-04-10,45.27000045776367,47.65999984741211,45.15999984741211,47.16999816894531,46.82988357543945,36181600
2025-04-11,48.869998931884766,50.150001525878906,48.86000061035156,49.70000076293945,49.341644287109375,40991500
2025-04-14,48.95000076293945,50.20000076293945,48.41999816894531,50.02000045776367,49.65933609008789,20729500
2025-04-15,50.470001220703125,50.7400016784668,49.900001525878906,50.529998779296875,50.16565704345703,14842000
2025-04-16,52.310001373291016,52.810001373291016,51.290000915527344,51.90999984741211,51.535709381103516,36630500
2025-04-17,51.5099983215332,51.599998474121094,50.369998931884766,50.91999816894531,50.5528450012207,25661200
2025-04-21,52.65999984741211,53.25,50.95000076293945,51.65999984741211,51.287513732910156,36299300
2025-04-22,51.900001525878906,51.95000076293945,50.02000045776367,50.22999954223633,49.867820739746094,38019600
2025-04-23,47.93000030517578,49.18000030517578,47.77000045776367,48.72999954223633,48.378639221191406,38934600
2025-04-24,49.61000061035156,49.81999969482422,48.79999923706055,49.7599983215332,49.40121078491211,22803300
2025-04-25,48.220001220703125,48.900001525878906,48.08000183105469,48.810001373291016,48.45806121826172,19299600
2025-04-28,48.540000915527344,49.43000030517578,48.310001373291016,49.43000030517578,49.07359313964844,15128300
2025-04-29,48.779998779296875,49.209999084472656,48.400001525878906,48.47999954223633,48.13043975830078,13110200
2025-04-30,48.0,49.029998779296875,47.9900016784668,49.0099983215332,48.6566162109375,15832300
2025-05-01,47.54999923706055,47.63999938964844,46.88999938964844,47.20000076293945,46.85967254638672,27130000
2025-05-02,47.849998474121094,48.11000061035156,46.72999954223633,47.08000183105469,46.740535736083984,14244100
2025-05-05,48.869998931884766,48.900001525878906,48.04999923706055,48.720001220703125,48.36871337890625,20923200
2025-05-06,49.90999984741211,50.83000183105469,49.369998931884766,50.790000915527344,50.42378616333008,31155000
2025-05-07,49.540000915527344,50.279998779296875,49.290000915527344,49.81999969482422,49.460777282714844,22412000
2025-05-08,49.849998474121094,50.04999923706055,48.720001220703125,48.880001068115234,48.527557373046875,20400400
2025-05-09,49.619998931884766,50.470001220703125,49.11000061035156,50.369998931884766,50.006813049316406,20695300
2025-05-12,48.060001373291016,48.08000183105469,46.349998474121094,46.619998931884766,46.283851623535156,42761600
2025-05-13,46.720001220703125,46.75,46.15999984741211,46.540000915527344,46.204429626464844,22356300
2025-05-14,45.5099983215332,45.65999984741211,45.099998474121094,45.54999923706055,45.22156524658203,26797000
2025-05-15,46.04999923706055,46.599998474121094,45.61000061035156,46.4900016784668,46.15479278564453,23456700
2025-05-16,45.40999984741211,46.349998474121094,45.25,46.33000183105469,45.99594497680664,17272000
2025-05-19,47.099998474121094,47.400001525878906,46.650001525878906,47.34000015258789,46.998661041259766,19577600
2025-05-20,47.43000030517578,48.81999969482422,47.2599983215332,48.810001373291016,48.45806121826172,26942300
2025-05-21,49.08000183105469,49.70000076293945,48.970001220703125,49.439998626708984,49.083518981933594,23175400
2025-05-22,49.279998779296875,49.56999969482422,48.70000076293945,49.18000030517578,48.82539367675781,16934800
2025-05-23,50.349998474121094,50.790000915527344,49.75,50.529998779296875,50.16565704345703,24171600
2025-05-27,49.40999984741211,50.310001373291016,49.34000015258789,49.77000045776367,49.41114044189453,20431100
2025-05-28,49.91999816894531,50.36000061035156,49.779998779296875,50.349998474121094,49.98695755004883,13211000
2025-05-29,50.59000015258789,50.84000015258789,49.939998626708984,50.279998779296875,49.91746139526367,11852300
2025-05-30,49.849998474121094,50.720001220703125,49.720001220703125,50.650001525878906,50.28479766845703,16795500
2025-06-02,51.720001220703125,53.83000183105469,51.65999984741211,53.77000045776367,53.38229751586914,39386800
2025-06-03,52.86000061035156,53.09000015258789,52.369998931884766,53.09000015258789,52.70720291137695,24482500
2025-06-04,53.2599983215332,53.5,52.869998931884766,53.209999084472656,52.82633590698242,18924400
2025-06-05,53.75,54.619998931884766,52.810001373291016,53.150001525878906,52.76676940917969,28630300
2025-06-06,53.09000015258789,53.09000015258789,51.470001220703125,51.619998931884766,51.247798919677734,31562000
2025-06-09,51.66999816894531,52.31999969482422,51.40999984741211,52.130001068115234,51.75412368774414,15247300
2025-06-10,52.43000030517578,52.599998474121094,51.119998931884766,51.43000030517578,51.05916976928711,17301700
2025-06-11,51.5099983215332,51.939998626708984,51.290000915527344,51.939998626708984,51.56549072265625,13531000
2025-06-12,52.79999923706055,53.7599983215332,52.720001220703125,53.529998779296875,53.14402770996094,25699500
2025-06-13,54.34000015258789,54.70000076293945,53.849998474121094,54.459999084472656,54.06732177734375,22541400
2025-06-16,53.70000076293945,54.150001525878906,53.5,53.54999923706055,53.163883209228516,18475000
2025-06-17,53.790000915527344,54.0099983215332,53.060001373291016,53.5099983215332,53.12417221069336,13406500
2025-06-18,53.349998474121094,53.70000076293945,52.900001525878906,53.0,52.61785125732422,14897000
2025-06-20,52.689998626708984,53.43000030517578,52.2599983215332,52.290000915527344,51.91297149658203,18722300
2025-06-23,52.52000045776367,53.7400016784668,52.27000045776367,53.11000061035156,52.72705841064453,21458300
2025-06-24,51.540000915527344,52.130001068115234,50.70000076293945,51.86000061035156,51.48606872558594,22159900
2025-06-25,51.59000015258789,52.15999984741211,51.45000076293945,51.91999816894531,51.54563522338867,12728900
2025-06-26,51.7599983215332,52.619998931884766,51.7599983215332,52.619998931884766,52.2405891418457,14874300
2025-06-27,50.91999816894531,51.119998931884766,50.31999969482422,50.72999954223633,50.36421585083008,32657400
2025-06-30,50.93000030517578,52.06999969482422,50.75,52.060001373291016,51.684627532958984,19782700
2025-07-01,53.0099983215332,53.04999923706055,51.959999084472656,52.040000915527344,51.664772033691406,19063300
2025-07-02,52.33000183105469,52.7599983215332,51.84000015258789,52.65999984741211,52.28030014038086,13096100
2025-07-03,52.189998626708984,52.91999816894531,52.150001525878906,52.90999984741211,52.528499603271484,11610900
2025-07-07,51.93000030517578,53.209999084472656,51.31999969482422,53.16999816894531,52.78662109375,22030200
2025-07-08,52.939998626708984,52.95000076293945,50.349998474121094,50.790000915527344,50.42378616333008,37415300
2025-07-09,50.849998474121094,51.65999984741211,50.560001373291016,51.5,51.128665924072266,19712100
2025-07-10,51.68000030517578,51.900001525878906,50.97999954223633,51.900001525878906,51.52578353881836,13666200
2025-07-11,52.31999969482422,52.59000015258789,51.90999984741211,52.41999816894531,52.042030334472656,19044800
2025-07-14,52.41999816894531,53.29999923706055,52.380001068115234,52.45000076293945,52.071815490722656,13297300
2025-07-15,52.459999084472656,52.599998474121094,50.779998779296875,51.619998931884766,51.247798919677734,20154900
2025-07-16,51.709999084472656,52.369998931884766,50.970001220703125,51.81999969482422,51.44635772705078,16545300
2025-07-17,51.060001373291016,51.41999816894531,50.45000076293945,51.2400016784668,50.870540618896484,17442300
2025-07-18,51.689998626708984,51.790000915527344,51.119998931884766,51.130001068115234,50.76133346557617,12887800
2025-07-21,51.939998626708984,53.349998474121094,51.93000030517578,53.02000045776367,52.6377067565918,22674100
2025-07-22,53.63999938964844,54.779998779296875,53.220001220703125,54.47999954223633,54.08717727661133,23906900
2025-07-23,54.16999816894531,54.56999969482422,53.619998931884766,53.84000015258789,53.4517936706543,22084600
2025-07-24,53.04999923706055,53.79999923706055,52.529998779296875,53.33000183105469,52.945472717285156,12142200
2025-07-25,52.91999816894531,53.97999954223633,52.849998474121094,53.959999084472656,53.570926666259766,25492200
2025-07-28,53.150001525878906,53.34000015258789,52.13999938964844,52.59000015258789,52.21080780029297,20458100
2025-07-29,52.7599983215332,53.36000061035156,52.52000045776367,53.25,52.86604690551758,13473500
2025-07-30,52.54999923706055,52.95000076293945,51.52000045776367,51.779998779296875,51.406646728515625,21662100
2025-07-31,52.02000045776367,52.31999969482422,51.369998931884766,51.63999938964844,51.26765441894531,16429400
2025-08-01,52.7400016784668,53.060001373291016,51.939998626708984,52.45000076293945,52.071815490722656,20409400
2025-08-04,53.16999816894531,55.04999923706055,53.15999984741211,54.939998626708984,54.543861389160156,27343200
2025-08-05,54.61000061035156,56.65999984741211,54.56999969482422,56.459999084472656,56.05290222167969,32074400
2025-08-06,56.4900016784668,57.38999938964844,56.47999954223633,57.38999938964844,56.9761962890625,16684000
2025-08-07,57.90999984741211,58.47999954223633,57.61000061035156,57.939998626708984,57.5222282409668,22573200
2025-08-08,58.43000030517578,58.810001373291016,57.84000015258789,58.060001373291016,57.6413688659668,18210700
2025-08-11,56.59000015258789,58.0,56.34000015258789,57.689998626708984,57.27403259277344,17523500
2025-08-12,57.83000183105469,58.22999954223633,57.369998931884766,58.209999084472656,57.790283203125,11586200
2025-08-13,58.65999984741211,58.77000045776367,57.869998931884766,58.06999969482422,57.65129470825195,10707200
2025-08-14,57.650001525878906,58.529998779296875,57.41999816894531,57.70000076293945,57.28396224975586,11226900
2025-08-15,57.79999923706055,58.560001373291016,57.34000015258789,58.279998779296875,57.859779357910156,13540600
2025-08-18,58.20000076293945,58.41999816894531,57.70000076293945,58.099998474121094,57.68107604980469,8505900
2025-08-19,57.84000015258789,58.040000915527344,56.59000015258789,56.599998474121094,56.191890716552734,15274300
2025-08-20,57.25,58.33000183105469,57.189998626708984,58.31999969482422,57.89949035644531,15489900
2025-08-21,58.16999816894531,59.689998626708984,58.11000061035156,59.290000915527344,58.86249923706055,17900200
2025-08-22,58.790000915527344,60.68000030517578,58.380001068115234,60.18000030517578,59.74607849121094,19540500
2025-08-25,60.38999938964844,60.790000915527344,60.16999816894531,60.2599983215332,59.82550048828125,8388400
2025-08-26,60.560001373291016,61.599998474121094,60.439998626708984,61.599998474121094,61.15583801269531,17598200
2025-08-27,61.04999923706055,61.47999954223633,60.470001220703125,61.47999954223633,61.036705017089844,10691600
2025-08-28,61.400001525878906,61.619998931884766,60.70000076293945,61.33000183105469,60.88779067993164,15854800
2025-08-29,61.209999084472656,63.22999954223633,61.209999084472656,63.16999816894531,62.71451950073242,19954400
2025-09-02,64.38999938964844,65.06999969482422,63.20000076293945,64.80000305175781,64.33277130126953,41939600
2025-09-03,65.4800033569336,65.83000183105469,64.70999908447266,65.19999694824219,64.7298812866211,25768700
2025-09-04,64.36000061035156,64.94000244140625,63.88999938964844,64.56999969482422,64.10442352294922,24753700
2025-09-05,66.01000213623047,66.87000274658203,65.16000366210938,66.33999633789062,65.86166381835938,31720200
2025-09-08,67.2300033569336,67.41000366210938,66.48999786376953,67.23999786376953,66.75517272949219,24932700
2025-09-09,67.6500015258789,67.94000244140625,66.66999816894531,66.8499984741211,66.36798858642578,24430000
2025-09-10,67.47000122070312,68.58999633789062,67.45999908447266,68.5,68.00608825683594,18297300
2025-09-11,68.23999786376953,69.76000213623047,68.08000183105469,69.76000213623047,69.25700378417969,18762100
2025-09-12,69.95999908447266,70.11000061035156,69.23999786376953,69.75,69.24707794189453,13891100
2025-09-15,69.30000305175781,70.76000213623047,69.1500015258789,70.4800033569336,69.97181701660156,16298200
2025-09-16,70.56999969482422,70.63999938964844,68.62999725341797,69.0199966430664,68.5223388671875,22742300
2025-09-17,68.23999786376953,69.93000030517578,67.7699966430664,68.66000366210938,68.1649398803711,28270300
2025-09-18,68.1500015258789,68.80000305175781,67.26000213623047,68.79000091552734,68.29399871826172,21638900
2025-09-19,68.91999816894531,72.52999877929688,68.88999938964844,72.36000061035156,71.8382568359375,36429000
2025-09-22,73.7699966430664,74.37000274658203,72.83999633789062,74.33000183105469,73.79405212402344,30822600
2025-09-23,74.87999725341797,75.27999877929688,73.87999725341797,74.2300033569336,73.69477844238281,23168400
2025-09-24,73.95999908447266,74.44999694824219,72.2699966430664,72.31999969482422,71.79854583740234,27972000
2025-09-25,72.30999755859375,73.19999694824219,72.01000213623047,73.12999725341797,72.60269927978516,23268600
2025-09-26,73.68000030517578,74.93000030517578,73.23999786376953,74.68000030517578,74.14153289794922,21411900
2025-09-29,76.58000183105469,76.87000274658203,75.36000061035156,75.72000122070312,75.17403411865234,24062700
2025-09-30,74.97000122070312,77.18000030517578,74.73999786376953,76.4000015258789,75.84912872314453,21221700
2025-10-01,77.11000061035156,77.95999908447266,76.58999633789062,77.12999725341797,76.57386016845703,22633000
2025-10-02,78.29000091552734,78.31999969482422,74.0999984741211,77.0999984741211,76.54407501220703,41791200
2025-10-03,77.31999969482422,77.76000213623047,76.52999877929688,77.08000183105469,76.52422332763672,15113300
2025-10-06,78.05999755859375,79.48999786376953,77.79000091552734,78.61000061035156,78.0431900024414,26286300
2025-10-07,78.66000366210938,78.69000244140625,76.69000244140625,76.97000122070312,76.4150161743164,21615600
2025-10-08,78.68000030517578,79.1500015258789,77.58999633789062,79.1500015258789,78.57929992675781,25676100
2025-10-09,79.19000244140625,79.33000183105469,74.58000183105469,75.61000061035156,75.06482696533203,40970500
2025-10-10,75.86000061035156,76.62000274658203,75.08000183105469,75.77999877929688,75.23359680175781,24817200
2025-10-13,78.08000183105469,79.45999908447266,77.95999908447266,79.37000274658203,78.79771423339844,26089500
2025-10-14,78.02999877929688,79.4000015258789,77.61000061035156,78.44999694824219,77.88434600830078,20129200
2025-10-15,79.51000213623047,81.73999786376953,79.23999786376953,81.47000122070312,80.882568359375,31551700
2025-10-16,82.45999908447266,85.08999633789062,81.72000122070312,84.44000244140625,83.83116149902344,39781800
2025-10-17,82.16999816894531,82.41999816894531,77.18000030517578,78.7300033569336,78.1623306274414,70598800
2025-10-20,80.18000030517578,81.0199966430664,79.01000213623047,80.36000061035156,79.78057861328125,29436000
2025-10-21,74.58000183105469,74.98999786376953,72.12999725341797,72.79000091552734,72.2651596069336,71270200
2025-10-22,70.4800033569336,73.31999969482422,70.27999877929688,72.94999694824219,72.42400360107422,47998500
2025-10-23,74.5199966430664,74.68000030517578,73.58999633789062,73.79000091552734,73.25794982910156,25689000
2025-10-24,72.5,74.01000213623047,72.1500015258789,72.80000305175781,72.27508544921875,24477100
2025-10-27,70.1500015258789,71.37999725341797,68.12999725341797,69.91000366210938,69.40592956542969,50661700
2025-10-28,68.63999938964844,71.23999786376953,68.41999816894531,71.0199966430664,70.50791931152344,28611800
2025-10-29,72.9000015258789,73.0,70.69999694824219,71.06999969482422,70.55755615234375,33614500
2025-10-30,70.91999816894531,73.05999755859375,70.51000213623047,72.9000015258789,72.3743667602539,25166200
2025-10-31,72.91000366210938,72.91999816894531,71.1500015258789,72.05999755859375,71.54042053222656,20882300
2025-11-03,71.72000122070312,72.44000244140625,70.7300033569336,71.30000305175781,70.78590393066406,15630000
2025-11-04,69.33999633789062,69.62999725341797,68.19999694824219,68.27999877929688,67.78767395019531,28765500
2025-11-05,69.91000366210938,70.88999938964844,69.4800033569336,70.66999816894531,70.16043853759766,24340100
2025-11-06,71.2699966430664,72.70999908447266,70.69999694824219,70.76000213623047,70.24979400634766,22007600
2025-11-07,71.4800033569336,72.55000305175781,70.4800033569336,72.55000305175781,72.02689361572266,20421900
2025-11-10,75.23999786376953,76.47000122070312,74.62000274658203,75.9800033569336,75.43215942382812,30851200
2025-11-11,76.54000091552734,76.81999969482422,74.94999694824219,76.70999908447266,76.15689086914062,17170100
2025-11-12,76.75,79.97000122070312,76.30000305175781,79.25,78.67858123779297,33319500
2025-11-13,79.48999786376953,79.73999786376953,76.41999816894531,77.05000305175781,76.49444580078125,30345900
2025-11-14,73.54000091552734,76.91000366210938,73.25,76.16000366210938,75.6108627319336,28841200
2025-11-17,75.6500015258789,76.97000122070312,74.19999694824219,74.94999694824219,74.40957641601562,25837000
2025-11-18,75.61000061035156,76.47000122070312,74.37999725341797,75.62999725341797,75.08467864990234,24323800
2025-11-19,76.94999694824219,78.18000030517578,75.5199966430664,76.38999938964844,75.83919525146484,21959400
2025-11-20,76.73999786376953,77.73999786376953,72.94000244140625,72.97000122070312,72.44386291503906,34685000
2025-11-21,73.0199966430664,74.66000366210938,72.44999694824219,73.6500015258789,73.11895751953125,25694900
2025-11-24,74.1500015258789,78.0,74.06999969482422,77.95999908447266,77.39788055419922,24487400
2025-11-25,77.30999755859375,78.54000091552734,76.86000061035156,77.80000305175781,77.2390365600586,14938400
2025-11-26,78.6500015258789,81.83000183105469,78.55000305175781,81.55000305175781,80.96199798583984,27375300
2025-11-28,82.26000213623047,83.27999877929688,81.7699966430664,83.2300033569336,82.6298828125,15906800
2025-12-01,83.94999694824219,84.02999877929688,82.12000274658203,82.81999969482422,82.22283935546875,20533900
2025-12-02,82.47000122070312,82.95999908447266,79.30000305175781,81.61000061035156,81.02156066894531,25468400
2025-12-03,82.12999725341797,82.91999816894531,80.94000244140625,81.05999755859375,80.47552490234375,17556100
2025-12-04,80.33999633789062,81.48999786376953,80.02999877929688,81.38999938964844,80.80314636230469,12264600
2025-12-05,82.0,83.76000213623047,80.72000122070312,81.02999877929688,80.44573974609375,17559200
2025-12-08,81.0199966430664,81.25,79.06999969482422,79.16000366210938,78.5892333984375,18977000
2025-12-09,79.30000305175781,82.06999969482422,79.29000091552734,81.94000244140625,81.34918212890625,19287000
2025-12-10,81.55000305175781,83.94000244140625,80.52999877929688,83.31999969482422,82.71923065185547,22917900
2025-12-11,83.19999694824219,87.44999694824219,83.12000274658203,86.26000213623047,85.6380386352539,29997000
2025-12-12,88.5,88.5,84.23999786376953,85.66000366210938,85.04236602783203,26735900
2025-12-15,86.51000213623047,86.75,83.72000122070312,84.8499984741211,84.23819732666016,21774900
2025-12-16,85.16000366210938,86.30000305175781,83.75,84.83000183105469,84.21834564208984,14848800
2025-12-17,86.11000061035156,86.62000274658203,84.62000274658203,85.83000183105469,85.21113586425781,17984700
2025-12-18,85.33000183105469,87.19999694824219,84.83999633789062,85.66999816894531,85.05228424072266,18771500
2025-12-19,85.58000183105469,88.69000244140625,85.55999755859375,87.79000091552734,87.1570053100586,24699800
2025-12-22,89.66000366210938,91.05000305175781,89.06999969482422,90.18000030517578,90.18000030517578,24707400
2025-12-23,90.3499984741211,90.4800033569336,88.69000244140625,90.2699966430664,90.2699966430664,18969200
2025-12-24,89.80000305175781,90.2699966430664,88.2699966430664,89.69999694824219,89.69999694824219,14136200
2025-12-26,90.93000030517578,91.66999816894531,89.61000061035156,91.29000091552734,91.29000091552734,24708900
2025-12-29,86.93000030517578,87.47000122070312,84.88999938964844,85.8499984741211,85.8499984741211,39910100
2025-12-30,88.05000305175781,88.4000015258789,86.55999755859375,86.83999633789062,86.83999633789062,19494800
2025-12-31,86.44999694824219,87.7300033569336,85.66000366210938,85.7699966430664,85.7699966430664,13174500
2026-01-02,87.12000274658203,87.20999908447266,83.2300033569336,85.7300033569336,85.7300033569336,24032300
2026-01-05,87.77999877929688,90.66000366210938,87.27999877929688,88.44999694824219,88.44999694824219,25195000
2026-01-06,89.2699966430664,92.20999908447266,89.06999969482422,92.13999938964844,92.13999938964844,23581700
2026-01-07,89.45999908447266,91.12999725341797,88.08999633789062,91.05999755859375,91.05999755859375,18414900
2026-01-08,89.11000061035156,91.55999755859375,88.79000091552734,91.54000091552734,91.54000091552734,17535800
2026-01-09,91.80999755859375,93.16999816894531,91.2300033569336,92.55999755859375,92.55999755859375,18108500
2026-01-12,95.19000244140625,96.9800033569336,95.06999969482422,95.72000122070312,95.72000122070312,27296500
2026-01-13,97.02999877929688,97.97000122070312,96.23999786376953,96.47000122070312,96.47000122070312,19578600
2026-01-14,98.41000366210938,98.41999816894531,95.37000274658203,96.86000061035156,96.86000061035156,22672600
2026-01-15,96.08999633789062,97.83000183105469,95.31999969482422,97.11000061035156,97.11000061035156,13979500
2026-01-16,96.27999877929688,97.33999633789062,94.44000244140625,97.23999786376953,97.23999786376953,19587300
2026-01-20,101.52999877929688,103.0199966430664,100.9000015258789,102.77999877929688,102.77999877929688,33061000
2026-01-21,104.9000015258789,105.33000183105469,100.55999755859375,101.29000091552734,101.29000091552734,34861200
2026-01-22,101.13999938964844,105.83999633789062,101.05000305175781,105.16999816894531,105.16999816894531,30396700
2026-01-23,105.52999877929688,107.62000274658203,104.8499984741211,107.0199966430664,107.0199966430664,19623000
2026-01-26,110.69000244140625,112.54000091552734,107.44999694824219,107.4800033569336,107.4800033569336,38883300
2026-01-27,107.91999816894531,109.37999725341797,103.87999725341797,109.29000091552734,109.29000091552734,30779100
2026-01-28,110.37999725341797,112.23999786376953,109.01000213623047,112.16000366210938,112.16000366210938,31375500
2026-01-29,113.29000091552734,113.5,104.6500015258789,107.9800033569336,107.9800033569336,66962400
2026-01-30,98.91000366210938,101.87999725341797,93.12000274658203,94.19999694824219,94.19999694824219,102904800
2026-02-02,93.97000122070312,96.87000274658203,92.0,94.19000244140625,94.19000244140625,35455600
2026-02-03,99.79000091552734,99.98999786376953,95.66000366210938,98.22000122070312,98.22000122070312,43633800
2026-02-04,101.01000213623047,101.12000274658203,94.94000244140625,98.69999694824219,98.69999694824219,30256800
2026-02-05,94.54000091552734,97.19999694824219,92.27999877929688,92.44000244140625,92.44000244140625,39586600
2026-02-06,95.12999725341797,97.93000030517578,94.9800033569336,97.38999938964844,97.38999938964844,24807700
2026-02-09,98.55000305175781,103.08999633789062,98.51000213623047,102.88999938964844,102.88999938964844,27057100
2026-02-10,102.2699966430664,103.80000305175781,101.8499984741211,103.01000213623047,103.01000213623047,15407600
2026-02-11,105.48999786376953,106.47000122070312,102.48999786376953,105.97000122070312,105.97000122070312,22624300
2026-02-12,104.81999969482422,105.79000091552734,98.12999725341797,98.27999877929688,98.27999877929688,43435500
2026-02-13,100.91999816894531,104.13999938964844,99.52999877929688,103.94000244140625,103.94000244140625,31928300
2026-02-17,99.86000061035156,101.19000244140625,97.41000366210938,100.25,100.25,26743000
2026-02-18,101.81999969482422,103.69000244140625,101.29000091552734,102.55999755859375,102.55999755859375,18924100
2026-02-19,102.01000213623047,104.30000305175781,101.11000061035156,104.23999786376953,104.23999786376953,18466500
2026-02-20,104.33000183105469,106.38999938964844,102.02999877929688,106.26000213623047,106.26000213623047,23441000
2026-02-23,107.77999877929688,110.54000091552734,107.62000274658203,110.29000091552734,110.29000091552734,26609300
2026-02-24,107.0,111.5,106.47000122070312,110.69999694824219,110.69999694824219,15635700
2026-02-25,112.18000030517578,113.16000366210938,110.87000274658203,111.16000366210938,111.16000366210938,14632600
2026-02-26,110.4000015258789,114.0999984741211,109.12999725341797,113.88999938964844,113.88999938964844,18622900
2026-02-27,115.19000244140625,115.98999786376953,114.31999969482422,115.83999633789062,115.83999633789062,18646800
2026-03-02,116.45999908447266,117.18000030517578,111.36000061035156,115.33999633789062,115.33999633789062,27137300
2026-03-03,107.48999786376953,107.98999786376953,102.54000091552734,105.23999786376953,105.23999786376953,66618000
2026-03-04,108.16000366210938,108.26000213623047,104.30999755859375,105.87999725341797,105.87999725341797,20502900
2026-03-05,104.19999694824219,104.19999694824219,99.52999877929688,101.81999969482422,101.81999969482422,34024100
2026-03-06,99.25,102.5,98.27999877929688,101.37999725341797,101.37999725341797,25723000
2026-03-09,98.63999938964844,102.56999969482422,95.95999908447266,102.44000244140625,102.44000244140625,24687000
2026-03-10,104.05999755859375,105.73999786376953,103.0999984741211,103.37000274658203,103.37000274658203,21592200
2026-03-11,102.05000305175781,102.16000366210938,99.13999938964844,101.36000061035156,101.36000061035156,19278300
2026-03-12,101.04000091552734,101.11000061035156,98.41000366210938,99.30000305175781,99.30000305175781,20604300
2026-03-13,98.41000366210938,98.41000366210938,92.88999938964844,93.26000213623047,93.26000213623047,35725200
2026-03-16,93.3499984741211,95.86000061035156,92.3499984741211,94.37999725341797,94.37999725341797,21719600
2026-03-17,94.7699966430664,96.12999725341797,93.30999755859375,93.95999908447266,93.95999908447266,14897800
2026-03-18,89.98999786376953,90.3499984741211,87.7300033569336,88.11000061035156,88.11000061035156,41331300
2026-03-19,80.86000061035156,83.38999938964844,79.95999908447266,82.9000015258789,82.9000015258789,63111300
2026-03-20,83.31999969482422,83.38999938964844,78.73999786376953,80.12000274658203,80.12000274658203,40023300
2026-03-23,81.36000061035156,84.97000122070312,81.12000274658203,83.37999725341797,83.37999725341797,62217700
2026-03-24,81.91000366210938,84.12000274658203,80.77999877929688,83.5,83.5,23529700
2026-03-25,87.5199966430664,88.06999969482422,85.5,86.31999969482422,86.31999969482422,33509100
2026-03-26,83.47000122070312,86.52999877929688,82.2699966430664,82.38999938964844,82.38999938964844,41416000
2026-03-27,82.79000091552734,86.91999816894531,82.38999938964844,85.79000091552734,85.79000091552734,35300800
2026-03-30,87.38999938964844,88.41000366210938,84.7300033569336,85.79000091552734,85.79000091552734,24114400
2026-03-31,88.05000305175781,91.77999877929688,87.87999725341797,91.7699966430664,91.7699966430664,36516300
2026-04-01,94.70999908447266,97.70999908447266,93.4800033569336,96.01000213623047,96.01000213623047,42051300
2026-04-02,90.16000366210938,95.8499984741211,89.98999786376953,94.58999633789062,94.58999633789062,22726700
2026-04-06,94.26000213623047,95.27999877929688,93.41000366210938,93.81999969482422,93.81999969482422,11572800
2026-04-07,93.69000244140625,95.2300033569336,91.44000244140625,94.97000122070312,94.97000122070312,13596700
2026-04-08,100.87999725341797,101.37000274658203,96.62999725341797,98.18000030517578,98.18000030517578,26188600
2026-04-09,98.3499984741211,99.93000030517578,97.0,98.3499984741211,98.3499984741211,14310500
2026-04-10,98.9800033569336,100.22000122070312,98.79000091552734,99.38999938964844,99.38999938964844,17803500
2026-04-13,98.01000213623047,99.2300033569336,97.3499984741211,98.77999877929688,98.77999877929688,12446100
2026-04-14,100.05000305175781,101.56999969482422,99.41999816894531,100.75,100.75,15841100
2026-04-15,99.91999816894531,100.43000030517578,97.68000030517578,97.7699966430664,97.7699966430664,16644600
2026-04-16,98.20999908447266,99.0999984741211,97.3499984741211,97.66000366210938,97.66000366210938,13842000
2026-04-17,99.75,102.38999938964844,99.38999938964844,100.33999633789062,100.33999633789062,21381400
2026-04-20,99.45999908447266,99.55000305175781,98.0999984741211,99.12999725341797,99.12999725341797,11898000
2026-04-21,97.88999938964844,98.4800033569336,92.69000244140625,92.98999786376953,92.98999786376953,31531500
2026-04-22,95.04000091552734,95.76000213623047,94.04000091552734,94.4800033569336,94.4800033569336,14371300
2026-04-23,93.33000183105469,94.0,90.19999694824219,92.19000244140625,92.19000244140625,27735600
2026-04-24,93.1500015258789,94.51000213623047,92.22000122070312,94.33999633789062,94.33999633789062,16967400
2026-04-27,93.41999816894531,93.47000122070312,92.12000274658203,92.58999633789062,92.58999633789062,12010100
2026-04-28,90.13999938964844,90.62999725341797,88.11000061035156,88.54000091552734,88.54000091552734,25303500
2026-04-29,87.11000061035156,87.6500015258789,85.93000030517578,86.22000122070312,86.22000122070312,20765700
2026-04-30,88.9000015258789,89.44000244140625,87.41999816894531,88.29000091552734,88.29000091552734,23142400
2026-05-01,87.70999908447266,89.06999969482422,87.0,87.11000061035156,87.11000061035156,12337300
2026-05-04,86.13999938964844,87.3499984741211,85.45999908447266,85.6500015258789,85.6500015258789,15612800
2026-05-05,87.27999877929688,87.69999694824219,85.72000122070312,85.80999755859375,85.80999755859375,11557600
2026-05-06,90.51000213623047,93.08000183105469,90.44000244140625,92.44000244140625,92.44000244140625,35115100
2026-05-07,94.80000305175781,96.11000061035156,91.62999725341797,91.72000122070312,91.72000122070312,26825800
2026-05-08,93.12999725341797,95.30000305175781,92.75,94.58999633789062,94.58999633789062,19426900
2026-05-11,95.33999633789062,98.73999786376953,95.29000091552734,97.5999984741211,97.5999984741211,24402800
2026-05-12,95.5999984741211,97.55999755859375,92.8499984741211,97.13999938964844,97.13999938964844,22283200
2026-05-13,96.08999633789062,97.19999694824219,94.63999938964844,96.2300033569336,96.2300033569336,12254800
2026-05-14,95.9000015258789,95.91000366210938,93.54000091552734,93.94999694824219,93.94999694824219,14371600
2026-05-15,89.5,89.55000305175781,86.83000183105469,87.3499984741211,87.3499984741211,38654700
2026-05-18,88.6500015258789,89.52999877929688,86.38999938964844,87.13999938964844,87.13999938964844,16998000
2026-05-19,85.55000305175781,85.5999984741211,83.3499984741211,83.77999877929688,83.77999877929688,21922200
2026-05-20,84.58000183105469,86.94000244140625,83.66999816894531,86.36000061035156,86.36000061035156,20430700
2026-05-21,84.45999908447266,87.66000366210938,84.11000061035156,85.98999786376953,85.98999786376953,17092600
2026-05-22,85.61000061035156,86.13999938964844,83.94999694824219,85.0199966430664,85.0199966430664,14638800
2026-05-26,87.04000091552734,88.56999969482422,86.93000030517578,88.5,88.5,21638800
2026-05-27,85.83999633789062,87.3499984741211,85.33999633789062,85.44000244140625,85.44000244140625,19392200
2026-05-28,84.52999877929688,88.0,83.31999969482422,87.18000030517578,87.18000030517578,20959900
2026-05-29,87.37999725341797,90.36000061035156,86.6500015258789,89.48999786376953,89.48999786376953,22277000
2026-06-01,86.44999694824219,87.55000305175781,84.37999725341797,86.68000030517578,86.68000030517578,26022900
2026-06-02,87.93000030517578,88.29000091552734,85.98999786376953,88.05000305175781,88.05000305175781,19269000
2026-06-03,86.51000213623047,86.93000030517578,84.94000244140625,85.0,85.0,18139600
2026-06-04,86.36000061035156,87.47000122070312,85.62999725341797,86.4000015258789,86.4000015258789,13420200
2026-06-05,83.80000305175781,83.8499984741211,78.77999877929688,78.83999633789062,78.83999633789062,44792000
2026-06-08,79.36000061035156,80.30000305175781,78.45999908447266,78.66999816894531,78.66999816894531,18567600
2026-06-09,79.5,80.2300033569336,75.02999877929688,77.58999633789062,77.58999633789062,24897100
2026-06-10,74.79000091552734,76.80000305175781,73.62999725341797,73.80999755859375,73.80999755859375,26414500
2026-06-11,73.98999786376953,78.18000030517578,73.7699966430664,77.72000122070312,77.72000122070312,34820800
2026-06-12,78.54000091552734,80.6500015258789,77.76000213623047,80.02999877929688,80.02999877929688,25560200
2026-06-15,85.41999816894531,86.87999725341797,84.70999908447266,85.2699966430664,85.2699966430664,34324500
2026-06-16,86.1500015258789,87.58999633789062,85.66000366210938,87.23999786376953,87.23999786376953,21635600
2026-06-17,87.19999694824219,89.98999786376953,84.29000091552734,84.36000061035156,84.36000061035156,49821500
2026-06-18,84.91000366210938,86.56999969482422,81.47000122070312,82.51000213623047,82.51000213623047,37180400
2026-06-22,80.41999816894531,81.66999816894531,80.13999938964844,81.44000244140625,81.44000244140625,17354800
2026-06-23,77.77999877929688,79.22000122070312,77.25,77.66000366210938,77.66000366210938,26808400
2026-06-24,74.19000244140625,76.4000015258789,73.69999694824219,74.58999633789062,74.58999633789062,30515800
2026-06-25,76.48999786376953,76.93000030517578,74.52999877929688,75.66999816894531,75.66999816894531,30958700
2026-06-26,76.66000366210938,78.48999786376953,76.19000244140625,77.0,77.0,22781600
2026-06-29,76.12999725341797,76.19999694824219,74.58999633789062,75.68000030517578,75.68000030517578,18075700
2026-06-30,75.38999938964844,75.93000030517578,73.88999938964844,75.44999694824219,75.44999694824219,16874800
2026-07-01,75.43000030517578,78.16000366210938,74.9800033569336,75.06999969482422,75.06999969482422,22382800
2026-07-02,77.70999908447266,79.19999694824219,76.77999877929688,78.43000030517578,78.43000030517578,29963500
2026-07-06,79.5199966430664,80.18000030517578,77.5,78.73999786376953,78.73999786376953,13977300
2026-07-07,78.3499984741211,78.79000091552734,75.12999725341797,75.76000213623047,75.76000213623047,20562000
2026-07-08,74.08999633789062,74.80999755859375,71.88999938964844,73.52999877929688,73.52999877929688,25642300
2026-07-09,75.1500015258789,76.05000305175781,74.31999969482422,75.77999877929688,75.77999877929688,16240900
2026-07-10,75.08999633789062,76.04000091552734,74.51000213623047,75.52999877929688,75.52999877929688,8140100
2026-07-13,74.0999984741211,74.63999938964844,72.83999633789062,73.37000274658203,73.37000274658203,20251200
2026-07-14,76.0999984741211,76.86000061035156,74.4800033569336,74.87999725341797,74.87999725341797,18329100
2026-07-15,74.44000244140625,75.29000091552734,72.63999938964844,74.0,74.0,14705400
2026-07-16,72.87999725341797,72.9000015258789,71.04000091552734,71.4000015258789,71.4000015258789,23823100
2026-07-17,70.4000015258789,71.93000030517578,69.73999786376953,71.31999969482422,71.31999969482422,18182100
2026-07-20,71.13999938964844,71.61000061035156,70.5199966430664,70.73999786376953,70.73999786376953,12353800
2026-07-21,72.44000244140625,74.2300033569336,72.11000061035156,74.19000244140625,74.19000244140625,18735200
2026-07-22,75.91999816894531,77.98999786376953,75.91999816894531,76.68000030517578,76.68000030517578,20428100
2026-07-23,74.44000244140625,75.36000061035156,73.8499984741211,75.0199966430664,75.0199966430664,16371400
2026-07-24,75.5,76.4800033569336,74.62000274658203,75.2300033569336,75.2300033569336,10693600
2026-07-27,76.20999908447266,76.55999755859375,74.25,75.7300033569336,75.7300033569336,11401200
2026-07-28,74.5,75.1500015258789,73.33000183105469,74.20999908447266,74.20999908447266,14266200
2026-07-29,73.94000244140625,76.02999877929688,72.18000030517578,73.56999969482422,73.56999969482422,25718800
2026-07-30,75.3499984741211,76.80999755859375,74.30000305175781,76.77999877929688,76.77999877929688,20321300
2026-07-31,74.87999725341797,75.31999969482422,72.91999816894531,74.0999984741211,74.0999984741211,17782700
2026-08-03,74.30999755859375,76.12000274658203,73.62000274658203,76.05000305175781,76.05000305175781,13804000
2026-08-04,77.61000061035156,78.86000061035156,77.01000213623047,77.91999816894531,77.91999816894531,20255600
2026-08-05,82.19999694824219,84.30999755859375,81.80999755859375,83.68000030517578,83.68000030517578,40684600
2026-08-06,82.44000244140625,84.4800033569336,82.18000030517578,83.91999816894531,83.91999816894531,25510600
2026-08-07,89.30999755859375,90.80000305175781,88.44000244140625,89.88999938964844,89.88999938964844,44624100
2026-08-10,88.9000015258789,90.75,87.43000030517578,90.48999786376953,90.48999786376953,22709800
2026-08-11,90.0,90.94000244140625,89.25,90.12000274658203,90.12000274658203,15322200
2026-08-12,92.58999633789062,92.66000366210938,90.37999725341797,90.95999908447266,90.95999908447266,18593300
2026-08-13,89.20999908447266,89.25,87.5199966430664,88.2699966430664,88.2699966430664,36716300
2026-08-14,89.63999938964844,91.0199966430664,89.36000061035156,89.97000122070312,89.97000122070312,15194600
