ts,open,high,low,close,adj close,volume
2009-06-01,237.0,242.89999389648438,235.4499969482422,242.89999389648438,242.89999389648438,84
2009-06-02,240.25,251.5500030517578,237.8000030517578,250.5,250.5,34
2009-06-03,248.3000030517578,251.0500030517578,240.8000030517578,241.75,241.75,17
2009-06-04,240.64999389648438,249.1999969482422,239.8000030517578,254.39999389648438,254.39999389648438,8
2009-06-05,257.5,258.29998779296875,253.60000610351562,259.04998779296875,259.04998779296875,9
2009-06-08,246.75,248.25,246.75,251.25,251.25,5
2009-06-09,256.45001220703125,256.45001220703125,256.45001220703125,256.45001220703125,256.45001220703125,20
2009-06-10,255.35000610351562,264.0,252.5500030517578,257.70001220703125,257.70001220703125,100
2009-06-11,253.10000610351562,253.10000610351562,253.10000610351562,254.9499969482422,254.9499969482422,1
2009-06-12,253.0500030517578,253.0500030517578,253.0500030517578,253.0500030517578,253.0500030517578,1
2009-06-15,244.9499969482422,244.9499969482422,244.9499969482422,244.9499969482422,244.9499969482422,1
2009-06-16,243.5,243.5,241.75,241.75,241.75,3
2009-06-17,239.14999389648438,241.0,239.14999389648438,242.39999389648438,242.39999389648438,38
2009-06-18,239.0500030517578,239.0500030517578,239.0500030517578,239.0500030517578,239.0500030517578,1
2009-06-19,242.8000030517578,245.5,242.8000030517578,245.5,245.5,2
2009-06-22,235.39999389648438,235.39999389648438,231.85000610351562,233.4499969482422,233.4499969482422,27
2009-06-23,230.89999389648438,234.89999389648438,230.89999389648438,236.8000030517578,236.8000030517578,15
2009-06-24,237.10000610351562,237.8000030517578,235.75,236.75,236.75,29
2009-06-25,237.89999389648438,240.0,237.89999389648438,244.25,244.25,65
2009-06-26,244.3000030517578,246.3000030517578,244.3000030517578,247.0,247.0,1648
2009-08-28,287.3500061035156,291.25,283.70001220703125,290.6000061035156,290.6000061035156,1773
2009-08-31,288.75,293.45001220703125,287.0,291.79998779296875,291.79998779296875,77
2009-09-01,294.8999938964844,294.8999938964844,287.8999938964844,288.6000061035156,288.6000061035156,38
2009-09-02,288.5,288.75,282.6000061035156,288.1000061035156,288.1000061035156,46
2009-09-03,288.8999938964844,295.5,288.79998779296875,293.20001220703125,293.20001220703125,34
2009-09-04,295.1499938964844,295.1499938964844,295.1499938964844,295.1499938964844,295.1499938964844,34
2009-09-08,292.6000061035156,298.3500061035156,292.6000061035156,297.75,297.75,9
2009-09-09,296.54998779296875,297.3500061035156,293.6499938964844,294.1000061035156,294.1000061035156,20
2009-09-10,292.04998779296875,292.04998779296875,292.04998779296875,292.04998779296875,292.04998779296875,13
2009-09-11,293.1499938964844,294.0,292.6499938964844,293.1000061035156,293.1000061035156,3
2009-09-14,295.5,296.04998779296875,295.5,294.8500061035156,294.8500061035156,3
2009-09-15,292.20001220703125,297.8500061035156,292.20001220703125,295.3500061035156,295.3500061035156,8
2009-09-16,300.0,301.04998779296875,298.25,299.6000061035156,299.6000061035156,3
2009-09-17,299.70001220703125,306.70001220703125,299.70001220703125,305.3999938964844,305.3999938964844,34
2009-09-18,305.29998779296875,305.29998779296875,304.45001220703125,304.1499938964844,304.1499938964844,4
2009-09-21,298.79998779296875,298.79998779296875,298.79998779296875,298.79998779296875,298.79998779296875,4
2009-09-22,302.04998779296875,302.04998779296875,302.04998779296875,302.04998779296875,302.04998779296875,4
2009-09-23,300.8500061035156,300.8500061035156,297.29998779296875,297.29998779296875,297.29998779296875,2
2009-09-24,301.8500061035156,301.8500061035156,301.8500061035156,297.54998779296875,297.54998779296875,1
2009-09-25,294.6000061035156,294.6000061035156,294.0,294.54998779296875,294.54998779296875,5
2009-09-28,293.25,293.25,293.25,293.25,293.25,200
2009-09-29,289.3500061035156,289.3500061035156,289.3500061035156,289.3500061035156,289.3500061035156,200
2009-09-30,298.54998779296875,298.54998779296875,298.54998779296875,298.54998779296875,298.54998779296875,200
2009-10-01,292.29998779296875,292.29998779296875,292.29998779296875,292.29998779296875,292.29998779296875,200
2009-10-02,297.54998779296875,297.54998779296875,297.54998779296875,297.54998779296875,297.54998779296875,200
2009-10-05,302.6499938964844,302.6499938964844,302.6499938964844,302.6499938964844,302.6499938964844,200
2009-10-06,309.6499938964844,309.6499938964844,309.6499938964844,309.6499938964844,309.6499938964844,200
2009-10-07,313.3999938964844,313.3999938964844,313.3999938964844,313.3999938964844,313.3999938964844,200
2009-10-08,321.95001220703125,321.95001220703125,321.95001220703125,321.95001220703125,321.95001220703125,200
2009-10-09,323.1000061035156,323.1000061035156,323.1000061035156,323.1000061035156,323.1000061035156,200
2009-10-12,329.1499938964844,329.1499938964844,329.1499938964844,329.1499938964844,329.1499938964844,200
2009-10-13,329.1499938964844,329.1499938964844,329.1499938964844,329.1499938964844,329.1499938964844,200
2009-10-14,330.1499938964844,330.1499938964844,330.1499938964844,330.1499938964844,330.1499938964844,200
2009-10-15,327.5,327.5,327.5,327.5,327.5,200
2009-10-16,330.0,330.0,330.0,330.0,330.0,200
2009-10-19,333.75,333.75,333.75,333.75,333.75,200
2009-10-20,337.0,337.0,337.0,337.0,337.0,200
2009-10-21,340.8500061035156,340.8500061035156,340.8500061035156,340.8500061035156,340.8500061035156,200
2009-10-22,339.1000061035156,339.1000061035156,339.1000061035156,339.1000061035156,339.1000061035156,200
2009-10-23,339.0,339.0,339.0,339.0,339.0,200
2009-10-26,332.6000061035156,332.6000061035156,332.6000061035156,332.6000061035156,332.6000061035156,200
2009-10-27,329.8999938964844,329.8999938964844,329.8999938964844,329.8999938964844,329.8999938964844,200
2009-10-28,316.75,316.75,316.75,316.75,316.75,4503
2009-11-27,375.0,375.1499938964844,350.0,365.70001220703125,365.70001220703125,1425
2009-11-30,363.54998779296875,371.0,357.0,363.54998779296875,363.54998779296875,299
2009-12-01,381.54998779296875,381.45001220703125,378.20001220703125,381.54998779296875,381.54998779296875,70
2009-12-02,387.70001220703125,390.45001220703125,389.20001220703125,387.70001220703125,387.70001220703125,2
2009-12-03,384.5,386.0,384.29998779296875,384.5,384.5,4
2009-12-04,376.8500061035156,380.5,370.3999938964844,376.8500061035156,376.8500061035156,8
2009-12-07,372.79998779296875,372.04998779296875,372.04998779296875,372.79998779296875,372.79998779296875,2
2009-12-08,365.0,365.0,365.0,373.20001220703125,373.20001220703125,2
2009-12-09,369.75,369.75,360.25,363.75,363.75,35
2009-12-10,363.0,364.0,361.1499938964844,362.95001220703125,362.95001220703125,10
2009-12-11,360.1499938964844,368.0,365.0,360.1499938964844,360.1499938964844,42
2009-12-14,366.1499938964844,360.45001220703125,366.1499938964844,366.1499938964844,366.1499938964844,15
2009-12-15,363.8999938964844,363.8999938964844,363.8999938964844,363.8999938964844,363.8999938964844,15
2009-12-16,371.04998779296875,371.04998779296875,371.04998779296875,371.04998779296875,371.04998779296875,11
2009-12-17,367.8999938964844,370.6000061035156,370.6000061035156,367.8999938964844,367.8999938964844,1
2009-12-18,365.79998779296875,365.79998779296875,365.79998779296875,365.79998779296875,365.79998779296875,59
2009-12-21,363.29998779296875,363.29998779296875,363.29998779296875,363.29998779296875,363.29998779296875,15
2009-12-22,352.1499938964844,358.5,350.04998779296875,352.1499938964844,352.1499938964844,20
2009-12-23,373.3999938964844,373.3999938964844,373.3999938964844,355.3999938964844,355.3999938964844,20
2009-12-24,387.6499938964844,387.5,376.0,387.6499938964844,387.6499938964844,8
2009-12-28,386.8500061035156,386.8500061035156,386.8500061035156,386.8500061035156,386.8500061035156,8
2009-12-29,386.8500061035156,386.8500061035156,386.8500061035156,386.8500061035156,386.8500061035156,0
2009-12-30,394.5,394.5,394.5,394.5,394.5,0
2009-12-31,407.25,407.25,407.25,407.25,407.25,0
2010-01-04,419.79998779296875,419.79998779296875,419.79998779296875,419.79998779296875,419.79998779296875,0
2010-01-05,420.3500061035156,420.3500061035156,420.3500061035156,420.3500061035156,420.3500061035156,0
2010-01-06,425.6000061035156,425.6000061035156,425.6000061035156,425.6000061035156,425.6000061035156,0
2010-01-07,422.95001220703125,422.95001220703125,422.95001220703125,422.95001220703125,422.95001220703125,0
2010-01-08,424.1499938964844,425.0,425.0,424.1499938964844,424.1499938964844,1
2010-01-11,430.95001220703125,430.95001220703125,430.95001220703125,430.95001220703125,430.95001220703125,1
2010-01-12,424.79998779296875,424.79998779296875,424.79998779296875,424.79998779296875,424.79998779296875,1
2010-01-13,423.95001220703125,423.95001220703125,423.95001220703125,423.95001220703125,423.95001220703125,1
2010-01-14,442.79998779296875,442.79998779296875,442.79998779296875,442.79998779296875,442.79998779296875,1
2010-01-15,447.5,447.5,447.5,447.5,447.5,1
2010-01-19,461.70001220703125,455.6000061035156,461.70001220703125,461.70001220703125,461.70001220703125,1
2010-01-20,461.79998779296875,461.79998779296875,461.79998779296875,461.79998779296875,461.79998779296875,1
2010-01-21,453.70001220703125,453.70001220703125,453.70001220703125,453.70001220703125,453.70001220703125,1
2010-01-22,439.8500061035156,439.8500061035156,439.8500061035156,439.8500061035156,439.8500061035156,1
2010-01-25,439.75,439.75,439.75,439.75,439.75,1
2010-01-26,427.29998779296875,427.29998779296875,427.29998779296875,427.29998779296875,427.29998779296875,1
2010-01-27,416.5,416.5,416.5,416.5,416.5,0
2010-02-22,442.1000061035156,442.1000061035156,442.1000061035156,442.1000061035156,442.1000061035156,0
2010-02-23,434.0,434.0,434.0,434.0,434.0,0
2010-02-24,422.70001220703125,422.70001220703125,422.70001220703125,422.70001220703125,422.70001220703125,4969
2010-02-25,420.54998779296875,425.5,414.5,423.29998779296875,423.29998779296875,2208
2010-02-26,432.3999938964844,433.0,426.0,432.3999938964844,432.3999938964844,433
2010-03-01,436.5,437.45001220703125,432.1000061035156,436.5,436.5,34
2010-03-02,443.45001220703125,443.3999938964844,434.8999938964844,443.45001220703125,443.45001220703125,60
2010-03-03,449.1499938964844,452.25,449.1499938964844,449.5,449.5,45
2010-03-04,461.75,461.95001220703125,455.3999938964844,461.75,461.75,50
2010-03-05,475.3999938964844,476.95001220703125,465.25,475.3999938964844,475.3999938964844,24
2010-03-08,470.3500061035156,476.04998779296875,470.45001220703125,470.3500061035156,470.3500061035156,15
2010-03-09,468.29998779296875,471.6000061035156,456.0,468.29998779296875,468.29998779296875,65
2010-03-10,463.75,463.75,463.75,463.75,463.75,10
2010-03-11,460.1499938964844,462.1499938964844,451.0,460.1499938964844,460.1499938964844,56
2010-03-12,462.25,462.25,462.25,462.25,462.25,2
2010-03-15,459.6499938964844,459.6499938964844,459.6499938964844,459.6499938964844,459.6499938964844,2
2010-03-16,471.3999938964844,471.3999938964844,471.3999938964844,471.3999938964844,471.3999938964844,20
2010-03-17,477.8500061035156,474.6499938964844,474.6499938964844,478.0,478.0,11
2010-03-18,477.8999938964844,477.8999938964844,477.8999938964844,477.8999938964844,477.8999938964844,11
2010-03-19,467.54998779296875,467.54998779296875,467.54998779296875,467.54998779296875,467.54998779296875,17
2010-03-22,459.5,459.5,459.5,459.5,459.5,7
2010-03-23,463.6499938964844,455.5,455.5,463.6499938964844,463.6499938964844,2
2010-03-24,453.0,445.0,445.0,453.0,453.0,1
2010-03-25,451.75,439.8500061035156,439.8500061035156,451.75,451.75,1
2010-03-26,454.70001220703125,457.3500061035156,454.6499938964844,454.70001220703125,454.70001220703125,16
2010-03-29,473.20001220703125,472.1000061035156,471.75,473.20001220703125,473.20001220703125,10
2010-03-30,468.54998779296875,468.54998779296875,468.54998779296875,468.54998779296875,468.54998779296875,10
2010-03-31,478.1499938964844,478.1499938964844,478.1499938964844,478.1499938964844,478.1499938964844,10
2010-04-01,489.54998779296875,489.54998779296875,489.54998779296875,489.54998779296875,489.54998779296875,10
2010-04-05,506.20001220703125,506.20001220703125,506.20001220703125,506.20001220703125,506.20001220703125,10
2010-04-06,506.70001220703125,506.70001220703125,504.0,506.70001220703125,506.70001220703125,10
2010-04-07,511.3500061035156,511.3500061035156,505.0,511.3500061035156,511.3500061035156,10
2010-04-08,502.5,502.5,502.5,502.5,502.5,10
2010-04-09,512.5999755859375,512.5999755859375,512.5999755859375,512.5999755859375,512.5999755859375,10
2010-04-12,523.1500244140625,523.1500244140625,523.1500244140625,523.1500244140625,523.1500244140625,10
2010-04-13,520.7999877929688,520.7999877929688,520.7999877929688,520.7999877929688,520.7999877929688,10
2010-04-14,547.5,547.5,547.5,547.5,547.5,10
2010-04-15,545.4000244140625,545.4000244140625,545.4000244140625,545.4000244140625,545.4000244140625,10
2010-04-16,531.3499755859375,531.3499755859375,531.3499755859375,531.3499755859375,531.3499755859375,10
2010-04-19,533.2000122070312,533.2000122070312,533.2000122070312,533.2000122070312,533.2000122070312,10
2010-04-20,550.5999755859375,550.5999755859375,550.5999755859375,550.5999755859375,550.5999755859375,10
2010-04-21,567.4500122070312,567.4500122070312,567.4500122070312,567.4500122070312,567.4500122070312,10
2010-04-22,564.2999877929688,564.2999877929688,564.2999877929688,564.2999877929688,564.2999877929688,10
2010-04-23,562.2000122070312,562.2000122070312,562.2000122070312,562.2000122070312,562.2000122070312,10
2010-04-26,565.4000244140625,565.4000244140625,565.4000244140625,565.4000244140625,565.4000244140625,10
2010-04-27,547.9500122070312,547.9500122070312,547.9500122070312,547.9500122070312,547.9500122070312,10
2010-04-28,540.9000244140625,540.9000244140625,540.9000244140625,540.9000244140625,540.9000244140625,1
2010-04-29,548.0,548.0,548.0,548.0,548.0,1
2010-04-30,554.75,553.2999877929688,542.9500122070312,554.75,554.75,2
2010-05-03,547.25,547.25,547.25,547.25,547.25,2
2010-05-04,514.25,514.25,514.25,514.25,514.25,2
2010-05-05,507.54998779296875,507.54998779296875,507.54998779296875,507.54998779296875,507.54998779296875,3
2010-05-06,513.0999755859375,513.0999755859375,513.0999755859375,513.0999755859375,513.0999755859375,3
2010-05-07,509.20001220703125,509.20001220703125,509.20001220703125,509.20001220703125,509.20001220703125,3
2010-05-10,523.5,523.5,523.5,523.5,523.5,3
2010-05-11,531.2000122070312,531.2000122070312,531.2000122070312,531.2000122070312,531.2000122070312,3
2010-05-12,546.4500122070312,546.4500122070312,546.4500122070312,546.4500122070312,546.4500122070312,3
2010-05-13,542.2999877929688,542.2999877929688,542.2999877929688,542.2999877929688,542.2999877929688,3
2010-05-14,526.9000244140625,526.9000244140625,526.9000244140625,526.9000244140625,526.9000244140625,3
2010-05-17,502.6000061035156,502.6000061035156,506.3999938964844,502.6000061035156,502.6000061035156,3
2010-05-18,506.0,506.0,506.0,506.0,506.0,3
2010-05-19,458.70001220703125,458.70001220703125,458.70001220703125,458.70001220703125,458.70001220703125,3
2010-05-20,407.95001220703125,407.95001220703125,407.95001220703125,407.95001220703125,407.95001220703125,3
2010-05-21,438.45001220703125,438.45001220703125,438.45001220703125,438.45001220703125,438.45001220703125,3
2010-05-24,452.54998779296875,452.54998779296875,452.54998779296875,452.54998779296875,452.54998779296875,3
2010-05-25,429.3999938964844,429.3999938964844,429.3999938964844,429.3999938964844,429.3999938964844,3
2010-05-26,445.3500061035156,445.3500061035156,445.3500061035156,445.3500061035156,445.3500061035156,4924
2010-05-27,437.75,464.3999938964844,434.0,462.25,462.25,3238
2010-05-28,461.8500061035156,470.45001220703125,452.20001220703125,461.8500061035156,461.8500061035156,593
2010-06-01,464.0,466.75,453.54998779296875,460.75,460.75,880
2010-06-02,458.04998779296875,458.25,445.8999938964844,451.3999938964844,451.3999938964844,144
2010-06-03,449.6000061035156,461.29998779296875,451.3999938964844,449.6000061035156,449.6000061035156,15
2010-06-04,429.79998779296875,446.1000061035156,427.20001220703125,429.79998779296875,429.79998779296875,195
2010-06-07,428.8500061035156,423.95001220703125,421.75,428.8500061035156,428.8500061035156,7
2010-06-08,441.45001220703125,443.3500061035156,434.70001220703125,441.45001220703125,441.45001220703125,65
2010-06-09,453.8999938964844,453.8999938964844,452.20001220703125,454.95001220703125,454.95001220703125,9
2010-06-10,448.79998779296875,455.0,446.1000061035156,448.79998779296875,448.79998779296875,51
2010-06-11,448.25,453.0,453.0,448.25,448.25,1
2010-06-14,460.3500061035156,457.8500061035156,455.25,460.3500061035156,460.3500061035156,2
2010-06-15,475.25,474.6000061035156,461.95001220703125,475.25,475.25,30
2010-06-16,474.29998779296875,474.29998779296875,474.29998779296875,474.29998779296875,474.29998779296875,60
2010-06-17,480.3500061035156,481.6000061035156,480.6000061035156,480.3500061035156,480.3500061035156,11
2010-06-18,490.8999938964844,491.0,491.0,490.8999938964844,490.8999938964844,1
2010-06-21,494.1000061035156,499.1000061035156,499.1000061035156,494.1000061035156,494.1000061035156,10
2010-06-22,489.45001220703125,489.45001220703125,489.45001220703125,489.45001220703125,489.45001220703125,6
2010-06-23,473.3500061035156,473.3500061035156,473.3500061035156,473.3500061035156,473.3500061035156,6
2010-06-24,469.0,469.0,469.0,469.0,469.0,6
2010-06-25,477.20001220703125,472.8999938964844,472.70001220703125,477.20001220703125,477.20001220703125,5
2010-06-28,470.04998779296875,470.04998779296875,474.3999938964844,470.04998779296875,470.04998779296875,1
2010-06-29,452.0,450.0,447.95001220703125,452.0,452.0,6
2010-06-30,444.3999938964844,440.0,434.1000061035156,444.3999938964844,444.3999938964844,3
2010-07-01,429.04998779296875,436.20001220703125,436.04998779296875,429.04998779296875,429.04998779296875,2
2010-07-02,426.8999938964844,426.8999938964844,426.8999938964844,426.8999938964844,426.8999938964844,2
2010-07-06,440.3999938964844,440.3999938964844,440.3999938964844,440.3999938964844,440.3999938964844,2
2010-07-07,442.3500061035156,442.3500061035156,442.3500061035156,442.3500061035156,442.3500061035156,2
2010-07-08,444.3999938964844,444.3999938964844,444.3999938964844,444.3999938964844,444.3999938964844,2
2010-07-09,456.95001220703125,456.95001220703125,456.95001220703125,456.95001220703125,456.95001220703125,2
2010-07-12,454.1499938964844,454.1499938964844,454.1499938964844,454.1499938964844,454.1499938964844,2
2010-07-13,468.70001220703125,468.70001220703125,468.70001220703125,468.70001220703125,468.70001220703125,2
2010-07-14,465.3500061035156,465.3500061035156,465.3500061035156,465.3500061035156,465.3500061035156,2
2010-07-15,466.95001220703125,466.95001220703125,466.95001220703125,466.95001220703125,466.95001220703125,2
2010-07-16,448.1499938964844,448.1499938964844,448.1499938964844,448.1499938964844,448.1499938964844,2
2010-07-19,443.45001220703125,443.45001220703125,443.45001220703125,443.45001220703125,443.45001220703125,2
2010-07-20,450.6000061035156,450.6000061035156,450.6000061035156,450.6000061035156,450.6000061035156,2
2010-07-21,451.70001220703125,451.70001220703125,451.70001220703125,451.70001220703125,451.70001220703125,2
2010-07-22,456.45001220703125,456.45001220703125,456.45001220703125,456.45001220703125,456.45001220703125,2
2010-07-23,466.29998779296875,466.29998779296875,466.29998779296875,466.29998779296875,466.29998779296875,2
2010-07-26,474.54998779296875,474.54998779296875,474.54998779296875,474.54998779296875,474.54998779296875,2
2010-07-27,466.1000061035156,477.3500061035156,477.3500061035156,466.1000061035156,466.1000061035156,1
2010-07-28,468.29998779296875,468.29998779296875,468.29998779296875,468.29998779296875,468.29998779296875,1
2010-07-29,491.20001220703125,491.20001220703125,491.20001220703125,491.20001220703125,491.20001220703125,1
2010-07-30,500.0,500.0,500.0,500.0,500.0,1
2010-08-02,515.8499755859375,515.8499755859375,515.8499755859375,515.8499755859375,515.8499755859375,14
2010-08-03,506.45001220703125,506.45001220703125,506.45001220703125,506.45001220703125,506.45001220703125,14
2010-08-04,500.1499938964844,503.3500061035156,503.29998779296875,500.1499938964844,500.1499938964844,2
2010-08-05,496.04998779296875,496.04998779296875,496.04998779296875,496.04998779296875,496.04998779296875,2
2010-08-06,487.6000061035156,487.6000061035156,487.6000061035156,487.6000061035156,487.6000061035156,2
2010-08-09,479.6499938964844,479.6499938964844,479.6499938964844,479.6499938964844,479.6499938964844,2
2010-08-10,470.6000061035156,470.6000061035156,470.6000061035156,470.6000061035156,470.6000061035156,2
2010-08-11,464.70001220703125,464.70001220703125,464.70001220703125,464.70001220703125,464.70001220703125,2
2010-08-12,471.04998779296875,471.04998779296875,471.04998779296875,471.04998779296875,471.04998779296875,2
2010-08-13,477.25,477.25,477.25,477.25,477.25,2
2010-08-16,485.75,485.75,485.75,485.75,485.75,2
2010-08-17,497.29998779296875,497.29998779296875,497.29998779296875,497.29998779296875,497.29998779296875,2
2010-08-18,490.3999938964844,490.3999938964844,490.3999938964844,490.3999938964844,490.3999938964844,2
2010-08-19,485.6499938964844,485.6499938964844,485.6499938964844,485.6499938964844,485.6499938964844,2
2010-08-20,476.20001220703125,476.20001220703125,476.20001220703125,476.20001220703125,476.20001220703125,2
2010-08-23,483.70001220703125,483.70001220703125,483.70001220703125,483.70001220703125,483.70001220703125,2
2010-08-24,484.25,484.25,484.25,484.25,484.25,2
2010-08-25,491.54998779296875,491.54998779296875,491.54998779296875,491.54998779296875,491.54998779296875,2
2010-08-26,502.5,502.5,502.5,502.5,502.5,2
2010-08-27,503.04998779296875,503.04998779296875,503.04998779296875,503.04998779296875,503.04998779296875,2192
2010-08-30,506.1499938964844,508.0,496.5,497.8999938964844,497.8999938964844,2215
2010-08-31,500.3999938964844,502.70001220703125,486.0,500.3999938964844,500.3999938964844,113
2010-09-01,518.3499755859375,525.2999877929688,503.3500061035156,518.3499755859375,518.3499755859375,137
2010-09-02,523.4500122070312,524.0999755859375,515.0,523.4500122070312,523.4500122070312,56
2010-09-03,529.0499877929688,528.5499877929688,522.5999755859375,529.0499877929688,529.0499877929688,15
2010-09-07,521.5999755859375,530.5999755859375,519.0,521.5999755859375,521.5999755859375,86
2010-09-08,525.5,527.2000122070312,523.0,525.5,525.5,25
2010-09-09,520.5999755859375,524.2000122070312,516.0,520.5999755859375,520.5999755859375,48
2010-09-10,517.5499877929688,522.5999755859375,512.4500122070312,517.5499877929688,517.5499877929688,40
2010-09-13,527.7999877929688,528.9500122070312,516.5,527.7999877929688,527.7999877929688,5
2010-09-14,551.75,550.4500122070312,537.2000122070312,551.75,551.75,10
2010-09-15,540.1500244140625,560.0,539.5499877929688,557.1500244140625,557.1500244140625,61
2010-09-16,546.9500122070312,555.0999755859375,554.0,546.9500122070312,546.9500122070312,12
2010-09-17,543.2999877929688,543.2999877929688,543.2999877929688,543.2999877929688,543.2999877929688,12
2010-09-20,539.5,540.2999877929688,536.75,539.5,539.5,5
2010-09-21,527.7999877929688,527.7999877929688,527.7999877929688,527.7999877929688,527.7999877929688,5
2010-09-22,539.6500244140625,539.6500244140625,539.6500244140625,539.6500244140625,539.6500244140625,30
2010-09-23,554.8499755859375,554.8499755859375,554.8499755859375,554.8499755859375,554.8499755859375,12
2010-09-24,558.5,558.8499755859375,558.8499755859375,558.5,558.5,1
2010-09-27,550.7000122070312,558.5999755859375,558.0999755859375,550.7000122070312,550.7000122070312,22
2010-09-28,556.6500244140625,556.6500244140625,556.6500244140625,560.2999877929688,560.2999877929688,4
2010-09-29,567.2999877929688,567.2999877929688,567.2999877929688,567.2999877929688,567.2999877929688,4
2010-09-30,571.25,571.25,571.25,571.25,571.25,4
2010-10-01,571.25,571.25,571.25,571.25,571.25,4
2010-10-04,561.2999877929688,561.2999877929688,561.2999877929688,561.2999877929688,561.2999877929688,4
2010-10-05,578.2000122070312,578.2000122070312,578.2000122070312,578.2000122070312,578.2000122070312,4
2010-10-06,589.6500244140625,589.6500244140625,589.6500244140625,589.6500244140625,589.6500244140625,4
2010-10-07,587.0999755859375,587.0999755859375,587.0999755859375,587.0999755859375,587.0999755859375,4
2010-10-08,587.5999755859375,587.5999755859375,587.5999755859375,587.5999755859375,587.5999755859375,4
2010-10-11,588.75,588.75,588.75,588.75,588.75,4
2010-10-12,580.6500244140625,580.6500244140625,580.6500244140625,580.6500244140625,580.6500244140625,4
2010-10-13,593.6500244140625,593.6500244140625,593.6500244140625,593.6500244140625,593.6500244140625,4
2010-10-14,601.5499877929688,601.5499877929688,601.5499877929688,601.5499877929688,601.5499877929688,4
2010-10-15,589.2000122070312,589.2000122070312,589.2000122070312,589.2000122070312,589.2000122070312,4
2010-10-18,588.0999755859375,588.0999755859375,588.0999755859375,588.0999755859375,588.0999755859375,4
2010-10-19,578.4500122070312,578.4500122070312,578.4500122070312,578.4500122070312,578.4500122070312,4
2010-10-20,590.6500244140625,590.6500244140625,590.6500244140625,590.6500244140625,590.6500244140625,4
2010-10-21,586.2999877929688,586.2999877929688,586.2999877929688,586.2999877929688,586.2999877929688,163
2010-10-22,591.0999755859375,591.0999755859375,591.0999755859375,591.0999755859375,591.0999755859375,163
2010-10-25,608.7999877929688,608.7999877929688,608.7999877929688,608.7999877929688,608.7999877929688,163
2010-10-26,625.4500122070312,625.4500122070312,625.4500122070312,625.4500122070312,625.4500122070312,163
2010-10-27,619.1500244140625,619.1500244140625,619.1500244140625,619.1500244140625,619.1500244140625,2
2010-10-28,629.4500122070312,629.4500122070312,629.4500122070312,629.4500122070312,629.4500122070312,2
2010-10-29,645.0999755859375,645.0999755859375,645.0999755859375,645.0999755859375,645.0999755859375,2
2010-11-01,644.0999755859375,644.0999755859375,644.0999755859375,647.7000122070312,647.7000122070312,2
2010-11-02,644.4500122070312,644.4500122070312,644.4500122070312,644.4500122070312,644.4500122070312,2
2010-11-03,641.7000122070312,641.7000122070312,641.7000122070312,641.7000122070312,641.7000122070312,2
2010-11-04,673.75,673.75,673.75,673.75,673.75,2
2010-11-05,684.4000244140625,684.4000244140625,684.4000244140625,684.4000244140625,684.4000244140625,2
2010-11-08,709.9000244140625,709.9000244140625,709.9000244140625,709.9000244140625,709.9000244140625,2
2010-11-09,741.6500244140625,741.6500244140625,741.6500244140625,741.6500244140625,741.6500244140625,2
2010-11-10,696.0,696.0,697.7999877929688,696.0,696.0,2
2010-11-11,703.4000244140625,703.4000244140625,703.4000244140625,703.4000244140625,703.4000244140625,2
2010-11-12,672.9000244140625,672.9000244140625,693.7999877929688,672.9000244140625,672.9000244140625,2
2010-11-15,680.5499877929688,680.5499877929688,680.5499877929688,680.5499877929688,680.5499877929688,2
2010-11-16,645.1500244140625,645.1500244140625,645.1500244140625,645.1500244140625,645.1500244140625,2
2010-11-17,654.0999755859375,654.0999755859375,654.0999755859375,654.0999755859375,654.0999755859375,2
2010-11-18,657.1500244140625,668.3499755859375,657.1500244140625,694.75,694.75,2
2010-11-19,702.9500122070312,702.9500122070312,702.9500122070312,702.9500122070312,702.9500122070312,2
2010-11-22,683.9500122070312,683.9500122070312,683.9500122070312,683.9500122070312,683.9500122070312,2
2010-11-23,690.5999755859375,690.5999755859375,690.5999755859375,690.5999755859375,690.5999755859375,2
2010-11-24,694.9000244140625,694.9000244140625,694.9000244140625,694.9000244140625,694.9000244140625,2
2010-11-26,676.0,676.0,676.0,676.0,676.0,4727
2010-11-29,677.5,694.0499877929688,669.2999877929688,693.0,693.0,3332
2010-11-30,693.4000244140625,704.25,686.5499877929688,700.9500122070312,700.9500122070312,607
2010-12-01,702.0,734.0999755859375,701.5,730.75,730.75,94
2010-12-02,746.0999755859375,770.8499755859375,736.5,762.2999877929688,762.2999877929688,15
2010-12-03,768.5999755859375,777.0,762.0499877929688,768.8499755859375,768.8499755859375,47
2010-12-06,768.5999755859375,777.0,762.0499877929688,750.1500244140625,750.1500244140625,47
2010-12-07,759.5999755859375,768.0,730.0,737.2000122070312,737.2000122070312,47
2010-12-08,725.0,728.7999877929688,725.0,727.2000122070312,727.2000122070312,6
2010-12-09,737.6500244140625,741.5,737.0999755859375,739.75,739.75,5
2010-12-10,737.6500244140625,741.5,737.0999755859375,731.3499755859375,731.3499755859375,102
2010-12-13,753.2999877929688,753.2999877929688,753.2999877929688,751.0,751.0,2
2010-12-14,758.25,760.0999755859375,758.25,766.7000122070312,766.7000122070312,2
2010-12-15,751.1500244140625,751.1500244140625,751.1500244140625,751.1500244140625,751.1500244140625,2
2010-12-16,741.0499877929688,741.0499877929688,741.0499877929688,741.0499877929688,741.0499877929688,2
2010-12-17,735.7000122070312,735.7000122070312,735.7000122070312,737.5999755859375,737.5999755859375,20
2010-12-20,742.75,742.75,742.75,742.75,742.75,20
2010-12-21,751.0499877929688,751.0499877929688,751.0499877929688,751.0499877929688,751.0499877929688,20
2010-12-22,754.25,754.25,754.25,754.25,754.25,20
2010-12-23,750.0,750.0,750.0,758.2000122070312,758.2000122070312,3
2010-12-27,764.5999755859375,771.5,764.5999755859375,767.2000122070312,767.2000122070312,10
2010-12-28,764.5999755859375,788.0999755859375,788.0999755859375,787.2000122070312,787.2000122070312,1
2010-12-29,764.5999755859375,788.0999755859375,788.0999755859375,793.4000244140625,793.4000244140625,3
2010-12-30,786.2000122070312,786.2000122070312,786.2000122070312,786.2000122070312,786.2000122070312,3
2010-12-31,803.2999877929688,803.2999877929688,803.2999877929688,803.2999877929688,803.2999877929688,7
2011-01-03,800.4000244140625,800.4000244140625,800.4000244140625,800.4000244140625,800.4000244140625,7
2011-01-04,769.0499877929688,769.0499877929688,769.0499877929688,769.0499877929688,769.0499877929688,7
2011-01-05,775.2999877929688,775.2999877929688,775.2999877929688,775.2999877929688,775.2999877929688,7
2011-01-06,762.9000244140625,762.9000244140625,762.9000244140625,762.9000244140625,762.9000244140625,7
2011-01-07,748.0999755859375,748.0999755859375,748.0999755859375,755.9500122070312,755.9500122070312,3
2011-01-10,748.6500244140625,748.6500244140625,748.6500244140625,748.6500244140625,748.6500244140625,3
2011-01-11,782.75,782.75,782.75,782.75,782.75,3
2011-01-12,805.7999877929688,805.7999877929688,805.7999877929688,805.7999877929688,805.7999877929688,3
2011-01-13,811.4000244140625,811.4000244140625,811.4000244140625,811.4000244140625,811.4000244140625,3
2011-01-14,788.4500122070312,788.4500122070312,788.4500122070312,788.4500122070312,788.4500122070312,3
2011-01-18,808.4000244140625,808.4000244140625,808.4000244140625,808.4000244140625,808.4000244140625,1
2011-01-19,817.75,817.75,817.75,817.75,817.75,1
2011-01-20,816.8499755859375,816.8499755859375,816.8499755859375,813.8499755859375,813.8499755859375,1
2011-01-21,814.75,814.75,814.75,814.75,814.75,1
2011-01-24,814.5499877929688,814.5499877929688,814.5499877929688,814.5499877929688,814.5499877929688,1
2011-01-25,782.75,782.75,782.75,782.75,782.75,1
2011-01-26,802.6500244140625,802.6500244140625,802.6500244140625,802.6500244140625,802.6500244140625,1
2011-01-27,811.5499877929688,811.5499877929688,811.5499877929688,811.5499877929688,811.5499877929688,38
2011-01-28,815.9000244140625,815.9000244140625,815.9000244140625,815.9000244140625,815.9000244140625,38
2011-01-31,819.0,819.0,819.0,819.0,819.0,38
2011-02-01,822.4500122070312,822.4500122070312,822.4500122070312,822.4500122070312,822.4500122070312,38
2011-02-02,809.4500122070312,809.4500122070312,809.4500122070312,809.4500122070312,809.4500122070312,38
2011-02-03,819.4500122070312,819.4500122070312,819.4500122070312,819.4500122070312,819.4500122070312,38
2011-02-04,815.5999755859375,815.5999755859375,815.5999755859375,815.5999755859375,815.5999755859375,38
2011-02-07,818.2000122070312,818.2000122070312,818.2000122070312,818.2000122070312,818.2000122070312,38
2011-02-08,837.5999755859375,837.5999755859375,837.5999755859375,837.5999755859375,837.5999755859375,38
2011-02-09,825.5999755859375,825.5999755859375,825.5999755859375,825.5999755859375,825.5999755859375,38
2011-02-10,820.0499877929688,820.0499877929688,820.0499877929688,820.0499877929688,820.0499877929688,38
2011-02-11,813.8499755859375,813.8499755859375,813.8499755859375,813.8499755859375,813.8499755859375,38
2011-02-14,832.2000122070312,832.2000122070312,832.2000122070312,832.2000122070312,832.2000122070312,38
2011-02-15,839.2999877929688,839.2999877929688,839.2999877929688,839.2999877929688,839.2999877929688,38
2011-02-16,837.9000244140625,837.9000244140625,837.9000244140625,837.9000244140625,837.9000244140625,38
2011-02-17,842.5499877929688,842.5499877929688,842.5499877929688,842.5499877929688,842.5499877929688,38
2011-02-18,857.25,857.25,857.25,857.25,857.25,38
2011-02-22,805.4500122070312,805.4500122070312,805.4500122070312,805.4500122070312,805.4500122070312,38
2011-02-23,774.2999877929688,774.2999877929688,774.2999877929688,774.2999877929688,774.2999877929688,38
2011-02-24,777.75,777.75,777.75,777.75,777.75,6420
2011-02-25,775.0,791.75,774.2999877929688,785.4500122070312,785.4500122070312,3972
2011-02-28,790.8499755859375,802.0,785.6500244140625,797.6500244140625,797.6500244140625,507
2011-03-01,798.0,814.9000244140625,797.0999755859375,814.3499755859375,814.3499755859375,97
2011-03-02,813.5,821.9000244140625,807.7000122070312,820.4000244140625,820.4000244140625,45
2011-03-03,814.7999877929688,818.1500244140625,812.0,812.5999755859375,812.5999755859375,12
2011-03-04,810.5,816.5,808.7999877929688,807.7999877929688,807.7999877929688,10
2011-03-07,781.7000122070312,809.2999877929688,780.4000244140625,788.25,788.25,6
2011-03-08,786.5,787.0,775.0999755859375,785.1500244140625,785.1500244140625,18
2011-03-09,794.4500122070312,798.7999877929688,791.9000244140625,780.3499755859375,780.3499755859375,13
2011-03-10,767.3499755859375,769.7000122070312,762.5,764.3499755859375,764.3499755859375,23
2011-03-11,762.25,767.0499877929688,750.4000244140625,763.75,763.75,38
2011-03-14,746.4500122070312,747.6500244140625,746.4500122070312,746.4500122070312,746.4500122070312,20
2011-03-15,742.0499877929688,742.0499877929688,696.0,703.2999877929688,703.2999877929688,202
2011-03-16,716.5499877929688,716.5499877929688,716.5499877929688,706.0999755859375,706.0999755859375,13
2011-03-17,716.0,716.0,716.0,716.0,716.0,25
2011-03-18,731.4500122070312,731.4500122070312,731.4500122070312,731.4000244140625,731.4000244140625,3
2011-03-21,740.0,743.0,739.7999877929688,741.2999877929688,741.2999877929688,52
2011-03-22,740.7999877929688,740.7999877929688,740.0,735.8499755859375,735.8499755859375,11
2011-03-23,742.6500244140625,742.6500244140625,742.6500244140625,748.9000244140625,748.9000244140625,46
2011-03-24,751.8499755859375,751.8499755859375,751.8499755859375,751.8499755859375,751.8499755859375,46
2011-03-25,750.4000244140625,751.0,751.0,750.4000244140625,750.4000244140625,1
2011-03-28,743.7999877929688,746.9500122070312,743.7999877929688,745.7000122070312,745.7000122070312,2
2011-03-29,745.5,745.8499755859375,745.5,752.9500122070312,752.9500122070312,11
2011-03-30,738.0,739.5999755859375,736.5999755859375,758.0999755859375,758.0999755859375,7
2011-03-31,767.9000244140625,767.9000244140625,767.9000244140625,767.9000244140625,767.9000244140625,7
2011-04-01,775.0499877929688,775.0499877929688,775.0499877929688,775.0499877929688,775.0499877929688,7
2011-04-04,783.4000244140625,783.4000244140625,783.4000244140625,783.4000244140625,783.4000244140625,7
2011-04-05,790.5,790.5,790.5,790.5,790.5,7
2011-04-06,781.7999877929688,781.7999877929688,781.7999877929688,781.7999877929688,781.7999877929688,7
2011-04-07,777.4500122070312,777.4500122070312,777.4500122070312,777.4500122070312,777.4500122070312,7
2011-04-08,792.0,792.0,792.0,792.0,792.0,7
2011-04-11,787.1500244140625,787.1500244140625,787.1500244140625,787.1500244140625,787.1500244140625,7
2011-04-12,769.5499877929688,769.5499877929688,769.5499877929688,769.5499877929688,769.5499877929688,7
2011-04-13,754.0499877929688,754.0499877929688,754.0499877929688,764.75,764.75,1
2011-04-14,764.4000244140625,764.4000244140625,750.0,773.7000122070312,773.7000122070312,2
2011-04-15,767.7999877929688,767.7999877929688,767.7999877929688,767.7999877929688,767.7999877929688,2
2011-04-18,738.7999877929688,738.7999877929688,738.7999877929688,738.7999877929688,738.7999877929688,2
2011-04-19,730.7999877929688,730.7999877929688,730.7999877929688,730.7999877929688,730.7999877929688,2
2011-04-20,758.5999755859375,758.5999755859375,758.5999755859375,758.5999755859375,758.5999755859375,1
2011-04-21,768.75,768.75,768.75,768.75,768.75,1
2011-04-25,760.5,760.5,760.5,760.5,760.5,1
2011-04-26,755.4000244140625,755.4000244140625,755.4000244140625,755.4000244140625,755.4000244140625,1
2011-04-27,757.7999877929688,757.7999877929688,757.7999877929688,757.7999877929688,757.7999877929688,1
2011-04-28,775.0999755859375,775.0999755859375,775.0999755859375,775.0999755859375,775.0999755859375,1
2011-04-29,791.9500122070312,791.9500122070312,791.9500122070312,791.9500122070312,791.9500122070312,1
2011-05-02,783.9000244140625,783.9000244140625,783.9000244140625,783.9000244140625,783.9000244140625,1
2011-05-03,782.2000122070312,782.2000122070312,782.2000122070312,782.2000122070312,782.2000122070312,1
2011-05-04,746.5999755859375,746.5999755859375,775.0,746.5999755859375,746.5999755859375,1
2011-05-05,710.7000122070312,710.7000122070312,710.7000122070312,710.7000122070312,710.7000122070312,1
2011-05-06,716.2000122070312,716.2000122070312,716.2000122070312,716.2000122070312,716.2000122070312,1
2011-05-09,728.9000244140625,728.9000244140625,728.9000244140625,728.9000244140625,728.9000244140625,1
2011-05-10,732.5499877929688,732.5499877929688,732.5499877929688,732.5499877929688,732.5499877929688,1
2011-05-11,715.2999877929688,715.2999877929688,715.2999877929688,715.2999877929688,715.2999877929688,1
2011-05-12,716.75,716.75,716.75,716.75,716.75,1
2011-05-13,706.4500122070312,706.4500122070312,706.4500122070312,706.4500122070312,706.4500122070312,1
2011-05-16,713.5,713.5,713.5,713.5,713.5,1
2011-05-17,714.25,714.25,714.25,714.25,714.25,1
2011-05-18,737.2000122070312,737.2000122070312,737.2000122070312,737.2000122070312,737.2000122070312,1
2011-05-19,728.1500244140625,728.1500244140625,728.1500244140625,728.1500244140625,728.1500244140625,1
2011-05-20,735.5,735.5,735.5,735.5,735.5,1
2011-05-23,731.7999877929688,731.7999877929688,731.7999877929688,731.7999877929688,731.7999877929688,1
2011-05-24,735.25,735.25,735.25,735.25,735.25,1
2011-05-25,747.3499755859375,747.3499755859375,747.3499755859375,747.3499755859375,747.3499755859375,1
2011-05-26,757.2000122070312,757.2000122070312,757.2000122070312,757.2000122070312,757.2000122070312,5115
2011-05-27,753.5,761.25,751.5499877929688,759.9000244140625,759.9000244140625,2893
2011-05-31,761.0499877929688,782.25,756.3499755859375,778.9500122070312,778.9500122070312,595
2011-06-01,772.0,788.5499877929688,771.25,777.4500122070312,777.4500122070312,115
2011-06-02,770.8499755859375,777.2000122070312,768.0,768.4000244140625,768.4000244140625,396
2011-06-03,762.9500122070312,779.2999877929688,762.9500122070312,783.25,783.25,26
2011-06-06,787.3499755859375,794.3499755859375,787.3499755859375,797.0499877929688,797.0499877929688,28
2011-06-07,802.8499755859375,809.4000244140625,802.3499755859375,807.7999877929688,807.7999877929688,33
2011-06-08,802.8499755859375,809.4000244140625,798.2000122070312,804.0,804.0,33
2011-06-09,809.7000122070312,816.0999755859375,809.7000122070312,816.4000244140625,816.4000244140625,11
2011-06-10,817.5499877929688,818.0499877929688,806.4500122070312,815.7000122070312,815.7000122070312,6
2011-06-13,812.2000122070312,812.2000122070312,794.7000122070312,798.4500122070312,798.4500122070312,31
2011-06-14,798.25,798.7999877929688,798.25,790.9000244140625,790.9000244140625,6
2011-06-15,795.0,795.0,784.2999877929688,774.0,774.0,20
2011-06-16,761.5,761.5,761.5,761.5,761.5,37
2011-06-17,745.2000122070312,746.4500122070312,745.2000122070312,743.7000122070312,743.7000122070312,6
2011-06-20,735.0,735.0,735.0,746.5,746.5,1
2011-06-21,760.3499755859375,763.75,760.3499755859375,764.75,764.75,29
2011-06-22,768.8499755859375,768.8499755859375,768.8499755859375,768.8499755859375,768.8499755859375,13
2011-06-23,742.0,742.0,741.8499755859375,741.5499877929688,741.5499877929688,2
2011-06-24,732.9000244140625,732.9000244140625,732.9000244140625,730.2000122070312,730.2000122070312,1
2011-06-27,723.0499877929688,723.0499877929688,720.0499877929688,722.8499755859375,722.8499755859375,8
2011-06-28,733.4000244140625,733.4000244140625,733.4000244140625,733.4000244140625,733.4000244140625,3
2011-06-29,736.75,736.75,736.75,750.1500244140625,750.1500244140625,2
2011-06-30,759.4000244140625,759.4000244140625,759.4000244140625,759.4000244140625,759.4000244140625,2
2011-07-01,756.4500122070312,756.4500122070312,756.4500122070312,756.4500122070312,756.4500122070312,2
2011-07-05,771.9000244140625,771.9000244140625,771.9000244140625,774.6500244140625,774.6500244140625,1
2011-07-06,772.2000122070312,772.2000122070312,772.2000122070312,772.2000122070312,772.2000122070312,1
2011-07-07,785.5499877929688,785.5499877929688,770.4000244140625,785.5499877929688,785.5499877929688,1
2011-07-08,777.9500122070312,777.9500122070312,780.0,777.9500122070312,777.9500122070312,1
2011-07-11,766.4500122070312,766.4500122070312,766.4500122070312,766.4500122070312,766.4500122070312,1
2011-07-12,766.4500122070312,766.4500122070312,766.4500122070312,766.4500122070312,766.4500122070312,1
2011-07-13,780.0,780.0,780.0,782.75,782.75,1
2011-07-14,783.0,783.0,783.0,782.0999755859375,782.0999755859375,1
2011-07-15,779.4000244140625,779.4000244140625,779.4000244140625,779.4000244140625,779.4000244140625,1
2011-07-18,793.3499755859375,793.3499755859375,793.3499755859375,793.3499755859375,793.3499755859375,1
2011-07-19,797.0499877929688,797.0499877929688,797.0499877929688,797.0499877929688,797.0499877929688,1
2011-07-20,792.4000244140625,792.4000244140625,792.4000244140625,792.4000244140625,792.4000244140625,1
2011-07-21,807.75,807.75,807.75,807.75,807.75,1
2011-07-22,805.1500244140625,805.1500244140625,805.1500244140625,805.1500244140625,805.1500244140625,1
2011-07-25,807.75,807.75,807.75,807.75,807.75,1
2011-07-26,834.8499755859375,834.8499755859375,834.8499755859375,834.8499755859375,834.8499755859375,1
2011-07-27,832.2000122070312,832.2000122070312,832.2000122070312,832.2000122070312,832.2000122070312,144
2011-07-28,827.0999755859375,827.0999755859375,827.0999755859375,827.0999755859375,827.0999755859375,144
2011-07-29,826.7000122070312,826.7000122070312,826.7000122070312,826.7000122070312,826.7000122070312,144
2011-08-01,828.5,828.5,828.5,828.5,828.5,144
2011-08-02,825.9000244140625,825.9000244140625,825.9000244140625,825.9000244140625,825.9000244140625,144
2011-08-03,794.0999755859375,794.0999755859375,810.0,794.0999755859375,794.0999755859375,144
2011-08-04,751.9500122070312,751.9500122070312,751.9500122070312,751.9500122070312,751.9500122070312,144
2011-08-05,740.75,740.75,740.75,740.75,740.75,144
2011-08-08,727.5,727.5,727.5,727.5,727.5,144
2011-08-09,733.5499877929688,733.5499877929688,733.5499877929688,733.5499877929688,733.5499877929688,144
2011-08-10,726.2999877929688,726.2999877929688,732.0,726.2999877929688,726.2999877929688,144
2011-08-11,732.0,732.0,732.0,733.2999877929688,733.2999877929688,1
2011-08-12,747.7000122070312,747.7000122070312,747.7000122070312,747.7000122070312,747.7000122070312,1
2011-08-15,745.8499755859375,745.8499755859375,745.8499755859375,745.8499755859375,745.8499755859375,1
2011-08-16,756.25,756.25,756.25,756.25,756.25,1
2011-08-17,775.6500244140625,775.6500244140625,775.6500244140625,775.6500244140625,775.6500244140625,1
2011-08-18,756.75,756.75,756.75,756.75,756.75,1
2011-08-19,748.5499877929688,748.5499877929688,748.5499877929688,748.5499877929688,748.5499877929688,1
2011-08-22,764.8499755859375,764.8499755859375,764.8499755859375,764.8499755859375,764.8499755859375,1
2011-08-23,764.1500244140625,764.1500244140625,764.1500244140625,764.1500244140625,764.1500244140625,1
2011-08-24,742.9000244140625,742.9000244140625,742.9000244140625,742.9000244140625,742.9000244140625,1
2011-08-25,750.9000244140625,750.9000244140625,750.9000244140625,750.9000244140625,750.9000244140625,1
2011-08-26,756.0999755859375,756.0999755859375,756.0999755859375,756.0999755859375,756.0999755859375,1
2011-08-29,753.7000122070312,753.7000122070312,753.7000122070312,753.7000122070312,753.7000122070312,1972
2011-08-30,755.8499755859375,779.7000122070312,753.2000122070312,777.0499877929688,777.0499877929688,1966
2011-08-31,780.0,794.4500122070312,774.5,788.0999755859375,788.0999755859375,1133
2011-09-01,783.3499755859375,788.2000122070312,774.7999877929688,788.5499877929688,788.5499877929688,165
2011-09-02,787.0,787.0,774.0999755859375,781.0999755859375,781.0999755859375,101
2011-09-06,761.5499877929688,767.9000244140625,754.7000122070312,747.4500122070312,747.4500122070312,18
2011-09-07,750.25,750.25,750.25,750.8499755859375,750.8499755859375,1
2011-09-08,760.0,760.5,760.0,763.5999755859375,763.5999755859375,30
2011-09-09,758.7999877929688,764.7000122070312,736.5,737.0999755859375,737.0999755859375,25
2011-09-12,722.0,725.4000244140625,700.1500244140625,710.25,710.25,22
2011-09-13,706.9500122070312,716.8499755859375,706.9500122070312,727.0,727.0,3
2011-09-14,718.2999877929688,718.2999877929688,718.2999877929688,719.2000122070312,719.2000122070312,1
2011-09-15,721.7000122070312,721.7000122070312,721.7000122070312,721.7000122070312,721.7000122070312,3
2011-09-16,731.2000122070312,731.2000122070312,731.2000122070312,731.2000122070312,731.2000122070312,1
2011-09-19,710.3499755859375,710.3499755859375,710.3499755859375,710.3499755859375,710.3499755859375,1
2011-09-20,717.5,717.5,717.5,716.0,716.0,2
2011-09-21,711.0999755859375,711.0999755859375,711.0999755859375,711.0999755859375,711.0999755859375,2
2011-09-22,662.2999877929688,652.75,652.75,662.2999877929688,662.2999877929688,5
2011-09-23,648.0999755859375,648.0999755859375,634.5999755859375,640.75,640.75,8
2011-09-26,648.5999755859375,648.5999755859375,614.5,626.4500122070312,626.4500122070312,16
2011-09-27,654.75,654.75,654.75,649.0,649.0,1
2011-09-28,633.7999877929688,633.7999877929688,633.7999877929688,633.7999877929688,633.7999877929688,2
2011-09-29,618.0999755859375,618.0999755859375,617.7000122070312,623.0999755859375,623.0999755859375,4
2011-09-30,614.0499877929688,614.0499877929688,614.0499877929688,614.0499877929688,614.0499877929688,4
2011-10-03,593.25,593.25,593.25,593.25,593.25,4
2011-10-04,563.5,554.0,536.6500244140625,563.5,563.5,10
2011-10-05,563.5,554.0,536.6500244140625,569.7000122070312,569.7000122070312,10
2011-10-06,598.1500244140625,598.1500244140625,598.1500244140625,598.1500244140625,598.1500244140625,10
2011-10-07,585.2000122070312,585.2000122070312,585.2000122070312,585.2000122070312,585.2000122070312,10
2011-10-10,613.6500244140625,613.6500244140625,613.6500244140625,613.6500244140625,613.6500244140625,10
2011-10-11,639.6500244140625,639.6500244140625,639.6500244140625,603.6500244140625,603.6500244140625,10
2011-10-12,610.4500122070312,610.4500122070312,610.4500122070312,610.4500122070312,610.4500122070312,10
2011-10-13,593.4500122070312,593.4500122070312,593.4500122070312,593.4500122070312,593.4500122070312,10
2011-10-14,619.9000244140625,619.9000244140625,619.9000244140625,619.9000244140625,619.9000244140625,10
2011-10-17,626.0,626.0,626.0,616.1500244140625,616.1500244140625,2
2011-10-18,619.4000244140625,619.4000244140625,619.4000244140625,619.4000244140625,619.4000244140625,2
2011-10-19,607.9000244140625,607.9000244140625,607.9000244140625,607.9000244140625,607.9000244140625,2
2011-10-20,583.9000244140625,583.9000244140625,583.9000244140625,583.9000244140625,583.9000244140625,2
2011-10-21,617.75,617.75,617.75,617.75,617.75,2
2011-10-24,638.0999755859375,638.0999755859375,638.0999755859375,638.0999755859375,638.0999755859375,2
2011-10-25,651.7000122070312,651.7000122070312,651.7000122070312,651.7000122070312,651.7000122070312,2
2011-10-26,645.75,645.75,645.75,645.75,645.75,2
2011-10-27,669.75,669.75,669.75,669.75,669.75,1
2011-10-28,668.25,668.25,668.25,668.25,668.25,1
2011-10-31,651.0499877929688,651.0499877929688,651.0499877929688,651.0499877929688,651.0499877929688,1
2011-11-01,634.9000244140625,634.9000244140625,634.9000244140625,634.9000244140625,634.9000244140625,0
2011-11-02,648.5499877929688,648.5499877929688,648.5499877929688,648.5499877929688,648.5499877929688,0
2011-11-03,662.0,662.0,662.0,662.0,662.0,0
2011-11-04,655.2000122070312,655.2000122070312,655.2000122070312,655.2000122070312,655.2000122070312,0
2011-11-07,655.2000122070312,661.7999877929688,655.2000122070312,661.7999877929688,661.7999877929688,0
2011-11-08,677.1500244140625,677.1500244140625,677.1500244140625,677.1500244140625,677.1500244140625,1
2011-11-09,654.75,654.75,654.75,654.75,654.75,1
2011-11-10,647.7000122070312,647.7000122070312,647.7000122070312,647.7000122070312,647.7000122070312,1
2011-11-11,662.7000122070312,662.7000122070312,662.7000122070312,662.7000122070312,662.7000122070312,1
2011-11-14,664.2000122070312,664.2000122070312,664.2000122070312,664.2000122070312,664.2000122070312,1
2011-11-15,666.9500122070312,666.9500122070312,666.9500122070312,666.9500122070312,666.9500122070312,0
2011-11-16,662.5999755859375,662.5999755859375,654.3499755859375,654.3499755859375,654.3499755859375,4
2011-11-17,642.1500244140625,642.1500244140625,603.5999755859375,603.5999755859375,603.5999755859375,3
2011-11-18,605.0499877929688,605.0499877929688,605.0499877929688,605.0499877929688,605.0499877929688,0
2011-11-21,585.7000122070312,585.7000122070312,585.7000122070312,585.7000122070312,585.7000122070312,0
2011-11-22,601.0499877929688,601.0499877929688,601.0499877929688,601.0499877929688,601.0499877929688,0
2011-11-23,589.75,589.75,589.75,589.75,589.75,0
2011-11-25,569.9500122070312,570.0,569.9500122070312,570.0,570.0,0
2011-11-28,578.25,578.25,578.25,578.25,578.25,3873
2011-11-29,579.0,587.9000244140625,577.0,581.75,581.75,2123
2011-11-30,587.0,624.9000244140625,573.2999877929688,610.0,610.0,217
2011-12-01,616.0499877929688,643.7999877929688,611.0999755859375,627.6500244140625,627.6500244140625,128
2011-12-02,638.7999877929688,660.7000122070312,638.7999877929688,643.5999755859375,643.5999755859375,15
2011-12-05,645.3499755859375,649.4500122070312,638.0999755859375,644.5,644.5,49
2011-12-06,642.0999755859375,668.5999755859375,642.0999755859375,668.5999755859375,668.5999755859375,47
2011-12-07,680.0,683.2000122070312,674.9000244140625,683.2000122070312,683.2000122070312,37
2011-12-08,668.5499877929688,673.2000122070312,668.5499877929688,673.2000122070312,673.2000122070312,10
2011-12-09,684.6500244140625,684.6500244140625,684.6500244140625,684.6500244140625,684.6500244140625,32
2011-12-12,655.5999755859375,661.0,655.5999755859375,661.0,661.0,4
2011-12-13,663.7000122070312,663.7000122070312,662.1500244140625,662.1500244140625,662.1500244140625,3
2011-12-14,617.3499755859375,617.7000122070312,614.0,617.7000122070312,617.7000122070312,15
2011-12-15,614.7000122070312,618.9000244140625,614.5999755859375,618.8499755859375,618.8499755859375,10
2011-12-16,622.5999755859375,623.6500244140625,622.2999877929688,623.6500244140625,623.6500244140625,17
2011-12-19,615.5999755859375,615.5999755859375,615.5999755859375,615.5999755859375,615.5999755859375,15
2011-12-20,622.4500122070312,626.6500244140625,622.4500122070312,626.6500244140625,626.6500244140625,12
2011-12-21,632.1500244140625,632.1500244140625,632.1500244140625,632.1500244140625,632.1500244140625,12
2011-12-22,652.4500122070312,652.4500122070312,652.4500122070312,652.4500122070312,652.4500122070312,1
2011-12-23,664.9500122070312,665.5499877929688,664.9500122070312,665.5499877929688,665.5499877929688,2
2011-12-27,665.9000244140625,665.9000244140625,665.9000244140625,665.9000244140625,665.9000244140625,2
2011-12-28,646.5999755859375,646.5999755859375,646.5999755859375,646.5999755859375,646.5999755859375,1
2011-12-29,623.2000122070312,623.2000122070312,623.2000122070312,623.2000122070312,623.2000122070312,1
2011-12-30,655.5999755859375,655.5999755859375,655.5999755859375,655.5999755859375,655.5999755859375,1
2012-01-03,662.9500122070312,662.9500122070312,662.9500122070312,662.9500122070312,662.9500122070312,1
2012-01-04,653.0,653.0,653.0,653.0,653.0,1
2012-01-05,643.8499755859375,643.8499755859375,643.8499755859375,643.8499755859375,643.8499755859375,1
2012-01-06,613.4500122070312,613.4500122070312,613.4500122070312,613.4500122070312,613.4500122070312,1
2012-01-09,617.2999877929688,617.2999877929688,617.2999877929688,617.2999877929688,617.2999877929688,1
2012-01-10,617.2999877929688,634.6500244140625,617.2999877929688,634.6500244140625,634.6500244140625,1
2012-01-11,645.0999755859375,645.0999755859375,645.0999755859375,645.0999755859375,645.0999755859375,1
2012-01-12,640.7000122070312,640.7000122070312,640.7000122070312,640.7000122070312,640.7000122070312,1
2012-01-13,634.5,634.5,634.5,634.5,634.5,1
2012-01-17,654.9500122070312,654.9500122070312,654.9500122070312,654.9500122070312,654.9500122070312,1
2012-01-18,667.9500122070312,667.9500122070312,667.9500122070312,667.9500122070312,667.9500122070312,1
2012-01-19,677.8499755859375,677.8499755859375,677.8499755859375,677.8499755859375,677.8499755859375,1
2012-01-20,675.1500244140625,675.1500244140625,675.1500244140625,675.1500244140625,675.1500244140625,1
2012-01-23,688.2999877929688,688.2999877929688,688.2999877929688,688.2999877929688,688.2999877929688,1
2012-01-24,680.0,680.0,680.0,680.0,680.0,1
2012-01-25,669.5499877929688,692.7999877929688,669.5499877929688,692.7999877929688,692.7999877929688,1
2012-01-26,693.9000244140625,693.9000244140625,693.9000244140625,693.9000244140625,693.9000244140625,1
2012-01-27,689.5999755859375,689.5999755859375,689.5999755859375,689.5999755859375,689.5999755859375,100
2012-01-30,688.0999755859375,688.0999755859375,688.0999755859375,688.0999755859375,688.0999755859375,100
2012-01-31,685.9500122070312,685.9500122070312,685.9500122070312,685.9500122070312,685.9500122070312,100
2012-02-01,696.2999877929688,696.2999877929688,696.2999877929688,696.2999877929688,696.2999877929688,100
2012-02-02,707.25,707.25,707.25,707.25,707.25,100
2012-02-03,708.4500122070312,708.4500122070312,708.4500122070312,708.4500122070312,708.4500122070312,100
2012-02-06,705.5499877929688,705.5499877929688,705.5499877929688,705.5499877929688,705.5499877929688,100
2012-02-07,708.75,708.75,708.75,708.75,708.75,100
2012-02-08,715.5,715.5,715.5,715.5,715.5,100
2012-02-09,710.9000244140625,710.9000244140625,710.9000244140625,710.9000244140625,710.9000244140625,100
2012-02-10,702.6500244140625,702.6500244140625,702.6500244140625,702.6500244140625,702.6500244140625,100
2012-02-13,698.1500244140625,698.1500244140625,698.1500244140625,698.1500244140625,698.1500244140625,100
2012-02-14,686.8499755859375,686.8499755859375,686.8499755859375,686.8499755859375,686.8499755859375,100
2012-02-15,683.25,683.25,683.25,683.25,683.25,100
2012-02-16,696.2000122070312,696.2000122070312,696.2000122070312,696.2000122070312,696.2000122070312,100
2012-02-17,687.7000122070312,687.7000122070312,687.7000122070312,687.7000122070312,687.7000122070312,100
2012-02-21,710.4500122070312,710.4500122070312,710.4500122070312,710.4500122070312,710.4500122070312,100
2012-02-22,717.4500122070312,717.4500122070312,717.4500122070312,717.4500122070312,717.4500122070312,100
2012-02-23,718.0999755859375,718.0999755859375,718.0999755859375,718.0999755859375,718.0999755859375,100
2012-02-24,710.4500122070312,710.4500122070312,710.4500122070312,710.4500122070312,710.4500122070312,100
2012-02-27,710.0,710.0,705.0,705.0,705.0,4989
2012-02-28,699.7000122070312,721.9000244140625,699.7000122070312,719.75,719.75,2370
2012-02-29,719.9500122070312,721.9500122070312,700.0,706.6500244140625,706.6500244140625,370
2012-03-01,715.0,715.0,715.0,715.0,715.0,58
2012-03-02,714.5499877929688,719.5999755859375,710.7999877929688,710.7999877929688,710.7999877929688,17
2012-03-05,707.0,707.0,705.3499755859375,705.3499755859375,705.3499755859375,103
2012-03-06,685.0,685.0,665.2000122070312,670.0,670.0,53
2012-03-07,683.75,683.75,683.75,683.75,683.75,6
2012-03-08,696.4000244140625,702.2000122070312,688.7000122070312,697.4000244140625,697.4000244140625,52
2012-03-09,702.5,708.2000122070312,697.7000122070312,708.2000122070312,708.2000122070312,2
2012-03-12,703.5499877929688,704.0,702.75,702.75,702.75,2
2012-03-13,707.3499755859375,707.3499755859375,707.3499755859375,707.3499755859375,707.3499755859375,2
2012-03-14,695.9500122070312,695.9500122070312,695.9500122070312,695.9500122070312,695.9500122070312,2
2012-03-15,689.5499877929688,708.4000244140625,689.0,708.4000244140625,708.4000244140625,18
2012-03-16,700.2000122070312,700.2000122070312,700.2000122070312,700.2000122070312,700.2000122070312,18
2012-03-19,706.0999755859375,706.0999755859375,706.0999755859375,706.0999755859375,706.0999755859375,18
2012-03-20,695.5499877929688,695.5499877929688,695.5499877929688,695.5499877929688,695.5499877929688,18
2012-03-21,687.1500244140625,687.1500244140625,687.1500244140625,687.1500244140625,687.1500244140625,2
2012-03-22,663.0,663.0,649.5499877929688,649.5499877929688,649.5499877929688,13
2012-03-23,659.5999755859375,659.6500244140625,658.4000244140625,658.4000244140625,658.4000244140625,3
2012-03-26,662.1500244140625,667.25,662.1500244140625,667.25,667.25,17
2012-03-27,660.0,662.0999755859375,657.0,662.0999755859375,662.0999755859375,22
2012-03-28,646.3499755859375,646.3499755859375,646.3499755859375,646.3499755859375,646.3499755859375,3
2012-03-29,643.5999755859375,643.5999755859375,643.5999755859375,643.5999755859375,643.5999755859375,3
2012-03-30,653.1500244140625,653.1500244140625,653.1500244140625,653.1500244140625,653.1500244140625,3
2012-04-02,657.8499755859375,657.8499755859375,657.8499755859375,657.8499755859375,657.8499755859375,3
2012-04-03,658.6500244140625,658.6500244140625,658.6500244140625,658.6500244140625,658.6500244140625,3
2012-04-04,631.7999877929688,631.7999877929688,631.7999877929688,631.7999877929688,631.7999877929688,3
2012-04-05,631.7999877929688,643.8499755859375,631.7999877929688,643.8499755859375,643.8499755859375,3
2012-04-09,642.8499755859375,642.8499755859375,642.8499755859375,642.8499755859375,642.8499755859375,3
2012-04-10,635.9000244140625,635.9000244140625,635.9000244140625,635.9000244140625,635.9000244140625,3
2012-04-11,635.6500244140625,635.6500244140625,635.6500244140625,635.6500244140625,635.6500244140625,3
2012-04-12,652.1500244140625,652.1500244140625,652.1500244140625,652.1500244140625,652.1500244140625,3
2012-04-13,646.25,646.25,646.25,646.25,646.25,1
2012-04-16,649.75,649.75,649.75,649.75,649.75,1
2012-04-17,661.2000122070312,661.2000122070312,661.2000122070312,661.2000122070312,661.2000122070312,1
2012-04-18,656.5,656.5,656.5,656.5,656.5,1
2012-04-19,662.5999755859375,662.5999755859375,662.5999755859375,662.5999755859375,662.5999755859375,1
2012-04-20,676.2000122070312,676.2000122070312,676.2000122070312,676.2000122070312,676.2000122070312,1
2012-04-23,670.25,670.25,670.25,670.25,670.25,0
2012-04-24,665.1500244140625,665.1500244140625,665.1500244140625,665.1500244140625,665.1500244140625,1
2012-04-25,654.4500122070312,654.4500122070312,654.4500122070312,654.4500122070312,654.4500122070312,1
2012-04-26,672.0499877929688,672.0499877929688,672.0499877929688,672.0499877929688,672.0499877929688,100
2012-04-27,680.9000244140625,680.9000244140625,680.9000244140625,680.9000244140625,680.9000244140625,100
2012-04-30,681.75,681.75,681.75,681.75,681.75,100
2012-05-01,680.4500122070312,680.4500122070312,680.4500122070312,680.4500122070312,680.4500122070312,100
2012-05-02,668.8499755859375,668.8499755859375,668.8499755859375,668.8499755859375,668.8499755859375,100
2012-05-03,660.75,660.75,660.75,660.75,660.75,100
2012-05-04,651.5499877929688,651.5499877929688,651.5499877929688,651.5499877929688,651.5499877929688,100
2012-05-07,647.2000122070312,647.2000122070312,647.2000122070312,647.2000122070312,647.2000122070312,100
2012-05-08,622.3499755859375,622.3499755859375,622.3499755859375,622.3499755859375,622.3499755859375,100
2012-05-09,613.1500244140625,613.1500244140625,613.1500244140625,613.1500244140625,613.1500244140625,100
2012-05-10,614.8499755859375,614.8499755859375,614.8499755859375,614.8499755859375,614.8499755859375,100
2012-05-11,602.9500122070312,602.9500122070312,602.9500122070312,602.9500122070312,602.9500122070312,0
2012-05-14,594.4000244140625,594.4000244140625,594.4000244140625,594.4000244140625,594.4000244140625,0
2012-05-15,600.7000122070312,600.7000122070312,600.7000122070312,600.7000122070312,600.7000122070312,0
2012-05-16,593.7000122070312,593.7000122070312,593.7000122070312,593.7000122070312,593.7000122070312,0
2012-05-17,605.5,605.5,605.5,605.5,605.5,100
2012-05-18,603.25,603.25,603.25,603.25,603.25,100
2012-05-21,610.5,610.5,610.5,610.5,610.5,100
2012-05-22,615.2999877929688,615.2999877929688,615.2999877929688,615.2999877929688,615.2999877929688,100
2012-05-23,590.9500122070312,590.9500122070312,590.9500122070312,590.9500122070312,590.9500122070312,100
2012-05-24,587.4000244140625,587.4000244140625,587.4000244140625,587.4000244140625,587.4000244140625,100
2012-05-25,589.9500122070312,589.9500122070312,589.9500122070312,589.9500122070312,589.9500122070312,100
2012-05-29,603.5,603.5,603.5,603.5,603.5,9338
2012-05-30,603.5999755859375,606.9000244140625,590.0,604.7000122070312,604.7000122070312,3272
2012-05-31,607.25,612.0999755859375,602.0,612.0999755859375,612.0999755859375,318
2012-06-01,605.6500244140625,613.75,605.6500244140625,612.2999877929688,612.2999877929688,47
2012-06-04,606.0,612.25,606.0,612.25,612.25,28
2012-06-05,612.4500122070312,620.6500244140625,612.0499877929688,618.0499877929688,618.0499877929688,53
2012-06-06,623.0999755859375,631.25,623.0999755859375,631.25,631.25,37
2012-06-07,623.5,624.75,621.4000244140625,624.3499755859375,624.3499755859375,32
2012-06-08,623.0,623.0,610.6500244140625,610.6500244140625,610.6500244140625,19
2012-06-11,623.7999877929688,623.7999877929688,623.7999877929688,623.7999877929688,623.7999877929688,31
2012-06-12,616.5999755859375,622.4500122070312,616.5999755859375,622.4500122070312,622.4500122070312,70
2012-06-13,622.0,622.0,622.0,622.0,622.0,55
2012-06-14,628.0,634.0999755859375,628.0,633.5999755859375,633.5999755859375,3
2012-06-15,623.5999755859375,629.0999755859375,623.2999877929688,629.0999755859375,629.0999755859375,7
2012-06-18,631.8499755859375,631.8499755859375,631.8499755859375,631.8499755859375,631.8499755859375,29
2012-06-19,628.25,628.25,628.25,628.25,628.25,1
2012-06-20,617.0499877929688,621.5999755859375,617.0499877929688,618.3499755859375,618.3499755859375,13
2012-06-21,607.7999877929688,607.7999877929688,607.4000244140625,607.4000244140625,607.4000244140625,1
2012-06-22,606.1500244140625,606.1500244140625,605.9500122070312,605.9500122070312,605.9500122070312,1
2012-06-25,606.9000244140625,606.9000244140625,606.2000122070312,606.2000122070312,606.2000122070312,1
2012-06-26,601.0999755859375,601.0999755859375,592.6500244140625,592.6500244140625,592.6500244140625,2
2012-06-27,570.7000122070312,577.75,570.7000122070312,577.75,577.75,18
2012-06-28,561.2999877929688,562.4000244140625,561.2000122070312,562.4000244140625,562.4000244140625,3
2012-06-29,583.0499877929688,583.0499877929688,583.0499877929688,583.0499877929688,583.0499877929688,0
2012-07-02,576.5,576.5,576.5,576.5,576.5,0
2012-07-03,597.4000244140625,597.4000244140625,597.4000244140625,597.4000244140625,597.4000244140625,0
2012-07-05,584.25,584.25,584.25,584.25,584.25,0
2012-07-06,578.8499755859375,578.8499755859375,578.8499755859375,578.8499755859375,578.8499755859375,0
2012-07-09,582.5999755859375,582.5999755859375,582.5999755859375,582.5999755859375,582.5999755859375,0
2012-07-10,575.2999877929688,575.2999877929688,575.2999877929688,575.2999877929688,575.2999877929688,0
2012-07-11,581.6500244140625,581.6500244140625,581.6500244140625,581.6500244140625,581.6500244140625,0
2012-07-12,573.5,573.5,573.5,573.5,573.5,0
2012-07-13,584.3499755859375,584.3499755859375,584.3499755859375,584.3499755859375,584.3499755859375,0
2012-07-16,576.5499877929688,576.5499877929688,576.5499877929688,576.5499877929688,576.5499877929688,0
2012-07-17,582.0999755859375,582.0999755859375,582.0999755859375,582.0999755859375,582.0999755859375,0
2012-07-18,576.2999877929688,576.2999877929688,576.2999877929688,576.2999877929688,576.2999877929688,0
2012-07-19,583.5999755859375,583.5999755859375,583.5999755859375,583.5999755859375,583.5999755859375,0
2012-07-20,574.8499755859375,574.8499755859375,574.8499755859375,574.8499755859375,574.8499755859375,0
2012-07-23,569.7000122070312,569.7000122070312,569.7000122070312,569.7000122070312,569.7000122070312,1
2012-07-24,560.4500122070312,560.4500122070312,560.4500122070312,560.4500122070312,560.4500122070312,0
2012-07-25,564.3499755859375,564.3499755859375,564.3499755859375,564.3499755859375,564.3499755859375,0
2012-07-26,569.0999755859375,569.0999755859375,569.0999755859375,569.0999755859375,569.0999755859375,0
2012-07-27,571.0499877929688,571.0499877929688,571.0499877929688,571.0499877929688,571.0499877929688,5
2012-07-30,587.5499877929688,587.5499877929688,587.5499877929688,587.5499877929688,587.5499877929688,0
2012-07-31,589.75,589.75,589.75,589.75,589.75,0
2012-08-01,581.7999877929688,581.7999877929688,581.7999877929688,581.7999877929688,581.7999877929688,0
2012-08-02,567.0499877929688,567.0499877929688,567.0499877929688,567.0499877929688,567.0499877929688,0
2012-08-03,577.4000244140625,577.4000244140625,577.4000244140625,577.4000244140625,577.4000244140625,0
2012-08-06,578.8499755859375,578.8499755859375,578.8499755859375,578.8499755859375,578.8499755859375,0
2012-08-07,587.5,587.5,587.5,587.5,587.5,0
2012-08-08,585.7999877929688,585.7999877929688,585.7999877929688,585.7999877929688,585.7999877929688,0
2012-08-09,586.0,586.0,586.0,586.0,586.0,0
2012-08-10,581.5,581.5,581.5,581.5,581.5,0
2012-08-13,574.0,574.0,574.0,574.0,574.0,0
2012-08-14,577.7000122070312,577.7000122070312,577.7000122070312,577.7000122070312,577.7000122070312,0
2012-08-15,577.4000244140625,577.4000244140625,577.4000244140625,577.4000244140625,577.4000244140625,0
2012-08-16,582.7999877929688,582.7999877929688,582.7999877929688,582.7999877929688,582.7999877929688,0
2012-08-17,604.5,604.5,604.5,604.5,604.5,0
2012-08-20,607.0999755859375,607.0999755859375,607.0999755859375,607.0999755859375,607.0999755859375,0
2012-08-21,623.5999755859375,623.5999755859375,623.5999755859375,623.5999755859375,623.5999755859375,0
2012-08-22,628.1500244140625,628.1500244140625,628.1500244140625,628.1500244140625,628.1500244140625,0
2012-08-23,656.0,656.0,656.0,656.0,656.0,0
2012-08-24,651.5499877929688,651.5499877929688,651.5499877929688,651.5499877929688,651.5499877929688,0
2012-08-27,654.1500244140625,654.1500244140625,654.1500244140625,654.1500244140625,654.1500244140625,0
2012-08-28,639.2999877929688,639.2999877929688,639.2999877929688,639.2999877929688,639.2999877929688,0
2012-08-29,635.1500244140625,635.1500244140625,634.75,634.75,634.75,3495
2012-08-30,630.9500122070312,635.0,612.0,614.9000244140625,614.9000244140625,1732
2012-08-31,617.0499877929688,629.0,617.0,627.9500122070312,627.9500122070312,524
2012-09-04,626.7999877929688,640.25,626.7999877929688,640.25,640.25,298
2012-09-05,635.5,646.1500244140625,634.5,646.1500244140625,646.1500244140625,14
2012-09-06,642.5499877929688,650.2999877929688,642.5499877929688,647.0,647.0,53
2012-09-07,644.5,656.4000244140625,644.5,654.0,654.0,23
2012-09-10,654.5499877929688,672.4000244140625,654.5499877929688,672.25,672.25,22
2012-09-11,670.5,675.2999877929688,668.7999877929688,674.4000244140625,674.4000244140625,26
2012-09-12,677.75,681.0,675.6500244140625,678.7999877929688,678.7999877929688,11
2012-09-13,684.2000122070312,688.5,684.2000122070312,688.5,688.5,2
2012-09-14,696.9500122070312,704.2999877929688,696.9500122070312,698.7999877929688,698.7999877929688,19
2012-09-17,696.2999877929688,696.2999877929688,688.5999755859375,688.5999755859375,688.5999755859375,34
2012-09-18,666.8499755859375,666.8499755859375,666.8499755859375,666.8499755859375,666.8499755859375,2
2012-09-19,669.0,672.5,669.0,671.0,671.0,1
2012-09-20,668.75,668.75,659.4000244140625,659.5999755859375,659.5999755859375,24
2012-09-21,670.0499877929688,670.0499877929688,670.0499877929688,670.0499877929688,670.0499877929688,0
2012-09-24,641.3499755859375,644.3499755859375,639.0,644.3499755859375,644.3499755859375,19
2012-09-25,639.7000122070312,639.7000122070312,639.7000122070312,639.7000122070312,639.7000122070312,0
2012-09-26,624.7000122070312,624.7000122070312,624.7000122070312,624.7000122070312,624.7000122070312,5
2012-09-27,634.25,634.25,634.25,634.25,634.25,1
2012-09-28,639.6500244140625,639.6500244140625,639.6500244140625,639.6500244140625,639.6500244140625,0
2012-10-01,644.4500122070312,644.4500122070312,643.9500122070312,643.9500122070312,643.9500122070312,0
2012-10-02,652.5499877929688,652.5499877929688,652.5499877929688,652.5499877929688,652.5499877929688,0
2012-10-03,656.25,656.25,656.25,656.25,656.25,0
2012-10-04,673.0999755859375,673.0999755859375,673.0999755859375,673.0999755859375,673.0999755859375,0
2012-10-05,661.75,661.75,661.75,661.75,661.75,1
2012-10-08,655.5,655.5,655.5,655.5,655.5,0
2012-10-09,656.75,656.75,656.75,656.75,656.75,0
2012-10-10,648.4500122070312,648.4500122070312,648.4500122070312,648.4500122070312,648.4500122070312,0
2012-10-11,649.4500122070312,649.4500122070312,649.4500122070312,649.4500122070312,649.4500122070312,0
2012-10-12,637.9500122070312,637.9500122070312,637.9500122070312,637.9500122070312,637.9500122070312,0
2012-10-15,632.9000244140625,632.9000244140625,632.9000244140625,632.9000244140625,632.9000244140625,0
2012-10-16,639.25,639.25,639.25,639.25,639.25,0
2012-10-17,635.7000122070312,653.7000122070312,635.7000122070312,653.7000122070312,653.7000122070312,0
2012-10-18,647.5,647.5,647.5,647.5,647.5,0
2012-10-19,623.2999877929688,623.2999877929688,623.2999877929688,623.2999877929688,623.2999877929688,0
2012-10-22,622.9500122070312,622.9500122070312,622.9500122070312,622.9500122070312,622.9500122070312,0
2012-10-23,594.1500244140625,594.1500244140625,594.1500244140625,594.1500244140625,594.1500244140625,0
2012-10-24,593.0499877929688,593.0499877929688,593.0499877929688,593.0499877929688,593.0499877929688,0
2012-10-25,604.7999877929688,604.7999877929688,604.7999877929688,604.7999877929688,604.7999877929688,0
2012-10-26,595.7000122070312,595.7000122070312,595.7000122070312,595.7000122070312,595.7000122070312,0
2012-10-31,609.0,609.0,609.0,609.0,609.0,0
2012-11-01,611.6500244140625,611.6500244140625,611.6500244140625,611.6500244140625,611.6500244140625,0
2012-11-02,598.8499755859375,598.8499755859375,598.8499755859375,598.8499755859375,598.8499755859375,3
2012-11-05,602.2000122070312,602.2000122070312,602.2000122070312,602.2000122070312,602.2000122070312,0
2012-11-06,619.3499755859375,619.3499755859375,619.3499755859375,619.3499755859375,619.3499755859375,0
2012-11-07,609.5499877929688,609.5499877929688,609.5499877929688,609.5499877929688,609.5499877929688,0
2012-11-08,613.5499877929688,613.5499877929688,613.5499877929688,613.5499877929688,613.5499877929688,0
2012-11-09,610.25,610.25,610.25,610.25,610.25,0
2012-11-12,607.25,607.25,607.25,607.25,607.25,0
2012-11-13,635.7999877929688,635.7999877929688,635.7999877929688,635.7999877929688,635.7999877929688,0
2012-11-14,640.75,640.75,640.75,640.75,640.75,0
2012-11-15,612.4000244140625,630.4000244140625,612.4000244140625,630.4000244140625,630.4000244140625,0
2012-11-16,625.75,625.75,625.75,625.75,625.75,0
2012-11-19,644.5999755859375,644.5999755859375,644.5999755859375,644.5999755859375,644.5999755859375,0
2012-11-20,637.75,637.75,637.75,637.75,637.75,0
2012-11-21,650.7000122070312,650.7000122070312,650.7000122070312,650.7000122070312,650.7000122070312,0
2012-11-23,667.0,667.0,667.0,667.0,667.0,0
2012-11-26,660.7000122070312,660.7000122070312,660.7000122070312,660.7000122070312,660.7000122070312,0
2012-11-27,667.75,667.75,667.75,667.75,667.75,0
2012-11-28,672.9000244140625,672.9000244140625,672.9000244140625,672.9000244140625,672.9000244140625,7522
2012-11-29,670.7999877929688,689.7999877929688,666.75,685.2000122070312,685.2000122070312,2886
2012-11-30,682.2999877929688,691.3499755859375,677.0,686.25,686.25,226
2012-12-03,681.5,690.2999877929688,681.5,689.4500122070312,689.4500122070312,80
2012-12-04,680.2000122070312,683.5,678.7000122070312,681.0999755859375,681.0999755859375,100
2012-12-05,681.4000244140625,685.9500122070312,675.0,685.9500122070312,685.9500122070312,9
2012-12-06,684.0499877929688,695.5499877929688,684.0499877929688,695.5499877929688,695.5499877929688,1
2012-12-07,693.2000122070312,699.2000122070312,688.0,696.5,696.5,20
2012-12-10,703.25,703.25,700.0,703.25,703.25,4
2012-12-11,700.0,700.0,693.75,695.2999877929688,695.2999877929688,12
2012-12-12,692.1500244140625,699.6500244140625,692.1500244140625,699.6500244140625,699.6500244140625,2
2012-12-13,685.7000122070312,690.25,679.9500122070312,690.25,690.25,32
2012-12-14,700.7999877929688,700.7999877929688,700.7999877929688,700.7999877929688,700.7999877929688,4
2012-12-17,700.0499877929688,700.0499877929688,697.2000122070312,697.2000122070312,697.2000122070312,13
2012-12-18,693.0,693.0,689.8499755859375,689.8499755859375,689.8499755859375,2
2012-12-19,697.3499755859375,697.3499755859375,697.3499755859375,697.3499755859375,697.3499755859375,0
2012-12-20,685.0,697.3499755859375,673.4000244140625,679.25,679.25,41
2012-12-21,681.2999877929688,681.2999877929688,680.7000122070312,681.2999877929688,681.2999877929688,4
2012-12-24,683.5499877929688,683.5499877929688,683.5499877929688,683.5499877929688,683.5499877929688,0
2012-12-26,691.3499755859375,691.4000244140625,691.3499755859375,691.4000244140625,691.4000244140625,1
2012-12-27,694.5999755859375,707.3499755859375,694.5999755859375,707.3499755859375,707.3499755859375,8
2012-12-28,717.2000122070312,717.2000122070312,699.5999755859375,699.5999755859375,699.5999755859375,1
2012-12-31,702.6500244140625,702.6500244140625,702.6500244140625,702.6500244140625,702.6500244140625,0
2013-01-02,707.25,707.25,707.25,707.25,707.25,0
2013-01-03,696.4500122070312,696.4500122070312,696.4500122070312,696.4500122070312,696.4500122070312,0
2013-01-04,679.0499877929688,691.0999755859375,679.0499877929688,687.7999877929688,687.7999877929688,2
2013-01-07,669.25,669.25,669.25,669.25,669.25,0
2013-01-08,667.0999755859375,667.0999755859375,667.0999755859375,667.0999755859375,667.0999755859375,0
2013-01-09,687.4500122070312,687.4500122070312,687.4500122070312,687.4500122070312,687.4500122070312,0
2013-01-10,701.4500122070312,701.4500122070312,701.4500122070312,701.4500122070312,701.4500122070312,0
2013-01-11,700.7000122070312,700.7000122070312,700.7000122070312,700.7000122070312,700.7000122070312,0
2013-01-14,702.5499877929688,702.5499877929688,702.5499877929688,702.5499877929688,702.5499877929688,0
2013-01-15,712.5999755859375,712.5999755859375,712.5999755859375,712.5999755859375,712.5999755859375,0
2013-01-16,725.7000122070312,725.7000122070312,725.7000122070312,725.7000122070312,725.7000122070312,0
2013-01-17,725.4000244140625,725.4000244140625,725.4000244140625,725.4000244140625,725.4000244140625,0
2013-01-18,722.0,722.0,722.0,722.0,722.0,0
2013-01-22,729.1500244140625,729.1500244140625,729.1500244140625,729.1500244140625,729.1500244140625,0
2013-01-23,725.4500122070312,725.4500122070312,725.4500122070312,725.4500122070312,725.4500122070312,0
2013-01-24,725.9500122070312,725.9500122070312,725.9500122070312,725.9500122070312,725.9500122070312,0
2013-01-25,740.25,740.25,740.25,740.25,740.25,0
2013-01-28,739.7999877929688,739.7999877929688,739.7999877929688,739.7999877929688,739.7999877929688,0
2013-01-29,749.0499877929688,749.0499877929688,749.0499877929688,749.0499877929688,749.0499877929688,2
2013-01-30,751.0,751.0,751.0,751.0,751.0,0
2013-01-31,745.2999877929688,745.2999877929688,745.2999877929688,745.2999877929688,745.2999877929688,0
2013-02-01,756.0,756.0,756.0,756.0,756.0,0
2013-02-04,757.4000244140625,757.4000244140625,757.4000244140625,757.4000244140625,757.4000244140625,0
2013-02-05,765.0499877929688,765.0499877929688,765.0499877929688,765.0499877929688,765.0499877929688,0
2013-02-06,764.4000244140625,764.4000244140625,764.4000244140625,764.4000244140625,764.4000244140625,0
2013-02-07,750.0499877929688,750.0499877929688,750.0499877929688,750.0499877929688,750.0499877929688,0
2013-02-08,751.0999755859375,751.0999755859375,751.0999755859375,751.0999755859375,751.0999755859375,0
2013-02-11,758.2000122070312,758.2000122070312,758.2000122070312,758.2000122070312,758.2000122070312,0
2013-02-12,771.0,771.0,771.0,771.0,771.0,0
2013-02-13,771.6500244140625,771.6500244140625,771.6500244140625,771.6500244140625,771.6500244140625,0
2013-02-14,763.6500244140625,763.6500244140625,763.6500244140625,763.6500244140625,763.6500244140625,0
2013-02-15,752.75,752.75,752.75,752.75,752.75,0
2013-02-19,763.75,763.75,763.75,763.75,763.75,0
2013-02-20,736.0,736.0,736.0,736.0,736.0,0
2013-02-21,733.2000122070312,733.2000122070312,733.2000122070312,733.2000122070312,733.2000122070312,0
2013-02-22,734.9000244140625,734.9000244140625,734.9000244140625,734.9000244140625,734.9000244140625,0
2013-02-25,748.6500244140625,748.6500244140625,748.6500244140625,748.6500244140625,748.6500244140625,0
2013-02-26,739.0,739.0,739.0,739.0,739.0,9967
2013-02-27,741.0,749.4500122070312,734.7999877929688,743.1500244140625,743.1500244140625,2626
2013-02-28,744.0499877929688,748.5,724.9500122070312,732.5999755859375,732.5999755859375,406
2013-03-01,726.0,726.0,714.0,718.6500244140625,718.6500244140625,159
2013-03-04,722.25,725.0499877929688,711.8499755859375,712.5,712.5,78
2013-03-05,725.0,735.2999877929688,722.5999755859375,732.5999755859375,732.5999755859375,35
2013-03-06,743.4000244140625,743.4000244140625,735.6500244140625,738.0499877929688,738.0499877929688,14
2013-03-07,746.5999755859375,758.1500244140625,746.5999755859375,757.0499877929688,757.0499877929688,37
2013-03-08,759.2999877929688,785.0,759.2999877929688,780.6500244140625,780.6500244140625,14
2013-03-11,777.0999755859375,777.0999755859375,777.0999755859375,777.0999755859375,777.0999755859375,23
2013-03-12,773.4000244140625,773.4000244140625,773.4000244140625,773.4000244140625,773.4000244140625,11
2013-03-13,767.6500244140625,771.2999877929688,767.6500244140625,769.25,769.25,7
2013-03-14,762.0,768.7999877929688,756.0,768.7999877929688,768.7999877929688,18
2013-03-15,773.7000122070312,773.7000122070312,773.7000122070312,773.7000122070312,773.7000122070312,0
2013-03-18,762.8499755859375,762.8499755859375,762.8499755859375,762.8499755859375,762.8499755859375,2
2013-03-19,737.1500244140625,737.1500244140625,733.4000244140625,733.4000244140625,733.4000244140625,2
2013-03-20,737.0499877929688,756.4000244140625,737.0499877929688,756.4000244140625,756.4000244140625,1
2013-03-21,755.0499877929688,755.0499877929688,754.5499877929688,755.0499877929688,755.0499877929688,1
2013-03-22,753.5499877929688,759.75,753.5499877929688,759.75,759.75,15
2013-03-25,760.0999755859375,760.0999755859375,755.5499877929688,755.5499877929688,755.5499877929688,2
2013-03-26,759.5999755859375,759.5999755859375,759.5999755859375,759.5999755859375,759.5999755859375,13
2013-03-27,767.1500244140625,767.1500244140625,767.1500244140625,767.1500244140625,767.1500244140625,1
2013-03-28,767.0999755859375,767.0999755859375,767.0999755859375,767.0999755859375,767.0999755859375,0
2013-04-01,782.7999877929688,782.7999877929688,782.7999877929688,782.7999877929688,782.7999877929688,0
2013-04-02,768.25,768.25,768.25,768.25,768.25,0
2013-04-03,754.2999877929688,754.2999877929688,751.5,754.2999877929688,754.2999877929688,1
2013-04-04,724.2999877929688,724.2999877929688,724.2999877929688,724.2999877929688,724.2999877929688,0
2013-04-05,722.75,722.75,722.75,722.75,722.75,0
2013-04-08,728.6500244140625,728.6500244140625,728.6500244140625,728.6500244140625,728.6500244140625,0
2013-04-09,726.5999755859375,731.8499755859375,726.5999755859375,731.8499755859375,731.8499755859375,1
2013-04-10,719.7000122070312,719.7000122070312,719.7000122070312,719.7000122070312,719.7000122070312,0
2013-04-11,732.2000122070312,732.5,732.2000122070312,732.2000122070312,732.2000122070312,1
2013-04-12,707.9500122070312,709.0999755859375,707.9500122070312,707.9500122070312,707.9500122070312,3
2013-04-15,693.25,693.25,665.8499755859375,665.8499755859375,665.8499755859375,3
2013-04-16,675.0,677.0499877929688,675.0,677.0499877929688,677.0499877929688,3
2013-04-17,660.25,660.25,660.25,660.25,660.25,0
2013-04-18,668.6500244140625,668.6500244140625,668.6500244140625,668.6500244140625,668.6500244140625,0
2013-04-19,675.9000244140625,675.9000244140625,675.9000244140625,675.9000244140625,675.9000244140625,0
2013-04-22,680.75,680.75,680.75,680.75,680.75,0
2013-04-23,672.1500244140625,672.1500244140625,672.1500244140625,672.1500244140625,672.1500244140625,0
2013-04-24,666.4500122070312,666.4500122070312,666.4500122070312,666.4500122070312,666.4500122070312,0
2013-04-25,680.2000122070312,680.2000122070312,680.2000122070312,680.2000122070312,680.2000122070312,0
2013-04-26,680.8499755859375,680.8499755859375,680.8499755859375,680.8499755859375,680.8499755859375,1
2013-04-29,689.9000244140625,698.0999755859375,689.9000244140625,698.0999755859375,698.0999755859375,3
2013-04-30,696.7000122070312,696.7000122070312,696.7000122070312,696.7000122070312,696.7000122070312,0
2013-05-01,683.6500244140625,683.6500244140625,683.6500244140625,683.6500244140625,683.6500244140625,0
2013-05-02,692.2000122070312,692.2000122070312,692.2000122070312,692.2000122070312,692.2000122070312,1
2013-05-03,692.2000122070312,692.2000122070312,692.2000122070312,692.2000122070312,692.2000122070312,0
2013-05-06,696.0,696.0,696.0,696.0,696.0,0
2013-05-07,679.5,679.5,679.5,679.5,679.5,0
2013-05-08,697.1500244140625,697.1500244140625,697.1500244140625,697.1500244140625,697.1500244140625,0
2013-05-09,713.6500244140625,713.6500244140625,713.6500244140625,713.6500244140625,713.6500244140625,0
2013-05-10,704.5999755859375,704.5999755859375,704.5999755859375,704.5999755859375,704.5999755859375,0
2013-05-13,717.9500122070312,717.9500122070312,717.9500122070312,717.9500122070312,717.9500122070312,0
2013-05-14,726.4000244140625,726.4000244140625,726.4000244140625,726.4000244140625,726.4000244140625,0
2013-05-15,728.2999877929688,728.2999877929688,728.2999877929688,728.2999877929688,728.2999877929688,0
2013-05-16,740.0,740.0,740.0,740.0,740.0,0
2013-05-17,739.5,739.5,739.5,739.5,739.5,0
2013-05-20,750.0,750.0,750.0,750.0,750.0,0
2013-05-21,747.7000122070312,747.7000122070312,747.7000122070312,747.7000122070312,747.7000122070312,0
2013-05-22,751.75,751.75,751.75,751.75,751.75,0
2013-05-23,738.25,738.25,738.25,738.25,738.25,0
2013-05-24,726.0499877929688,726.0499877929688,726.0499877929688,726.0499877929688,726.0499877929688,0
2013-05-28,756.7999877929688,756.7999877929688,756.7999877929688,756.7999877929688,756.7999877929688,0
2013-05-29,747.75,747.75,747.75,747.75,747.75,7902
2013-05-30,748.2999877929688,761.0,748.2999877929688,758.0,758.0,1532
2013-05-31,756.1500244140625,756.1500244140625,742.0499877929688,751.0499877929688,751.0499877929688,189
2013-06-03,752.9000244140625,759.5,752.9000244140625,756.7999877929688,756.7999877929688,46
2013-06-04,754.7999877929688,754.7999877929688,748.5499877929688,748.8499755859375,748.8499755859375,11
2013-06-05,753.25,756.2999877929688,753.25,754.2999877929688,754.2999877929688,12
2013-06-06,761.1500244140625,762.0,760.75,760.75,760.75,18
2013-06-07,750.1500244140625,759.4500122070312,750.0499877929688,759.4500122070312,759.4500122070312,13
2013-06-10,755.8499755859375,768.4000244140625,755.8499755859375,767.6500244140625,767.6500244140625,24
2013-06-11,754.4500122070312,767.6500244140625,749.6500244140625,750.75,750.75,58
2013-06-12,749.5999755859375,756.0999755859375,749.5999755859375,755.25,755.25,31
2013-06-13,756.0999755859375,756.0999755859375,728.2000122070312,729.3499755859375,729.3499755859375,22
2013-06-14,732.9500122070312,732.9500122070312,724.0,729.7999877929688,729.7999877929688,9
2013-06-17,716.2999877929688,716.2999877929688,716.2999877929688,716.2999877929688,716.2999877929688,8
2013-06-18,706.4500122070312,706.7999877929688,706.4500122070312,706.7999877929688,706.7999877929688,7
2013-06-19,694.8499755859375,694.8499755859375,694.8499755859375,694.8499755859375,694.8499755859375,1
2013-06-20,677.5499877929688,677.5499877929688,663.5499877929688,663.5499877929688,663.5499877929688,2
2013-06-21,667.3499755859375,673.25,667.3499755859375,673.25,673.25,2
2013-06-24,673.7999877929688,673.7999877929688,653.4500122070312,656.0999755859375,656.0999755859375,23
2013-06-25,668.7000122070312,668.7000122070312,667.1500244140625,667.1500244140625,667.1500244140625,125
2013-06-26,641.0499877929688,645.75,631.7000122070312,631.7000122070312,631.7000122070312,3
2013-06-27,649.1500244140625,649.1500244140625,639.8499755859375,649.1500244140625,649.1500244140625,1
2013-06-28,637.8499755859375,659.2000122070312,637.8499755859375,659.2000122070312,659.2000122070312,1
2013-07-01,684.9000244140625,685.0999755859375,684.9000244140625,684.9000244140625,684.9000244140625,3
2013-07-02,687.0999755859375,687.0999755859375,687.0999755859375,687.0999755859375,687.0999755859375,0
2013-07-03,684.0999755859375,684.0999755859375,684.0999755859375,684.0999755859375,684.0999755859375,3
2013-07-05,675.9500122070312,675.9500122070312,675.9500122070312,675.9500122070312,675.9500122070312,0
2013-07-08,693.7999877929688,693.7999877929688,693.7999877929688,693.7999877929688,693.7999877929688,0
2013-07-09,696.0499877929688,696.0499877929688,696.0499877929688,696.0499877929688,696.0499877929688,3
2013-07-10,712.5,712.5,712.5,712.5,712.5,0
2013-07-11,716.9000244140625,716.9000244140625,716.9000244140625,716.9000244140625,716.9000244140625,0
2013-07-12,721.5999755859375,721.5999755859375,721.5999755859375,721.5999755859375,721.5999755859375,0
2013-07-15,731.0499877929688,731.0499877929688,731.0499877929688,731.0499877929688,731.0499877929688,0
2013-07-16,734.5,734.5,734.5,734.5,734.5,0
2013-07-17,734.3499755859375,734.3499755859375,734.3499755859375,734.3499755859375,734.3499755859375,0
2013-07-18,746.4000244140625,746.4000244140625,746.4000244140625,746.4000244140625,746.4000244140625,0
2013-07-19,748.6500244140625,748.6500244140625,748.6500244140625,748.6500244140625,748.6500244140625,0
2013-07-22,749.5499877929688,749.5499877929688,749.5499877929688,749.5499877929688,749.5499877929688,0
2013-07-23,738.5499877929688,738.5499877929688,738.5499877929688,738.5499877929688,738.5499877929688,0
2013-07-24,744.4000244140625,744.4000244140625,744.4000244140625,744.4000244140625,744.4000244140625,0
2013-07-25,739.8499755859375,739.8499755859375,739.8499755859375,739.8499755859375,739.8499755859375,0
2013-07-26,723.0999755859375,723.0999755859375,723.0999755859375,723.0999755859375,723.0999755859375,0
2013-07-29,718.25,743.75,718.25,743.75,743.75,0
2013-07-30,727.75,727.75,727.75,727.75,727.75,0
2013-07-31,725.4500122070312,725.4500122070312,725.4500122070312,725.4500122070312,725.4500122070312,0
2013-08-01,730.9500122070312,730.9500122070312,730.9500122070312,730.9500122070312,730.9500122070312,0
2013-08-02,728.7999877929688,728.7999877929688,728.7999877929688,728.7999877929688,728.7999877929688,0
2013-08-05,734.2999877929688,734.2999877929688,734.2999877929688,734.2999877929688,734.2999877929688,0
2013-08-06,721.9000244140625,721.9000244140625,721.9000244140625,721.9000244140625,721.9000244140625,0
2013-08-07,722.25,722.25,722.25,722.25,722.25,0
2013-08-08,737.6500244140625,737.6500244140625,737.6500244140625,737.6500244140625,737.6500244140625,0
2013-08-09,740.0999755859375,740.0999755859375,740.0999755859375,740.0999755859375,740.0999755859375,0
2013-08-12,736.7000122070312,736.7000122070312,736.7000122070312,736.7000122070312,736.7000122070312,0
2013-08-13,738.0,738.0,738.0,738.0,738.0,0
2013-08-14,739.4500122070312,739.4500122070312,739.4500122070312,739.4500122070312,739.4500122070312,0
2013-08-15,755.9500122070312,755.9500122070312,755.9500122070312,755.9500122070312,755.9500122070312,0
2013-08-16,762.1500244140625,762.1500244140625,762.1500244140625,762.1500244140625,762.1500244140625,0
2013-08-19,752.0,752.0,752.0,752.0,752.0,0
2013-08-20,748.75,748.75,748.75,748.75,748.75,0
2013-08-21,746.0,746.0,746.0,746.0,746.0,0
2013-08-22,754.3499755859375,754.3499755859375,754.3499755859375,754.3499755859375,754.3499755859375,0
2013-08-23,750.3499755859375,750.3499755859375,750.3499755859375,750.3499755859375,750.3499755859375,0
2013-08-26,745.5499877929688,745.5499877929688,745.5499877929688,745.5499877929688,745.5499877929688,0
2013-08-27,748.9000244140625,748.9000244140625,748.9000244140625,748.9000244140625,748.9000244140625,0
2013-08-28,746.0499877929688,746.0499877929688,746.0499877929688,746.0499877929688,746.0499877929688,7206
2013-08-29,744.4500122070312,744.4500122070312,735.8499755859375,737.75,737.75,2042
2013-08-30,735.6500244140625,736.4000244140625,719.6500244140625,722.0999755859375,722.0999755859375,0
2013-09-03,726.8499755859375,727.7000122070312,713.5499877929688,716.2000122070312,716.2000122070312,75
2013-09-04,717.5,717.5,696.5999755859375,696.5999755859375,696.5999755859375,105
2013-09-05,694.6500244140625,694.6500244140625,685.5999755859375,685.7999877929688,685.7999877929688,31
2013-09-06,685.4000244140625,697.2000122070312,685.4000244140625,695.4500122070312,695.4500122070312,47
2013-09-09,696.0999755859375,696.0999755859375,680.7000122070312,681.4000244140625,681.4000244140625,60
2013-09-10,691.0499877929688,691.0499877929688,691.0499877929688,691.0499877929688,691.0499877929688,34
2013-09-11,694.1500244140625,696.4000244140625,689.5999755859375,689.5999755859375,689.5999755859375,7
2013-09-12,687.2000122070312,691.2000122070312,687.2000122070312,691.2000122070312,691.2000122070312,12
2013-09-13,688.6500244140625,699.25,688.6500244140625,697.5,697.5,3
2013-09-16,707.9000244140625,710.9500122070312,704.0999755859375,704.2999877929688,704.2999877929688,37
2013-09-17,705.25,705.25,705.25,705.25,705.25,27
2013-09-18,698.4500122070312,701.4500122070312,698.4500122070312,701.4500122070312,701.4500122070312,1
2013-09-19,736.5499877929688,736.5499877929688,736.5499877929688,736.5499877929688,736.5499877929688,0
2013-09-20,720.2999877929688,720.2999877929688,720.2999877929688,720.2999877929688,720.2999877929688,0
2013-09-23,716.2999877929688,716.2999877929688,716.2999877929688,716.2999877929688,716.2999877929688,29
2013-09-24,716.7999877929688,718.3499755859375,713.2000122070312,718.3499755859375,718.3499755859375,7
2013-09-25,721.0,724.2000122070312,718.9000244140625,724.2000122070312,724.2000122070312,5
2013-09-26,722.1500244140625,722.1500244140625,722.1500244140625,722.1500244140625,722.1500244140625,0
2013-09-27,730.7999877929688,730.7999877929688,730.7999877929688,730.7999877929688,730.7999877929688,0
2013-09-30,726.1500244140625,726.1500244140625,726.1500244140625,726.1500244140625,726.1500244140625,0
2013-10-01,717.9000244140625,717.9000244140625,717.9000244140625,717.9000244140625,717.9000244140625,0
2013-10-02,720.2000122070312,720.2000122070312,720.2000122070312,720.2000122070312,720.2000122070312,0
2013-10-03,699.2000122070312,699.2000122070312,699.2000122070312,699.2000122070312,699.2000122070312,0
2013-10-04,700.9500122070312,700.9500122070312,700.9500122070312,700.9500122070312,700.9500122070312,0
2013-10-07,704.3499755859375,704.3499755859375,704.3499755859375,704.3499755859375,704.3499755859375,0
2013-10-08,713.9000244140625,713.9000244140625,713.9000244140625,713.9000244140625,713.9000244140625,0
2013-10-09,703.0999755859375,703.0999755859375,703.0999755859375,703.0999755859375,703.0999755859375,0
2013-10-10,711.5499877929688,711.5499877929688,711.5499877929688,711.5499877929688,711.5499877929688,0
2013-10-11,712.2999877929688,712.2999877929688,712.2999877929688,712.2999877929688,712.2999877929688,0
2013-10-14,714.25,714.25,714.25,714.25,714.25,0
2013-10-15,705.2999877929688,705.2999877929688,705.2999877929688,705.2999877929688,705.2999877929688,0
2013-10-16,712.5499877929688,712.5499877929688,712.5499877929688,712.5499877929688,712.5499877929688,0
2013-10-17,736.7999877929688,736.7999877929688,736.7999877929688,736.7999877929688,736.7999877929688,0
2013-10-18,739.6500244140625,739.6500244140625,739.6500244140625,739.6500244140625,739.6500244140625,0
2013-10-21,749.25,749.25,749.25,749.25,749.25,0
2013-10-22,751.9000244140625,751.9000244140625,751.9000244140625,751.9000244140625,751.9000244140625,0
2013-10-23,745.0999755859375,745.0999755859375,745.0999755859375,745.0999755859375,745.0999755859375,0
2013-10-24,746.7999877929688,746.7999877929688,746.7999877929688,746.7999877929688,746.7999877929688,0
2013-10-25,746.9000244140625,746.9000244140625,746.9000244140625,746.9000244140625,746.9000244140625,0
2013-10-28,749.4500122070312,749.4500122070312,749.4500122070312,749.4500122070312,749.4500122070312,0
2013-10-29,746.0499877929688,746.0499877929688,746.0499877929688,746.0499877929688,746.0499877929688,0
2013-10-30,748.9500122070312,748.9500122070312,748.9500122070312,748.9500122070312,748.9500122070312,0
2013-10-31,736.25,736.25,736.25,736.25,736.25,0
2013-11-01,737.7000122070312,737.7000122070312,737.7000122070312,737.7000122070312,737.7000122070312,0
2013-11-04,751.0,751.0,748.9500122070312,748.9500122070312,748.9500122070312,1
2013-11-05,745.1500244140625,749.75,745.1500244140625,749.75,749.75,1
2013-11-06,763.7999877929688,763.7999877929688,763.7999877929688,763.7999877929688,763.7999877929688,0
2013-11-07,758.5999755859375,758.5999755859375,758.5999755859375,758.5999755859375,758.5999755859375,0
2013-11-08,757.3499755859375,757.3499755859375,757.3499755859375,757.3499755859375,757.3499755859375,0
2013-11-11,754.0499877929688,754.0499877929688,754.0499877929688,754.0499877929688,754.0499877929688,0
2013-11-12,741.8499755859375,741.8499755859375,741.8499755859375,741.8499755859375,741.8499755859375,0
2013-11-13,735.0,735.0,735.0,735.0,735.0,0
2013-11-14,739.4000244140625,739.4000244140625,739.4000244140625,739.4000244140625,739.4000244140625,0
2013-11-15,732.2999877929688,732.2999877929688,732.2999877929688,732.2999877929688,732.2999877929688,0
2013-11-18,716.4000244140625,716.4000244140625,716.4000244140625,716.4000244140625,716.4000244140625,0
2013-11-19,721.5999755859375,721.5999755859375,721.5999755859375,721.5999755859375,721.5999755859375,0
2013-11-20,713.6500244140625,713.6500244140625,713.6500244140625,713.6500244140625,713.6500244140625,0
2013-11-21,713.0999755859375,713.0999755859375,713.0999755859375,713.0999755859375,713.0999755859375,0
2013-11-22,713.9500122070312,713.9500122070312,713.9500122070312,713.9500122070312,713.9500122070312,0
2013-11-25,719.8499755859375,719.8499755859375,719.8499755859375,719.8499755859375,719.8499755859375,0
2013-11-26,716.2000122070312,716.2000122070312,716.2000122070312,716.2000122070312,716.2000122070312,6453
2013-11-27,716.7000122070312,724.0,714.0999755859375,714.3499755859375,714.3499755859375,2751
2013-11-29,717.9500122070312,722.5499877929688,715.75,718.0,718.0,531
2013-12-02,716.0499877929688,718.2000122070312,709.9500122070312,712.4000244140625,712.4000244140625,158
2013-12-03,712.0499877929688,714.9000244140625,709.2000122070312,714.0499877929688,714.0499877929688,100
2013-12-04,716.0,731.9500122070312,714.0999755859375,728.5999755859375,728.5999755859375,69
2013-12-05,729.5499877929688,737.4500122070312,729.5499877929688,736.75,736.75,18
2013-12-06,732.3499755859375,737.7999877929688,732.3499755859375,735.4500122070312,735.4500122070312,5
2013-12-09,734.5499877929688,740.0,734.5,734.5,734.5,4
2013-12-10,744.0,744.0,738.0,738.0,738.0,1
2013-12-11,738.0999755859375,738.0999755859375,738.0999755859375,738.0999755859375,738.0999755859375,0
2013-12-12,732.5499877929688,732.5499877929688,719.7999877929688,719.7999877929688,719.7999877929688,1
2013-12-13,720.7000122070312,720.8499755859375,715.75,715.75,715.75,4
2013-12-16,715.9000244140625,715.9000244140625,715.9000244140625,715.9000244140625,715.9000244140625,0
2013-12-17,700.0499877929688,702.0,699.6500244140625,699.6500244140625,699.6500244140625,64
2013-12-18,711.4000244140625,711.4000244140625,698.4000244140625,698.4000244140625,698.4000244140625,3
2013-12-19,695.2999877929688,695.2999877929688,695.2999877929688,695.2999877929688,695.2999877929688,0
2013-12-20,697.8499755859375,697.8499755859375,697.8499755859375,697.8499755859375,697.8499755859375,0
2013-12-23,694.75,694.75,694.75,694.75,694.75,0
2013-12-24,694.5499877929688,694.5499877929688,694.5499877929688,694.5499877929688,694.5499877929688,0
2013-12-26,703.75,704.0499877929688,699.8499755859375,699.8499755859375,699.8499755859375,30
2013-12-27,699.9500122070312,711.0499877929688,699.9500122070312,711.0499877929688,711.0499877929688,0
2013-12-30,709.9000244140625,709.9000244140625,709.9000244140625,709.9000244140625,709.9000244140625,0
2013-12-31,717.4000244140625,717.4000244140625,717.4000244140625,717.4000244140625,717.4000244140625,0
2014-01-02,729.3499755859375,729.3499755859375,729.3499755859375,729.3499755859375,729.3499755859375,0
2014-01-03,730.2999877929688,730.2999877929688,730.2999877929688,730.2999877929688,730.2999877929688,0
2014-01-06,737.5999755859375,737.5999755859375,737.5999755859375,737.5999755859375,737.5999755859375,0
2014-01-07,740.7999877929688,740.7999877929688,740.7999877929688,740.7999877929688,740.7999877929688,0
2014-01-08,737.4000244140625,737.4000244140625,737.4000244140625,737.4000244140625,737.4000244140625,0
2014-01-09,735.5999755859375,735.5999755859375,735.5999755859375,735.5999755859375,735.5999755859375,0
2014-01-10,745.1500244140625,745.1500244140625,745.1500244140625,745.1500244140625,745.1500244140625,0
2014-01-13,739.0999755859375,739.0999755859375,739.0999755859375,739.0999755859375,739.0999755859375,0
2014-01-14,738.0,738.0,738.0,738.0,738.0,0
2014-01-15,743.0999755859375,743.0999755859375,743.0999755859375,743.0999755859375,743.0999755859375,0
2014-01-16,743.0,743.0,743.0,743.0,743.0,0
2014-01-17,747.6500244140625,747.6500244140625,747.6500244140625,747.6500244140625,747.6500244140625,0
2014-01-21,747.1500244140625,747.1500244140625,747.1500244140625,747.1500244140625,747.1500244140625,0
2014-01-22,747.9500122070312,747.9500122070312,747.9500122070312,747.9500122070312,747.9500122070312,0
2014-01-23,745.0,745.0,745.0,745.0,745.0,0
2014-01-24,733.9000244140625,733.9000244140625,733.9000244140625,733.9000244140625,733.9000244140625,0
2014-01-27,721.6500244140625,721.6500244140625,721.6500244140625,721.6500244140625,721.6500244140625,0
2014-01-28,715.5999755859375,715.5999755859375,715.5999755859375,715.5999755859375,715.5999755859375,0
2014-01-29,710.25,710.25,710.25,710.25,710.25,0
2014-01-30,706.6500244140625,706.6500244140625,706.6500244140625,706.6500244140625,706.6500244140625,0
2014-01-31,703.0,703.0,703.0,703.0,703.0,0
2014-02-03,702.5,702.5,702.5,702.5,702.5,0
2014-02-04,699.9000244140625,699.9000244140625,699.9000244140625,699.9000244140625,699.9000244140625,0
2014-02-05,706.9000244140625,706.9000244140625,706.9000244140625,706.9000244140625,706.9000244140625,0
2014-02-06,710.1500244140625,710.1500244140625,710.1500244140625,710.1500244140625,710.1500244140625,0
2014-02-07,708.5999755859375,708.5999755859375,708.5999755859375,708.5999755859375,708.5999755859375,0
2014-02-10,716.5499877929688,716.5499877929688,716.5499877929688,716.5499877929688,716.5499877929688,0
2014-02-11,716.1500244140625,716.1500244140625,716.1500244140625,716.1500244140625,716.1500244140625,0
2014-02-12,728.8499755859375,728.8499755859375,728.8499755859375,728.8499755859375,728.8499755859375,0
2014-02-13,730.9000244140625,730.9000244140625,730.9000244140625,730.9000244140625,730.9000244140625,0
2014-02-14,737.4000244140625,737.4000244140625,737.4000244140625,737.4000244140625,737.4000244140625,0
2014-02-18,736.9500122070312,736.9500122070312,736.9500122070312,736.9500122070312,736.9500122070312,0
2014-02-19,735.2000122070312,735.2000122070312,735.2000122070312,735.2000122070312,735.2000122070312,0
2014-02-20,736.0999755859375,736.0999755859375,736.0999755859375,736.0999755859375,736.0999755859375,0
2014-02-21,739.7999877929688,739.7999877929688,739.7999877929688,739.7999877929688,739.7999877929688,0
2014-02-24,742.9000244140625,742.9000244140625,742.9000244140625,742.9000244140625,742.9000244140625,0
2014-02-25,736.0999755859375,736.0999755859375,736.0999755859375,736.0999755859375,736.0999755859375,0
2014-02-26,731.5,731.5,731.5,731.5,731.5,5466
2014-02-27,729.9000244140625,744.0,726.9000244140625,742.25,742.25,2801
2014-02-28,743.4500122070312,746.9500122070312,741.5999755859375,743.8499755859375,743.8499755859375,626
2014-03-03,747.5,749.7999877929688,747.5,749.7999877929688,749.7999877929688,165
2014-03-04,746.9000244140625,765.0,745.7000122070312,763.7000122070312,763.7000122070312,70
2014-03-05,772.4000244140625,774.9500122070312,772.4000244140625,772.6500244140625,772.6500244140625,17
2014-03-06,773.0,782.0,773.0,780.9500122070312,780.9500122070312,10
2014-03-07,781.5499877929688,781.5999755859375,772.0,781.5999755859375,781.5999755859375,7
2014-03-10,775.7999877929688,776.6500244140625,775.7999877929688,776.6500244140625,776.6500244140625,4
2014-03-11,770.9500122070312,770.9500122070312,770.2999877929688,770.2999877929688,770.2999877929688,1
2014-03-12,776.9500122070312,776.9500122070312,776.9500122070312,776.9500122070312,776.9500122070312,1
2014-03-13,778.75,778.75,778.75,778.75,778.75,0
2014-03-14,779.4500122070312,779.4500122070312,773.0499877929688,773.0499877929688,773.0499877929688,14
2014-03-17,776.2000122070312,776.2000122070312,776.2000122070312,776.2000122070312,776.2000122070312,6
2014-03-18,771.8499755859375,773.0,771.75,771.75,771.75,11
2014-03-19,768.6500244140625,768.6500244140625,768.6500244140625,768.6500244140625,768.6500244140625,5
2014-03-20,756.0,772.0,755.0,772.0,772.0,51
2014-03-21,798.0,798.0,788.0,788.75,788.75,30
2014-03-24,796.5,802.5499877929688,792.5999755859375,795.3499755859375,795.3499755859375,5
2014-03-25,789.4000244140625,789.4000244140625,789.4000244140625,789.4000244140625,789.4000244140625,1
2014-03-26,782.7000122070312,783.0,781.1500244140625,781.1500244140625,781.1500244140625,3
2014-03-27,773.0,773.0,761.0,761.0,761.0,11
2014-03-28,774.0999755859375,774.0999755859375,774.0999755859375,774.0999755859375,774.0999755859375,0
2014-03-31,777.5,777.5,777.5,777.5,777.5,0
2014-04-01,780.0999755859375,782.3499755859375,780.0,782.3499755859375,782.3499755859375,1
2014-04-02,788.5999755859375,788.5999755859375,788.5999755859375,788.5999755859375,788.5999755859375,10
2014-04-03,789.0999755859375,789.0999755859375,789.0999755859375,789.0999755859375,789.0999755859375,0
2014-04-04,791.0,791.0,791.0,791.0,791.0,0
2014-04-07,780.0,780.0,767.9000244140625,767.9000244140625,767.9000244140625,1
2014-04-08,776.0999755859375,776.0999755859375,776.0999755859375,776.0999755859375,776.0999755859375,0
2014-04-09,782.7999877929688,782.7999877929688,782.7999877929688,782.7999877929688,782.7999877929688,0
2014-04-10,792.5499877929688,792.5499877929688,792.5499877929688,792.5499877929688,792.5499877929688,0
2014-04-11,807.0499877929688,807.0499877929688,807.0499877929688,807.0499877929688,807.0499877929688,0
2014-04-14,811.75,811.75,811.75,811.75,811.75,0
2014-04-15,796.1500244140625,796.1500244140625,796.1500244140625,796.1500244140625,796.1500244140625,0
2014-04-16,802.5499877929688,802.5499877929688,802.5499877929688,802.5499877929688,802.5499877929688,0
2014-04-17,807.3499755859375,807.3499755859375,807.3499755859375,807.3499755859375,807.3499755859375,0
2014-04-21,778.0499877929688,778.0499877929688,778.0499877929688,778.0499877929688,778.0499877929688,0
2014-04-22,783.9000244140625,783.9000244140625,783.9000244140625,783.9000244140625,783.9000244140625,0
2014-04-23,786.25,786.25,786.25,786.25,786.25,0
2014-04-24,802.5499877929688,802.5499877929688,802.5499877929688,802.5499877929688,802.5499877929688,0
2014-04-25,811.4500122070312,811.4500122070312,811.4500122070312,811.4500122070312,811.4500122070312,0
2014-04-28,800.9500122070312,800.9500122070312,800.9500122070312,800.9500122070312,800.9500122070312,0
2014-04-29,808.0499877929688,808.0499877929688,808.0499877929688,808.0499877929688,808.0499877929688,0
2014-04-30,812.6500244140625,812.6500244140625,812.6500244140625,812.6500244140625,812.6500244140625,0
2014-05-01,814.2999877929688,814.2999877929688,814.2999877929688,814.2999877929688,814.2999877929688,0
2014-05-02,812.5499877929688,812.5499877929688,812.5499877929688,812.5499877929688,812.5499877929688,0
2014-05-05,816.6500244140625,816.6500244140625,816.6500244140625,816.6500244140625,816.6500244140625,0
2014-05-06,818.5499877929688,818.5499877929688,818.5499877929688,818.5499877929688,818.5499877929688,0
2014-05-07,796.8499755859375,796.8499755859375,796.8499755859375,796.8499755859375,796.8499755859375,0
2014-05-08,804.2000122070312,804.2000122070312,804.2000122070312,804.2000122070312,804.2000122070312,0
2014-05-09,799.9000244140625,799.9000244140625,799.9000244140625,799.9000244140625,799.9000244140625,0
2014-05-12,808.9000244140625,808.9000244140625,808.9000244140625,808.9000244140625,808.9000244140625,0
2014-05-13,817.4500122070312,817.4500122070312,817.4500122070312,817.4500122070312,817.4500122070312,0
2014-05-14,828.4000244140625,828.5999755859375,828.0,828.5999755859375,828.5999755859375,18
2014-05-15,811.9000244140625,811.9000244140625,811.9000244140625,811.9000244140625,811.9000244140625,0
2014-05-16,814.7999877929688,814.7999877929688,814.7999877929688,814.7999877929688,814.7999877929688,0
2014-05-19,815.4000244140625,815.4000244140625,815.4000244140625,815.4000244140625,815.4000244140625,0
2014-05-20,825.7000122070312,825.7000122070312,825.7000122070312,825.7000122070312,825.7000122070312,0
2014-05-21,830.2999877929688,830.2999877929688,830.2999877929688,830.2999877929688,830.2999877929688,0
2014-05-22,836.2999877929688,836.2999877929688,836.2999877929688,836.2999877929688,836.2999877929688,0
2014-05-23,831.2999877929688,831.2999877929688,831.2999877929688,831.2999877929688,831.2999877929688,0
2014-05-27,830.5499877929688,830.5499877929688,830.5499877929688,830.5499877929688,830.5499877929688,0
2014-05-28,839.75,839.75,839.75,839.75,839.75,11174
2014-05-29,834.5999755859375,840.1500244140625,828.0,833.7999877929688,833.7999877929688,2277
2014-05-30,835.5999755859375,836.5,829.9500122070312,835.6500244140625,835.6500244140625,362
2014-06-02,836.4500122070312,836.4500122070312,830.0,832.0499877929688,832.0499877929688,43
2014-06-03,833.1500244140625,838.0,833.1500244140625,836.2000122070312,836.2000122070312,60
2014-06-04,834.0,837.0,832.0,836.6500244140625,836.6500244140625,60
2014-06-05,835.2999877929688,839.3499755859375,833.0,838.8499755859375,838.8499755859375,65
2014-06-06,845.5,845.9000244140625,838.0,843.9500122070312,843.9500122070312,47
2014-06-09,844.9500122070312,845.0,841.0,841.9500122070312,841.9500122070312,34
2014-06-10,850.5999755859375,856.4000244140625,850.5999755859375,854.9000244140625,854.9000244140625,34
2014-06-11,857.5999755859375,860.8499755859375,857.0,860.7000122070312,860.7000122070312,39
2014-06-12,862.2999877929688,862.9500122070312,820.1500244140625,820.1500244140625,820.1500244140625,84
2014-06-13,828.0,828.75,809.4000244140625,813.3499755859375,813.3499755859375,37
2014-06-16,813.75,813.75,810.0999755859375,810.0999755859375,810.0999755859375,2
2014-06-17,811.75,817.4500122070312,811.75,817.4500122070312,817.4500122070312,12
2014-06-18,826.25,830.0,823.6500244140625,823.6500244140625,823.6500244140625,13
2014-06-19,826.8499755859375,839.3499755859375,826.8499755859375,839.3499755859375,839.3499755859375,6
2014-06-20,822.0,822.9500122070312,822.0,822.9500122070312,822.9500122070312,1
2014-06-23,814.0,823.5999755859375,814.0,823.5999755859375,823.5999755859375,1
2014-06-24,827.5,832.2999877929688,827.5,831.7999877929688,831.7999877929688,114
2014-06-25,829.0499877929688,834.25,828.5499877929688,834.25,834.25,18
2014-06-26,836.2000122070312,836.2000122070312,836.2000122070312,836.2000122070312,836.2000122070312,13
2014-06-27,840.0,843.25,840.0,843.25,843.25,1
2014-06-30,852.75,853.7000122070312,838.7000122070312,843.5499877929688,843.5499877929688,4
2014-07-01,855.0,855.0,855.0,855.0,855.0,0
2014-07-02,857.7999877929688,857.7999877929688,857.7999877929688,857.7999877929688,857.7999877929688,0
2014-07-03,862.2999877929688,862.2999877929688,862.2999877929688,862.2999877929688,862.2999877929688,0
2014-07-07,869.25,869.25,869.25,869.25,869.25,0
2014-07-08,873.2000122070312,873.2000122070312,873.2000122070312,873.2000122070312,873.2000122070312,0
2014-07-09,873.0,873.0,873.0,873.0,873.0,0
2014-07-10,873.0499877929688,877.1500244140625,873.0499877929688,873.0499877929688,873.0499877929688,2
2014-07-11,874.75,874.75,874.75,874.75,874.75,0
2014-07-14,871.4500122070312,871.4500122070312,871.4500122070312,871.4500122070312,871.4500122070312,0
2014-07-15,866.2999877929688,866.2999877929688,866.2999877929688,866.2999877929688,866.2999877929688,0
2014-07-16,875.75,875.75,875.75,875.75,875.75,0
2014-07-17,884.0999755859375,884.0999755859375,884.0999755859375,884.0999755859375,884.0999755859375,0
2014-07-18,880.5,880.5,880.5,880.5,880.5,0
2014-07-21,876.1500244140625,876.1500244140625,876.1500244140625,876.1500244140625,876.1500244140625,0
2014-07-22,873.8499755859375,873.8499755859375,873.8499755859375,873.8499755859375,873.8499755859375,0
2014-07-23,873.2999877929688,873.2999877929688,873.2999877929688,873.2999877929688,873.2999877929688,0
2014-07-24,869.9500122070312,869.9500122070312,869.9500122070312,869.9500122070312,869.9500122070312,0
2014-07-25,878.7999877929688,884.2999877929688,878.7999877929688,878.7999877929688,878.7999877929688,1
2014-07-28,879.75,879.75,879.75,879.75,879.75,0
2014-07-29,879.2999877929688,879.2999877929688,879.2999877929688,879.2999877929688,879.2999877929688,15
2014-07-30,881.0999755859375,881.0999755859375,881.0999755859375,881.0999755859375,881.0999755859375,0
2014-07-31,874.6500244140625,874.6500244140625,874.6500244140625,874.6500244140625,874.6500244140625,0
2014-08-01,865.5,865.5,865.5,865.5,865.5,0
2014-08-04,856.0499877929688,856.0499877929688,856.0499877929688,856.0499877929688,856.0499877929688,0
2014-08-05,840.1500244140625,849.25,840.1500244140625,849.25,849.25,1
2014-08-06,844.7000122070312,849.4000244140625,844.7000122070312,849.4000244140625,849.4000244140625,6
2014-08-07,856.5499877929688,856.5499877929688,856.5499877929688,856.5499877929688,856.5499877929688,0
2014-08-08,861.0,861.0,861.0,861.0,861.0,0
2014-08-11,875.2000122070312,875.2000122070312,875.2000122070312,875.2000122070312,875.2000122070312,0
2014-08-12,878.5,878.5,878.5,878.5,878.5,0
2014-08-13,882.0999755859375,882.0999755859375,882.0999755859375,882.0999755859375,882.0999755859375,0
2014-08-14,886.6500244140625,886.6500244140625,886.6500244140625,886.6500244140625,886.6500244140625,0
2014-08-15,895.0,895.0,895.0,895.0,895.0,0
2014-08-18,895.4000244140625,895.4000244140625,895.4000244140625,895.4000244140625,895.4000244140625,0
2014-08-19,881.2999877929688,881.2999877929688,881.2999877929688,881.2999877929688,881.2999877929688,0
2014-08-20,868.9500122070312,868.9500122070312,868.9500122070312,868.9500122070312,868.9500122070312,0
2014-08-21,880.4000244140625,880.4000244140625,880.4000244140625,880.4000244140625,880.4000244140625,0
2014-08-22,888.0,888.0,888.0,888.0,888.0,0
2014-08-25,890.1500244140625,890.1500244140625,890.1500244140625,890.1500244140625,890.1500244140625,0
2014-08-26,889.3499755859375,889.3499755859375,889.0999755859375,889.0999755859375,889.0999755859375,1
2014-08-27,893.9000244140625,893.9000244140625,893.9000244140625,893.9000244140625,893.9000244140625,5643
2014-08-28,893.25,899.7999877929688,893.0999755859375,897.2000122070312,897.2000122070312,3776
2014-08-29,897.2999877929688,909.75,895.9000244140625,908.6500244140625,908.6500244140625,540
2014-09-02,908.0,912.0,882.0,882.5999755859375,882.5999755859375,100
2014-09-03,883.6500244140625,883.6500244140625,869.9500122070312,875.3499755859375,875.3499755859375,66
2014-09-04,877.75,890.4000244140625,877.75,890.4000244140625,890.4000244140625,9
2014-09-05,887.9500122070312,892.7000122070312,885.7999877929688,891.0,891.0,13
2014-09-08,889.8499755859375,895.0999755859375,882.5499877929688,885.7000122070312,885.7000122070312,33
2014-09-09,885.7000122070312,885.7000122070312,858.5999755859375,860.0999755859375,860.0999755859375,50
2014-09-10,856.0999755859375,856.0999755859375,848.8499755859375,848.8499755859375,848.8499755859375,12
2014-09-11,842.0,843.5,833.3499755859375,833.3499755859375,833.3499755859375,24
2014-09-12,830.0999755859375,836.0499877929688,822.2999877929688,836.0499877929688,836.0499877929688,14
2014-09-15,837.6500244140625,837.6500244140625,836.9000244140625,836.9000244140625,836.9000244140625,1
2014-09-16,838.7999877929688,844.2000122070312,838.5,844.2000122070312,844.2000122070312,20
2014-09-17,838.7999877929688,838.7999877929688,838.7999877929688,838.7999877929688,838.7999877929688,4
2014-09-18,830.2000122070312,831.4000244140625,821.75,831.4000244140625,831.4000244140625,9
2014-09-19,824.0,824.0,812.3499755859375,812.3499755859375,812.3499755859375,7
2014-09-22,802.9000244140625,802.9000244140625,802.9000244140625,802.9000244140625,802.9000244140625,4
2014-09-23,816.0499877929688,816.0499877929688,815.25,815.25,815.25,2
2014-09-24,824.0999755859375,824.0999755859375,819.5,819.5,819.5,2
2014-09-25,802.2000122070312,802.2000122070312,802.2000122070312,802.2000122070312,802.2000122070312,0
2014-09-26,806.7000122070312,806.7000122070312,783.5499877929688,783.5499877929688,783.5499877929688,2
2014-09-29,789.2999877929688,789.2999877929688,789.2999877929688,789.2999877929688,789.2999877929688,1
2014-09-30,778.25,786.0499877929688,774.9500122070312,774.9500122070312,774.9500122070312,12
2014-10-01,783.7000122070312,783.7000122070312,783.7000122070312,783.7000122070312,783.7000122070312,0
2014-10-02,767.7999877929688,767.7999877929688,767.7999877929688,767.7999877929688,767.7999877929688,1
2014-10-03,753.7000122070312,753.7000122070312,753.7000122070312,753.7000122070312,753.7000122070312,0
2014-10-06,765.25,765.25,765.25,765.25,765.25,0
2014-10-07,786.1500244140625,786.1500244140625,786.1500244140625,786.1500244140625,786.1500244140625,0
2014-10-08,795.5999755859375,795.5999755859375,795.5999755859375,795.5999755859375,795.5999755859375,0
2014-10-09,799.6500244140625,799.6500244140625,799.6500244140625,799.6500244140625,799.6500244140625,0
2014-10-10,784.2000122070312,784.2000122070312,784.2000122070312,784.2000122070312,784.2000122070312,0
2014-10-13,785.0999755859375,785.0999755859375,785.0999755859375,785.0999755859375,785.0999755859375,0
2014-10-14,794.25,794.25,794.25,794.25,794.25,0
2014-10-15,763.4000244140625,763.4000244140625,763.4000244140625,763.4000244140625,763.4000244140625,0
2014-10-16,745.1500244140625,745.1500244140625,745.1500244140625,745.1500244140625,745.1500244140625,0
2014-10-17,755.8499755859375,755.8499755859375,755.8499755859375,755.8499755859375,755.8499755859375,0
2014-10-20,761.4500122070312,761.4500122070312,761.4500122070312,761.4500122070312,761.4500122070312,0
2014-10-21,775.1500244140625,775.1500244140625,775.1500244140625,775.1500244140625,775.1500244140625,0
2014-10-22,775.8499755859375,775.8499755859375,775.8499755859375,775.8499755859375,775.8499755859375,0
2014-10-23,778.4500122070312,778.4500122070312,778.4500122070312,778.4500122070312,778.4500122070312,354
2014-10-24,780.0499877929688,780.0499877929688,780.0499877929688,780.0499877929688,780.0499877929688,0
2014-10-27,786.2999877929688,786.2999877929688,786.2999877929688,786.2999877929688,786.2999877929688,0
2014-10-28,790.0,792.5,790.0,792.5,792.5,1
2014-10-29,800.3499755859375,800.3499755859375,800.3499755859375,800.3499755859375,800.3499755859375,0
2014-10-30,780.3499755859375,780.3499755859375,780.3499755859375,780.3499755859375,780.3499755859375,0
2014-10-31,791.4500122070312,791.4500122070312,791.4500122070312,791.4500122070312,791.4500122070312,0
2014-11-03,804.0499877929688,804.0499877929688,804.0499877929688,804.0499877929688,804.0499877929688,0
2014-11-04,790.2999877929688,790.2999877929688,790.2999877929688,790.2999877929688,790.2999877929688,0
2014-11-05,757.5,757.5,757.5,757.5,757.5,0
2014-11-06,752.25,752.25,752.25,752.25,752.25,0
2014-11-07,772.2000122070312,772.2000122070312,772.2000122070312,772.2000122070312,772.2000122070312,0
2014-11-10,765.9000244140625,765.9000244140625,765.9000244140625,765.9000244140625,765.9000244140625,0
2014-11-11,772.3499755859375,772.3499755859375,772.3499755859375,772.3499755859375,772.3499755859375,0
2014-11-12,773.1500244140625,773.2999877929688,773.1500244140625,773.2999877929688,773.2999877929688,0
2014-11-13,770.5,770.5,770.5,770.5,770.5,0
2014-11-14,771.0,771.0,771.0,771.0,771.0,0
2014-11-17,768.3499755859375,768.3499755859375,768.3499755859375,768.3499755859375,768.3499755859375,0
2014-11-18,776.3499755859375,776.3499755859375,776.3499755859375,776.3499755859375,776.3499755859375,0
2014-11-19,769.5999755859375,769.5999755859375,769.5999755859375,769.5999755859375,769.5999755859375,0
2014-11-20,766.7999877929688,766.7999877929688,766.7999877929688,766.7999877929688,766.7999877929688,0
2014-11-21,794.5499877929688,794.5499877929688,794.5499877929688,794.5499877929688,794.5499877929688,2
2014-11-24,789.75,789.75,789.75,789.75,789.75,0
2014-11-25,795.25,795.25,795.25,795.25,795.25,8583
2014-11-26,794.0,804.1500244140625,790.4000244140625,801.5999755859375,801.5999755859375,2494
2014-11-28,805.0499877929688,814.5499877929688,795.7000122070312,812.4000244140625,812.4000244140625,708
2014-12-01,805.5,810.8499755859375,795.9500122070312,808.0999755859375,808.0999755859375,151
2014-12-02,806.7000122070312,809.0499877929688,797.5499877929688,803.0499877929688,803.0499877929688,97
2014-12-03,802.3499755859375,804.0999755859375,796.8499755859375,796.8499755859375,796.8499755859375,24
2014-12-04,797.3499755859375,801.4500122070312,797.3499755859375,801.4500122070312,801.4500122070312,7
2014-12-05,805.8499755859375,806.9000244140625,800.4000244140625,803.2000122070312,803.2000122070312,14
2014-12-08,798.2999877929688,798.2999877929688,798.2999877929688,798.2999877929688,798.2999877929688,0
2014-12-09,798.2999877929688,812.0999755859375,798.2999877929688,812.0999755859375,812.0999755859375,2
2014-12-10,821.7999877929688,821.7999877929688,819.4000244140625,821.7999877929688,821.7999877929688,7
2014-12-11,819.5999755859375,819.5999755859375,819.5999755859375,819.5999755859375,819.5999755859375,1
2014-12-12,816.5499877929688,816.5499877929688,816.5499877929688,816.5499877929688,816.5499877929688,1
2014-12-15,801.75,801.75,801.75,801.75,801.75,5
2014-12-16,804.7999877929688,805.9000244140625,784.0,784.0,784.0,14
2014-12-17,779.25,779.25,779.25,779.25,779.25,0
2014-12-18,792.1500244140625,793.9000244140625,792.1500244140625,792.1500244140625,792.1500244140625,5
2014-12-19,793.9000244140625,805.0999755859375,793.9000244140625,805.0999755859375,805.0999755859375,10
2014-12-22,805.7000122070312,815.25,805.6500244140625,815.25,815.25,7
2014-12-23,814.0499877929688,814.0499877929688,814.0499877929688,814.0499877929688,814.0499877929688,0
2014-12-24,815.5499877929688,815.5499877929688,807.7999877929688,807.7999877929688,807.7999877929688,1
2014-12-26,816.0499877929688,823.3499755859375,816.0499877929688,818.5999755859375,818.5999755859375,24
2014-12-29,820.5,830.0999755859375,812.0,812.0,812.0,2
2014-12-30,804.2000122070312,804.2000122070312,804.2000122070312,804.2000122070312,804.2000122070312,0
2014-12-31,798.4000244140625,798.4000244140625,798.4000244140625,798.4000244140625,798.4000244140625,0
2015-01-02,794.8499755859375,794.8499755859375,794.8499755859375,794.8499755859375,794.8499755859375,0
2015-01-05,793.2000122070312,793.2000122070312,793.2000122070312,793.2000122070312,793.2000122070312,0
2015-01-06,800.4000244140625,800.4000244140625,800.4000244140625,800.4000244140625,800.4000244140625,0
2015-01-07,792.4500122070312,792.4500122070312,792.4500122070312,792.4500122070312,792.4500122070312,0
2015-01-08,803.25,803.25,791.5499877929688,793.0999755859375,793.0999755859375,2
2015-01-09,800.1500244140625,800.1500244140625,800.1500244140625,800.1500244140625,800.1500244140625,0
2015-01-12,814.0999755859375,814.0999755859375,814.0999755859375,814.0999755859375,814.0999755859375,0
2015-01-13,815.7000122070312,815.7000122070312,815.7000122070312,815.7000122070312,815.7000122070312,0
2015-01-14,780.6500244140625,780.6500244140625,780.6500244140625,780.6500244140625,780.6500244140625,0
2015-01-15,766.3499755859375,766.3499755859375,766.3499755859375,766.3499755859375,766.3499755859375,0
2015-01-16,754.2999877929688,754.2999877929688,754.2999877929688,754.2999877929688,754.2999877929688,0
2015-01-20,778.75,778.75,778.75,778.75,778.75,0
2015-01-21,768.25,768.25,768.25,768.25,768.25,0
2015-01-22,773.5999755859375,773.5999755859375,773.5999755859375,773.5999755859375,773.5999755859375,0
2015-01-23,775.4000244140625,775.4000244140625,775.4000244140625,775.4000244140625,775.4000244140625,0
2015-01-26,783.1500244140625,783.1500244140625,783.1500244140625,783.1500244140625,783.1500244140625,0
2015-01-27,791.75,796.7999877929688,782.0499877929688,782.0499877929688,782.0499877929688,5
2015-01-28,797.5999755859375,797.5999755859375,797.5999755859375,797.5999755859375,797.5999755859375,0
2015-01-29,772.9000244140625,772.9000244140625,772.9000244140625,772.9000244140625,772.9000244140625,0
2015-01-30,772.7000122070312,772.7000122070312,772.7000122070312,772.7000122070312,772.7000122070312,20
2015-02-02,788.2999877929688,788.2999877929688,788.2999877929688,788.2999877929688,788.2999877929688,0
2015-02-03,786.2999877929688,788.4000244140625,786.0499877929688,786.2999877929688,786.2999877929688,2
2015-02-04,790.75,790.75,790.5,790.5,790.5,1
2015-02-05,796.0,796.0,796.0,796.0,796.0,0
2015-02-06,793.0999755859375,793.0999755859375,781.5999755859375,781.5999755859375,781.5999755859375,2
2015-02-09,779.9500122070312,779.9500122070312,779.9500122070312,779.9500122070312,779.9500122070312,0
2015-02-10,766.0,766.0,766.0,766.0,766.0,0
2015-02-11,766.8499755859375,766.8499755859375,766.8499755859375,766.8499755859375,766.8499755859375,0
2015-02-12,773.9500122070312,773.9500122070312,773.9500122070312,773.9500122070312,773.9500122070312,0
2015-02-13,794.75,794.75,794.75,794.75,794.75,0
2015-02-17,783.5499877929688,783.5499877929688,783.5499877929688,783.5499877929688,783.5499877929688,0
2015-02-18,776.9000244140625,776.9000244140625,776.9000244140625,776.9000244140625,776.9000244140625,0
2015-02-19,787.0999755859375,787.0999755859375,787.0999755859375,787.0999755859375,787.0999755859375,0
2015-02-20,779.5,779.5,779.5,779.5,779.5,0
2015-02-23,786.25,786.25,786.25,786.25,786.25,0
2015-02-24,790.2999877929688,790.2999877929688,790.2999877929688,790.2999877929688,790.2999877929688,0
2015-02-25,808.3499755859375,808.3499755859375,808.3499755859375,808.3499755859375,808.3499755859375,7455
2015-02-26,808.9000244140625,815.5,806.0,810.25,810.25,2697
2015-02-27,813.5,818.4500122070312,804.0,818.4500122070312,818.4500122070312,180
2015-03-02,819.4500122070312,832.0999755859375,816.0,830.2999877929688,830.2999877929688,110
2015-03-03,826.2999877929688,832.2000122070312,826.2999877929688,831.1500244140625,831.1500244140625,73
2015-03-04,826.0999755859375,830.4000244140625,821.5,830.4000244140625,830.4000244140625,37
2015-03-05,823.3499755859375,825.0,822.4000244140625,825.0,825.0,41
2015-03-06,812.4500122070312,820.9000244140625,812.4500122070312,818.0499877929688,818.0499877929688,13
2015-03-09,825.6500244140625,825.6500244140625,822.5999755859375,822.5999755859375,822.5999755859375,13
2015-03-10,814.5499877929688,814.5499877929688,802.6500244140625,803.75,803.75,21
2015-03-11,795.4000244140625,795.4000244140625,789.0499877929688,789.0499877929688,789.0499877929688,1
2015-03-12,789.7000122070312,789.7000122070312,786.5999755859375,786.5999755859375,786.5999755859375,2
2015-03-13,790.9000244140625,790.9000244140625,788.3499755859375,788.3499755859375,788.3499755859375,4
2015-03-16,788.3499755859375,788.3499755859375,779.75,779.75,779.75,10
2015-03-17,777.5,777.5,761.75,761.7999877929688,761.7999877929688,9
2015-03-18,764.2999877929688,776.7000122070312,764.2999877929688,764.2999877929688,764.2999877929688,9
2015-03-19,775.75,776.0,765.4500122070312,765.4500122070312,765.4500122070312,16
2015-03-20,778.75,778.75,778.75,778.75,778.75,0
2015-03-23,770.3499755859375,770.3499755859375,770.3499755859375,770.3499755859375,770.3499755859375,3
2015-03-24,763.3499755859375,763.3499755859375,763.3499755859375,763.3499755859375,763.3499755859375,0
2015-03-25,765.0499877929688,765.0499877929688,765.0499877929688,765.0499877929688,765.0499877929688,1
2015-03-26,767.0499877929688,773.0999755859375,767.0499877929688,773.0,773.0,3
2015-03-27,745.0499877929688,746.5499877929688,740.6500244140625,740.6500244140625,740.6500244140625,0
2015-03-30,728.7000122070312,728.7000122070312,728.7000122070312,728.7000122070312,728.7000122070312,0
2015-03-31,735.0,735.0,735.0,735.0,735.0,0
2015-04-01,748.5499877929688,748.5499877929688,748.5499877929688,748.5499877929688,748.5499877929688,0
2015-04-02,746.0,746.0,746.0,746.0,746.0,0
2015-04-06,768.5,768.5,768.5,768.5,768.5,0
2015-04-07,768.7000122070312,768.7000122070312,768.7000122070312,768.7000122070312,768.7000122070312,0
2015-04-08,755.4000244140625,755.4000244140625,755.4000244140625,755.4000244140625,755.4000244140625,0
2015-04-09,762.0999755859375,762.0999755859375,762.0999755859375,762.0999755859375,762.0999755859375,0
2015-04-10,775.75,775.75,775.75,775.75,775.75,0
2015-04-13,771.0999755859375,771.0999755859375,771.0999755859375,771.0999755859375,771.0999755859375,0
2015-04-14,762.2000122070312,762.2000122070312,762.2000122070312,762.2000122070312,762.2000122070312,0
2015-04-15,766.7999877929688,766.7999877929688,766.7999877929688,766.7999877929688,766.7999877929688,0
2015-04-16,779.4500122070312,779.4500122070312,779.4500122070312,779.4500122070312,779.4500122070312,0
2015-04-17,782.6500244140625,782.6500244140625,782.6500244140625,782.6500244140625,782.6500244140625,0
2015-04-20,772.0999755859375,772.0999755859375,772.0999755859375,772.0999755859375,772.0999755859375,0
2015-04-21,774.25,774.25,774.25,774.25,774.25,0
2015-04-22,755.5999755859375,755.5999755859375,755.5999755859375,755.5999755859375,755.5999755859375,0
2015-04-23,763.5,769.5999755859375,763.5,769.5999755859375,769.5999755859375,1
2015-04-24,769.9500122070312,769.9500122070312,769.9500122070312,769.9500122070312,769.9500122070312,0
2015-04-27,782.1500244140625,782.1500244140625,782.1500244140625,782.1500244140625,782.1500244140625,0
2015-04-28,780.8499755859375,780.8499755859375,780.8499755859375,780.8499755859375,780.8499755859375,0
2015-04-29,784.75,784.75,784.75,784.75,784.75,1
2015-04-30,776.5,776.5,776.5,776.5,776.5,0
2015-05-01,773.75,773.75,773.75,773.75,773.75,0
2015-05-04,782.6500244140625,782.6500244140625,782.6500244140625,782.6500244140625,782.6500244140625,0
2015-05-05,794.9500122070312,794.9500122070312,794.9500122070312,794.9500122070312,794.9500122070312,0
2015-05-06,792.6500244140625,792.6500244140625,792.6500244140625,792.6500244140625,792.6500244140625,0
2015-05-07,790.2999877929688,790.2999877929688,785.75,785.75,785.75,1
2015-05-08,802.3499755859375,802.3499755859375,802.3499755859375,802.3499755859375,802.3499755859375,0
2015-05-11,794.4500122070312,794.4500122070312,780.4500122070312,780.4500122070312,780.4500122070312,1
2015-05-12,785.1500244140625,785.1500244140625,785.1500244140625,785.1500244140625,785.1500244140625,0
2015-05-13,789.4000244140625,789.4000244140625,789.4000244140625,789.4000244140625,789.4000244140625,0
2015-05-14,779.5,779.5,779.5,779.5,779.5,0
2015-05-15,794.9500122070312,794.9500122070312,794.9500122070312,794.9500122070312,794.9500122070312,0
2015-05-18,793.0,793.0,785.9500122070312,793.0,793.0,3
2015-05-19,775.1500244140625,775.1500244140625,775.1500244140625,775.1500244140625,775.1500244140625,0
2015-05-20,776.8499755859375,776.8499755859375,776.8499755859375,776.8499755859375,776.8499755859375,0
2015-05-21,776.0999755859375,776.0999755859375,776.0999755859375,776.0999755859375,776.0999755859375,0
2015-05-22,771.4000244140625,784.0,771.4000244140625,784.0,784.0,1
2015-05-26,780.4000244140625,780.4000244140625,780.4000244140625,780.4000244140625,780.4000244140625,0
2015-05-27,785.0,785.0,785.0,785.0,785.0,5770
2015-05-28,786.4000244140625,788.9000244140625,780.6500244140625,784.7999877929688,784.7999877929688,3035
2015-05-29,784.4500122070312,787.0999755859375,776.75,776.75,776.75,271
2015-06-01,777.5999755859375,777.7000122070312,772.5499877929688,772.6500244140625,772.6500244140625,28
2015-06-02,773.0,773.75,768.2000122070312,768.2000122070312,768.2000122070312,17
2015-06-03,769.5999755859375,769.8499755859375,755.9000244140625,757.7999877929688,757.7999877929688,32
2015-06-04,757.75,759.3499755859375,755.0999755859375,755.0999755859375,755.0999755859375,27
2015-06-05,754.7000122070312,756.75,750.4000244140625,750.4000244140625,750.4000244140625,18
2015-06-08,748.2000122070312,748.2000122070312,741.5499877929688,743.0999755859375,743.0999755859375,5
2015-06-09,744.6500244140625,744.6500244140625,739.4000244140625,739.4000244140625,739.4000244140625,2
2015-06-10,741.5999755859375,746.25,741.5999755859375,743.0,743.0,20
2015-06-11,742.5999755859375,744.6500244140625,742.5999755859375,742.5999755859375,742.5999755859375,61
2015-06-12,738.6500244140625,738.6500244140625,738.1500244140625,738.1500244140625,738.1500244140625,30
2015-06-15,736.6500244140625,736.6500244140625,732.7999877929688,734.0999755859375,734.0999755859375,4
2015-06-16,734.4000244140625,734.4000244140625,732.75,732.75,732.75,2
2015-06-17,730.0,731.0,720.2999877929688,720.2999877929688,720.2999877929688,3
2015-06-18,724.0999755859375,725.3499755859375,718.5999755859375,718.5999755859375,718.5999755859375,16
2015-06-19,718.3499755859375,718.3499755859375,707.3499755859375,707.3499755859375,707.3499755859375,6
2015-06-22,699.1500244140625,699.1500244140625,694.5999755859375,695.4000244140625,695.4000244140625,3
2015-06-23,694.5999755859375,695.6500244140625,694.5999755859375,695.5499877929688,695.5499877929688,2
2015-06-24,697.4500122070312,697.4500122070312,695.4500122070312,695.4500122070312,695.4500122070312,5
2015-06-25,695.4500122070312,695.4500122070312,674.5499877929688,679.1500244140625,679.1500244140625,18
2015-06-26,676.2999877929688,678.0,676.2999877929688,678.0,678.0,2
2015-06-29,665.4500122070312,665.4500122070312,665.4500122070312,665.4500122070312,665.4500122070312,46
2015-06-30,671.6500244140625,671.6500244140625,671.6500244140625,671.6500244140625,671.6500244140625,0
2015-07-01,700.2000122070312,700.2000122070312,700.2000122070312,700.2000122070312,700.2000122070312,0
2015-07-02,693.1500244140625,693.1500244140625,693.1500244140625,693.1500244140625,693.1500244140625,0
2015-07-06,675.1500244140625,675.1500244140625,675.1500244140625,675.1500244140625,675.1500244140625,0
2015-07-07,651.4000244140625,651.4000244140625,651.4000244140625,651.4000244140625,651.4000244140625,0
2015-07-08,648.0,652.5,648.0,652.5,652.5,2
2015-07-09,657.9000244140625,657.9500122070312,637.0,637.0,637.0,2
2015-07-10,649.3499755859375,649.3499755859375,649.3499755859375,649.3499755859375,649.3499755859375,0
2015-07-13,657.9500122070312,657.9500122070312,657.9500122070312,657.9500122070312,657.9500122070312,0
2015-07-14,656.0999755859375,656.0999755859375,656.0999755859375,656.0999755859375,656.0999755859375,0
2015-07-15,641.9000244140625,641.9000244140625,641.9000244140625,641.9000244140625,641.9000244140625,0
2015-07-16,630.9500122070312,630.9500122070312,629.0,630.9500122070312,630.9500122070312,1
2015-07-17,618.0,618.0,618.0,618.0,618.0,0
2015-07-20,611.0499877929688,611.0499877929688,604.0,611.0499877929688,611.0499877929688,1
2015-07-21,628.4500122070312,628.4500122070312,628.4500122070312,628.4500122070312,628.4500122070312,0
2015-07-22,625.75,625.75,625.75,625.75,625.75,0
2015-07-23,616.8499755859375,616.8499755859375,616.8499755859375,616.8499755859375,616.8499755859375,0
2015-07-24,621.5999755859375,621.5999755859375,621.5999755859375,621.5999755859375,621.5999755859375,0
2015-07-27,612.0999755859375,612.0999755859375,612.0999755859375,612.0999755859375,612.0999755859375,0
2015-07-28,620.5999755859375,620.5999755859375,620.5999755859375,620.5999755859375,620.5999755859375,0
2015-07-29,614.5999755859375,614.5999755859375,614.5999755859375,614.5999755859375,614.5999755859375,0
2015-07-30,620.0499877929688,620.0499877929688,620.0499877929688,620.0499877929688,620.0499877929688,0
2015-07-31,610.3499755859375,610.3499755859375,610.3499755859375,610.3499755859375,610.3499755859375,0
2015-08-03,616.5499877929688,617.9500122070312,596.0,602.7000122070312,602.7000122070312,3
2015-08-04,598.0999755859375,598.0999755859375,598.0999755859375,598.0999755859375,598.0999755859375,0
2015-08-05,592.5,592.5,592.5,592.5,592.5,0
2015-08-06,599.2999877929688,599.2999877929688,599.2999877929688,599.2999877929688,599.2999877929688,0
2015-08-07,596.4000244140625,596.4000244140625,596.4000244140625,596.4000244140625,596.4000244140625,0
2015-08-10,605.7000122070312,606.75,605.7000122070312,605.7000122070312,605.7000122070312,1
2015-08-11,598.75,598.75,598.75,598.75,598.75,0
2015-08-12,622.5999755859375,622.5999755859375,622.5999755859375,622.5999755859375,622.5999755859375,0
2015-08-13,615.2000122070312,615.2000122070312,615.2000122070312,615.2000122070312,615.2000122070312,0
2015-08-14,617.0,617.0,617.0,617.0,617.0,0
2015-08-17,613.2999877929688,613.2999877929688,613.2999877929688,613.2999877929688,613.2999877929688,0
2015-08-18,592.0,596.5,592.0,596.5,596.5,0
2015-08-19,609.3499755859375,609.3499755859375,609.3499755859375,609.3499755859375,609.3499755859375,0
2015-08-20,615.4000244140625,622.9500122070312,615.4000244140625,622.9500122070312,622.9500122070312,22
2015-08-21,604.1500244140625,604.1500244140625,604.1500244140625,604.1500244140625,604.1500244140625,0
2015-08-24,574.75,574.75,574.75,574.75,574.75,0
2015-08-25,539.7999877929688,539.7999877929688,539.7999877929688,539.7999877929688,539.7999877929688,0
2015-08-26,529.3499755859375,529.3499755859375,528.0,529.3499755859375,529.3499755859375,2
2015-08-27,568.2999877929688,568.2999877929688,568.2999877929688,568.2999877929688,568.2999877929688,4639
2015-08-28,564.7999877929688,590.0,561.0,589.5499877929688,589.5499877929688,2528
2015-08-31,586.25,601.7999877929688,581.2999877929688,601.5499877929688,601.5499877929688,262
2015-09-01,595.0,595.0,571.3499755859375,578.5,578.5,26
2015-09-02,569.0499877929688,583.2999877929688,569.0499877929688,582.7999877929688,582.7999877929688,4
2015-09-03,584.2999877929688,589.5,574.0,580.5999755859375,580.5999755859375,12
2015-09-04,571.0,578.5499877929688,571.0,576.7999877929688,576.7999877929688,10
2015-09-08,573.0499877929688,594.6500244140625,573.0499877929688,585.7000122070312,585.7000122070312,30
2015-09-09,588.5999755859375,591.5499877929688,576.4000244140625,577.4000244140625,577.4000244140625,15
2015-09-10,579.5,591.7000122070312,579.5,591.7000122070312,591.7000122070312,6
2015-09-11,591.5499877929688,592.7999877929688,579.25,590.5,590.5,4
2015-09-14,587.3499755859375,587.3499755859375,587.3499755859375,587.3499755859375,587.3499755859375,5
2015-09-15,597.0,599.1500244140625,597.0,599.1500244140625,599.1500244140625,3
2015-09-16,607.5,611.0499877929688,607.5,611.0499877929688,611.0499877929688,5
2015-09-17,602.0,602.0,598.5,598.5,598.5,3
2015-09-18,610.3499755859375,610.3499755859375,610.3499755859375,610.3499755859375,610.3499755859375,2
2015-09-21,603.0,616.1500244140625,603.0,615.75,615.75,7
2015-09-22,594.0,610.8499755859375,594.0,610.8499755859375,610.8499755859375,3
2015-09-23,633.2999877929688,645.0,633.2999877929688,645.0,645.0,3
2015-09-24,655.9000244140625,655.9000244140625,655.9000244140625,655.9000244140625,655.9000244140625,0
2015-09-25,671.6500244140625,671.6500244140625,663.9000244140625,667.5499877929688,667.5499877929688,8
2015-09-28,651.25,651.25,651.25,651.25,651.25,3
2015-09-29,657.4000244140625,657.4000244140625,657.4000244140625,657.4000244140625,657.4000244140625,0
2015-09-30,651.0,651.0,651.0,651.0,651.0,1
2015-10-01,679.4000244140625,679.4000244140625,679.4000244140625,679.4000244140625,679.4000244140625,0
2015-10-02,697.5999755859375,697.5999755859375,697.5999755859375,697.5999755859375,697.5999755859375,0
2015-10-05,703.4500122070312,703.4500122070312,687.8499755859375,687.8499755859375,687.8499755859375,1
2015-10-06,706.3499755859375,706.3499755859375,706.3499755859375,706.3499755859375,706.3499755859375,0
2015-10-07,698.1500244140625,698.1500244140625,698.1500244140625,698.1500244140625,698.1500244140625,0
2015-10-08,701.7999877929688,701.7999877929688,701.7999877929688,701.7999877929688,701.7999877929688,0
2015-10-09,706.7999877929688,706.7999877929688,706.7999877929688,706.7999877929688,706.7999877929688,0
2015-10-12,693.2999877929688,693.2999877929688,693.2999877929688,693.2999877929688,693.2999877929688,0
2015-10-13,684.0499877929688,684.0499877929688,684.0499877929688,684.0499877929688,684.0499877929688,0
2015-10-14,699.5999755859375,699.5999755859375,699.5999755859375,699.5999755859375,699.5999755859375,0
2015-10-15,700.8499755859375,704.25,700.8499755859375,704.25,704.25,1
2015-10-16,698.9000244140625,698.9000244140625,698.9000244140625,698.9000244140625,698.9000244140625,0
2015-10-19,687.5999755859375,687.5999755859375,687.5999755859375,687.5999755859375,687.5999755859375,0
2015-10-20,694.3499755859375,694.3499755859375,694.3499755859375,694.3499755859375,694.3499755859375,0
2015-10-21,676.6500244140625,676.6500244140625,676.6500244140625,676.6500244140625,676.6500244140625,1
2015-10-22,685.0999755859375,685.0999755859375,685.0999755859375,685.0999755859375,685.0999755859375,0
2015-10-23,693.3499755859375,693.3499755859375,693.3499755859375,693.3499755859375,693.3499755859375,0
2015-10-26,683.4000244140625,683.4000244140625,683.4000244140625,683.4000244140625,683.4000244140625,0
2015-10-27,678.25,678.25,678.25,678.25,678.25,0
2015-10-28,685.5999755859375,685.5999755859375,685.5999755859375,685.5999755859375,685.5999755859375,0
2015-10-29,671.7000122070312,671.7000122070312,670.5999755859375,670.5999755859375,670.5999755859375,3
2015-10-30,677.0499877929688,677.0499877929688,677.0499877929688,677.0499877929688,677.0499877929688,0
2015-11-02,650.1500244140625,650.1500244140625,650.1500244140625,650.1500244140625,650.1500244140625,0
2015-11-03,643.7999877929688,643.7999877929688,643.7999877929688,643.7999877929688,643.7999877929688,0
2015-11-04,623.2000122070312,623.2000122070312,623.2000122070312,623.2000122070312,623.2000122070312,0
2015-11-05,606.0999755859375,606.0999755859375,606.0999755859375,606.0999755859375,606.0999755859375,0
2015-11-06,612.75,612.75,612.75,612.75,612.75,0
2015-11-09,596.75,596.75,596.75,596.75,596.75,0
2015-11-10,597.5999755859375,597.5999755859375,597.5999755859375,597.5999755859375,597.5999755859375,0
2015-11-11,576.7999877929688,576.7999877929688,576.7999877929688,576.7999877929688,576.7999877929688,0
2015-11-12,558.5,558.5,558.5,558.5,558.5,0
2015-11-13,539.0499877929688,539.0499877929688,539.0499877929688,539.0499877929688,539.0499877929688,0
2015-11-16,551.3499755859375,551.3499755859375,551.3499755859375,551.3499755859375,551.3499755859375,0
2015-11-17,546.2999877929688,546.2999877929688,546.2999877929688,546.2999877929688,546.2999877929688,0
2015-11-18,531.8499755859375,531.8499755859375,531.8499755859375,531.8499755859375,531.8499755859375,0
2015-11-19,540.7999877929688,540.7999877929688,540.7999877929688,540.7999877929688,540.7999877929688,0
2015-11-20,558.7000122070312,558.7000122070312,558.7000122070312,558.7000122070312,558.7000122070312,0
2015-11-23,541.1500244140625,541.1500244140625,541.1500244140625,541.1500244140625,541.1500244140625,0
2015-11-24,541.2999877929688,541.2999877929688,541.2999877929688,541.2999877929688,541.2999877929688,0
2015-11-25,551.0999755859375,551.0999755859375,551.0999755859375,551.0999755859375,551.0999755859375,5710
2015-11-27,555.2999877929688,569.1500244140625,547.0,549.5999755859375,549.5999755859375,2452
2015-11-30,548.0,550.0,539.8499755859375,541.9500122070312,541.9500122070312,152
2015-12-01,543.0,552.2000122070312,538.6500244140625,538.6500244140625,538.6500244140625,68
2015-12-02,542.4000244140625,543.4500122070312,525.25,525.7000122070312,525.7000122070312,70
2015-12-03,527.4000244140625,537.4000244140625,527.4000244140625,535.8499755859375,535.8499755859375,27
2015-12-04,544.75,572.7000122070312,543.7999877929688,566.2000122070312,566.2000122070312,27
2015-12-07,553.9000244140625,557.0,553.8499755859375,554.4500122070312,554.4500122070312,6
2015-12-08,550.0,559.4500122070312,547.25,547.25,547.25,34
2015-12-09,550.2999877929688,552.2000122070312,550.25,552.2000122070312,552.2000122070312,5
2015-12-10,545.25,545.25,541.4000244140625,541.4000244140625,541.4000244140625,1
2015-12-11,543.9500122070312,543.9500122070312,543.9500122070312,543.9500122070312,543.9500122070312,0
2015-12-14,547.5,548.9500122070312,543.1500244140625,547.75,547.75,7
2015-12-15,557.9000244140625,565.9500122070312,557.9000244140625,565.9500122070312,565.9500122070312,13
2015-12-16,570.9500122070312,570.9500122070312,570.9500122070312,570.9500122070312,570.9500122070312,0
2015-12-17,558.0,558.5499877929688,556.7999877929688,556.7999877929688,556.7999877929688,5
2015-12-18,558.2999877929688,558.2999877929688,558.2999877929688,558.2999877929688,558.2999877929688,0
2015-12-21,552.75,552.75,552.75,552.75,552.75,0
2015-12-22,554.9000244140625,554.9000244140625,554.9000244140625,554.9000244140625,554.9000244140625,3
2015-12-23,553.4500122070312,553.4500122070312,553.4500122070312,553.4500122070312,553.4500122070312,0
2015-12-24,559.5,559.5,559.5,559.5,559.5,3
2015-12-28,552.0,552.0,552.0,552.0,552.0,0
2015-12-29,555.4500122070312,555.4500122070312,555.4500122070312,555.4500122070312,555.4500122070312,29
2015-12-30,555.9000244140625,555.9000244140625,547.75,547.75,547.75,1
2015-12-31,560.7999877929688,560.7999877929688,560.7999877929688,560.7999877929688,560.7999877929688,0
2016-01-04,542.9500122070312,542.9500122070312,542.9500122070312,542.9500122070312,542.9500122070312,0
2016-01-05,535.0999755859375,535.0999755859375,535.0999755859375,535.0999755859375,535.0999755859375,0
2016-01-06,505.04998779296875,505.04998779296875,505.04998779296875,505.04998779296875,505.04998779296875,0
2016-01-07,485.1000061035156,495.5,483.75,493.0,493.0,4
2016-01-08,493.6000061035156,493.6000061035156,493.6000061035156,493.6000061035156,493.6000061035156,0
2016-01-11,474.29998779296875,474.29998779296875,474.29998779296875,474.29998779296875,474.29998779296875,0
2016-01-12,469.8999938964844,469.8999938964844,469.8999938964844,469.8999938964844,469.8999938964844,0
2016-01-13,492.70001220703125,492.70001220703125,486.54998779296875,486.54998779296875,486.54998779296875,1
2016-01-14,491.1499938964844,491.1499938964844,491.1499938964844,491.1499938964844,491.1499938964844,0
2016-01-15,492.8500061035156,492.8500061035156,486.95001220703125,486.95001220703125,486.95001220703125,1
2016-01-19,501.3500061035156,501.3500061035156,496.79998779296875,496.79998779296875,496.79998779296875,1
2016-01-20,486.5,487.75,486.5,487.75,487.75,1
2016-01-21,497.75,497.75,497.75,497.75,497.75,1
2016-01-22,498.3999938964844,498.3999938964844,498.3999938964844,498.3999938964844,498.3999938964844,0
2016-01-25,489.70001220703125,489.70001220703125,489.70001220703125,489.70001220703125,489.70001220703125,4
2016-01-26,497.20001220703125,497.8500061035156,491.75,491.75,491.75,4
2016-01-27,500.54998779296875,500.54998779296875,500.54998779296875,500.54998779296875,500.54998779296875,22
2016-01-28,491.0,491.0,491.0,491.0,491.0,1
2016-01-29,502.0,502.0,497.5,497.5,497.5,1
2016-02-01,501.6000061035156,501.6000061035156,501.6000061035156,501.6000061035156,501.6000061035156,2
2016-02-02,490.6000061035156,494.29998779296875,490.6000061035156,490.6000061035156,490.6000061035156,5
2016-02-03,492.0,516.8499755859375,492.0,516.8499755859375,516.8499755859375,1
2016-02-04,516.8499755859375,516.8499755859375,516.8499755859375,516.8499755859375,516.8499755859375,0
2016-02-05,499.6499938964844,499.6499938964844,499.6499938964844,499.6499938964844,499.6499938964844,0
2016-02-08,519.0499877929688,519.0499877929688,519.0499877929688,519.0499877929688,519.0499877929688,0
2016-02-09,517.7999877929688,517.7999877929688,517.7999877929688,517.7999877929688,517.7999877929688,0
2016-02-10,525.0,525.0,525.0,525.0,525.0,0
2016-02-11,524.7000122070312,524.7000122070312,524.7000122070312,524.7000122070312,524.7000122070312,0
2016-02-12,527.25,527.25,527.25,527.25,527.25,0
2016-02-16,509.79998779296875,509.79998779296875,509.79998779296875,509.79998779296875,509.79998779296875,0
2016-02-17,516.0999755859375,516.0999755859375,516.0999755859375,516.0999755859375,516.0999755859375,0
2016-02-18,505.04998779296875,505.04998779296875,505.04998779296875,505.04998779296875,505.04998779296875,0
2016-02-19,499.25,499.25,499.25,499.25,499.25,0
2016-02-22,498.8500061035156,498.8500061035156,498.8500061035156,498.8500061035156,498.8500061035156,0
2016-02-23,500.25,500.25,500.25,500.25,500.25,0
2016-02-24,487.5,487.5,487.5,487.5,487.5,1
2016-02-25,483.6000061035156,483.6000061035156,483.6000061035156,483.6000061035156,483.6000061035156,4410
2016-02-26,486.6499938964844,493.8999938964844,480.6499938964844,482.1000061035156,482.1000061035156,1905
2016-02-29,486.6000061035156,498.1000061035156,486.6000061035156,495.6000061035156,495.6000061035156,245
2016-03-01,501.0,517.5999755859375,500.79998779296875,517.5999755859375,517.5999755859375,130
2016-03-02,515.6500244140625,520.5,511.79998779296875,515.5,515.5,49
2016-03-03,519.6500244140625,542.4500122070312,519.6500244140625,542.4500122070312,542.4500122070312,18
2016-03-04,551.1500244140625,563.0999755859375,551.1500244140625,563.0999755859375,563.0999755859375,17
2016-03-07,553.9500122070312,579.0499877929688,553.9500122070312,577.9000244140625,577.9000244140625,6
2016-03-08,577.1500244140625,578.3499755859375,561.75,567.2000122070312,567.2000122070312,17
2016-03-09,562.75,566.5,562.75,566.5,566.5,1
2016-03-10,573.2000122070312,574.3499755859375,568.0999755859375,574.3499755859375,574.3499755859375,7
2016-03-11,579.75,580.4500122070312,579.75,580.4500122070312,580.4500122070312,1
2016-03-14,573.25,573.25,573.25,573.25,573.25,37
2016-03-15,565.3499755859375,570.4000244140625,565.3499755859375,570.4000244140625,570.4000244140625,37
2016-03-16,577.2000122070312,577.2000122070312,577.2000122070312,577.2000122070312,577.2000122070312,11
2016-03-17,590.9500122070312,597.3499755859375,590.9500122070312,597.3499755859375,597.3499755859375,11
2016-03-18,589.5999755859375,589.5999755859375,589.5999755859375,589.5999755859375,589.5999755859375,0
2016-03-21,602.5,602.5,602.5,602.5,602.5,1
2016-03-22,605.3499755859375,607.0499877929688,605.3499755859375,605.3499755859375,605.3499755859375,1
2016-03-23,582.75,582.75,582.75,582.75,582.75,1
2016-03-24,573.7999877929688,573.7999877929688,572.9500122070312,572.9500122070312,572.9500122070312,2
2016-03-28,568.0999755859375,568.0999755859375,567.25,567.25,567.25,1
2016-03-29,569.4500122070312,572.75,569.2999877929688,572.75,572.75,22
2016-03-30,565.4000244140625,565.4000244140625,565.4000244140625,565.4000244140625,565.4000244140625,0
2016-03-31,563.0499877929688,563.0499877929688,563.0499877929688,563.0499877929688,563.0499877929688,1
2016-04-01,558.0,562.5,558.0,561.7999877929688,561.7999877929688,8
2016-04-04,553.0,555.0999755859375,553.0,555.0999755859375,555.0999755859375,3
2016-04-05,555.5499877929688,555.5499877929688,546.3499755859375,546.3499755859375,546.3499755859375,5
2016-04-06,558.0,558.0,539.7000122070312,539.7000122070312,539.7000122070312,6
2016-04-07,535.2999877929688,535.2999877929688,535.2999877929688,535.2999877929688,535.2999877929688,2
2016-04-08,540.1500244140625,540.1500244140625,540.1500244140625,540.1500244140625,540.1500244140625,2
2016-04-11,546.9000244140625,546.9000244140625,546.9000244140625,546.9000244140625,546.9000244140625,1
2016-04-12,545.5499877929688,545.5499877929688,545.5499877929688,545.5499877929688,545.5499877929688,0
2016-04-13,543.7000122070312,543.7000122070312,543.7000122070312,543.7000122070312,543.7000122070312,0
2016-04-14,561.9500122070312,561.9500122070312,561.9500122070312,561.9500122070312,561.9500122070312,0
2016-04-15,569.2999877929688,569.2999877929688,569.2999877929688,569.2999877929688,569.2999877929688,0
2016-04-18,569.0499877929688,569.0499877929688,569.0499877929688,569.0499877929688,569.0499877929688,0
2016-04-19,583.2000122070312,583.2000122070312,583.2000122070312,583.2000122070312,583.2000122070312,0
2016-04-20,598.0,598.0,598.0,598.0,598.0,0
2016-04-21,611.0,611.0,611.0,611.0,611.0,0
2016-04-22,607.1500244140625,607.1500244140625,607.1500244140625,607.1500244140625,607.1500244140625,0
2016-04-25,606.4500122070312,606.4500122070312,606.4500122070312,606.4500122070312,606.4500122070312,0
2016-04-26,605.25,605.25,605.25,605.25,605.25,0
2016-04-27,610.4000244140625,610.4000244140625,610.4000244140625,610.4000244140625,610.4000244140625,0
2016-04-28,609.6500244140625,624.5999755859375,609.6500244140625,624.5999755859375,624.5999755859375,1
2016-04-29,627.9000244140625,627.9000244140625,627.9000244140625,627.9000244140625,627.9000244140625,0
2016-05-02,625.0,625.0,625.0,625.0,625.0,0
2016-05-03,609.0999755859375,609.0999755859375,609.0999755859375,609.0999755859375,609.0999755859375,0
2016-05-04,596.7000122070312,596.7000122070312,596.7000122070312,596.7000122070312,596.7000122070312,0
2016-05-05,600.9500122070312,600.9500122070312,600.9500122070312,600.9500122070312,600.9500122070312,0
2016-05-06,607.4500122070312,607.4500122070312,607.4500122070312,607.4500122070312,607.4500122070312,0
2016-05-09,584.3499755859375,584.3499755859375,584.3499755859375,584.3499755859375,584.3499755859375,0
2016-05-10,592.4500122070312,592.4500122070312,592.4500122070312,592.4500122070312,592.4500122070312,0
2016-05-11,608.2999877929688,608.2999877929688,608.2999877929688,608.2999877929688,608.2999877929688,0
2016-05-12,596.9000244140625,596.9000244140625,596.9000244140625,596.9000244140625,596.9000244140625,1
2016-05-13,592.5999755859375,592.5999755859375,591.7000122070312,592.2000122070312,592.2000122070312,2
2016-05-16,590.7999877929688,590.7999877929688,590.7999877929688,590.7999877929688,590.7999877929688,0
2016-05-17,584.4000244140625,584.4000244140625,584.4000244140625,584.4000244140625,584.4000244140625,0
2016-05-18,579.4000244140625,579.4000244140625,579.4000244140625,579.4000244140625,579.4000244140625,0
2016-05-19,548.25,558.25,548.25,558.25,558.25,0
2016-05-20,558.7000122070312,558.7000122070312,558.7000122070312,558.7000122070312,558.7000122070312,0
2016-05-23,550.0499877929688,550.0499877929688,550.0499877929688,550.0499877929688,550.0499877929688,0
2016-05-24,537.75,537.75,537.75,537.75,537.75,0
2016-05-25,530.2000122070312,530.2000122070312,530.2000122070312,530.2000122070312,530.2000122070312,0
2016-05-26,543.2000122070312,543.2000122070312,543.2000122070312,543.2000122070312,543.2000122070312,1472
2016-05-31,538.4500122070312,549.9500122070312,534.7999877929688,547.75,547.75,297
2016-06-01,547.7999877929688,547.7999877929688,547.2999877929688,547.2999877929688,547.2999877929688,4
2016-06-02,542.0,542.0,535.5999755859375,535.5999755859375,535.5999755859375,36
2016-06-03,540.5,559.9500122070312,540.0,549.25,549.25,23
2016-06-06,557.7000122070312,558.75,556.2999877929688,557.0499877929688,557.0499877929688,6
2016-06-07,553.5,553.6500244140625,552.9500122070312,552.9500122070312,552.9500122070312,3
2016-06-08,568.5499877929688,568.75,562.0,562.0,562.0,7
2016-06-09,556.5999755859375,561.4500122070312,555.6500244140625,561.4500122070312,561.4500122070312,3
2016-06-10,553.5999755859375,553.5999755859375,543.0499877929688,547.1500244140625,547.1500244140625,16
2016-06-13,546.7999877929688,546.7999877929688,545.75,546.6500244140625,546.6500244140625,4
2016-06-14,540.25,541.9500122070312,535.9500122070312,536.5499877929688,536.5499877929688,9
2016-06-15,544.7999877929688,544.7999877929688,531.3499755859375,533.2999877929688,533.2999877929688,5
2016-06-16,535.0499877929688,539.7999877929688,530.7999877929688,535.8499755859375,535.8499755859375,22
2016-06-17,530.5499877929688,534.5999755859375,530.5499877929688,532.6500244140625,532.6500244140625,32
2016-06-20,545.25,550.5499877929688,545.2000122070312,550.5499877929688,550.5499877929688,6
2016-06-21,543.8499755859375,554.0499877929688,543.8499755859375,554.0499877929688,554.0499877929688,5
2016-06-22,564.9500122070312,564.9500122070312,564.9500122070312,564.9500122070312,564.9500122070312,0
2016-06-23,568.25,568.25,568.25,568.25,568.25,4
2016-06-24,552.4000244140625,553.0,548.7999877929688,548.7999877929688,548.7999877929688,4
2016-06-27,553.5999755859375,559.75,553.5999755859375,559.75,559.75,5
2016-06-28,572.25,572.25,572.25,572.25,572.25,2
2016-06-29,584.0499877929688,591.5499877929688,584.0499877929688,591.5499877929688,591.5499877929688,1
2016-06-30,592.6500244140625,598.1500244140625,592.6500244140625,598.1500244140625,598.1500244140625,8
2016-07-01,606.1500244140625,606.1500244140625,606.1500244140625,606.1500244140625,606.1500244140625,0
2016-07-05,592.7000122070312,603.1500244140625,592.7000122070312,603.1500244140625,603.1500244140625,8
2016-07-06,599.5,608.0499877929688,599.5,608.0499877929688,608.0499877929688,2
2016-07-07,612.8499755859375,612.8499755859375,612.8499755859375,612.8499755859375,612.8499755859375,0
2016-07-08,617.5999755859375,617.5999755859375,617.5999755859375,617.5999755859375,617.5999755859375,0
2016-07-11,625.7999877929688,625.7999877929688,625.7999877929688,625.7999877929688,625.7999877929688,0
2016-07-12,629.0,629.0,629.0,629.0,629.0,0
2016-07-13,644.2999877929688,644.2999877929688,644.2999877929688,644.2999877929688,644.2999877929688,0
2016-07-14,651.5999755859375,651.5999755859375,651.5999755859375,651.5999755859375,651.5999755859375,0
2016-07-15,647.9000244140625,647.9000244140625,647.9000244140625,647.9000244140625,647.9000244140625,0
2016-07-18,646.5499877929688,646.5499877929688,646.5499877929688,646.5499877929688,646.5499877929688,0
2016-07-19,656.9000244140625,656.9000244140625,656.9000244140625,656.9000244140625,656.9000244140625,1
2016-07-20,674.4000244140625,674.4000244140625,674.4000244140625,674.4000244140625,674.4000244140625,1
2016-07-21,683.8499755859375,683.8499755859375,683.8499755859375,683.8499755859375,683.8499755859375,0
2016-07-22,684.4500122070312,684.4500122070312,684.4500122070312,684.4500122070312,684.4500122070312,0
2016-07-25,687.1500244140625,687.1500244140625,687.1500244140625,687.1500244140625,687.1500244140625,0
2016-07-26,691.2000122070312,691.2000122070312,691.2000122070312,691.2000122070312,691.2000122070312,0
2016-07-27,702.2999877929688,702.2999877929688,702.2999877929688,702.2999877929688,702.2999877929688,0
2016-07-28,697.3499755859375,697.3499755859375,697.3499755859375,697.3499755859375,697.3499755859375,1
2016-07-29,708.4500122070312,708.4500122070312,708.4500122070312,708.4500122070312,708.4500122070312,0
2016-08-01,714.9500122070312,714.9500122070312,714.9500122070312,714.9500122070312,714.9500122070312,0
2016-08-02,716.4000244140625,716.4000244140625,716.4000244140625,716.4000244140625,716.4000244140625,0
2016-08-03,712.5499877929688,712.5499877929688,712.5499877929688,712.5499877929688,712.5499877929688,0
2016-08-04,704.75,704.75,704.75,704.75,704.75,0
2016-08-05,695.0499877929688,695.0499877929688,695.0499877929688,695.0499877929688,695.0499877929688,0
2016-08-08,692.0499877929688,692.0499877929688,692.0499877929688,692.0499877929688,692.0499877929688,0
2016-08-09,693.0999755859375,693.0999755859375,693.0999755859375,693.0999755859375,693.0999755859375,0
2016-08-10,725.1500244140625,725.1500244140625,725.1500244140625,725.1500244140625,725.1500244140625,0
2016-08-11,690.5499877929688,690.5499877929688,690.5499877929688,690.5499877929688,690.5499877929688,0
2016-08-12,689.5499877929688,689.5499877929688,689.5499877929688,689.5499877929688,689.5499877929688,0
2016-08-15,691.0999755859375,691.0999755859375,691.0999755859375,691.0999755859375,691.0999755859375,0
2016-08-16,704.0499877929688,704.0499877929688,704.0499877929688,704.0499877929688,704.0499877929688,0
2016-08-17,690.7000122070312,690.7000122070312,690.7000122070312,690.7000122070312,690.7000122070312,0
2016-08-18,712.4000244140625,712.4000244140625,712.4000244140625,712.4000244140625,712.4000244140625,0
2016-08-19,708.4500122070312,708.4500122070312,708.4500122070312,708.4500122070312,708.4500122070312,0
2016-08-22,691.25,691.25,691.25,691.25,691.25,0
2016-08-23,698.9500122070312,698.9500122070312,698.9500122070312,698.9500122070312,698.9500122070312,0
2016-08-24,682.4000244140625,682.4000244140625,682.4000244140625,682.4000244140625,682.4000244140625,0
2016-08-25,684.9000244140625,684.9000244140625,684.9000244140625,684.9000244140625,684.9000244140625,0
2016-08-26,692.0499877929688,692.0499877929688,692.0499877929688,692.0499877929688,692.0499877929688,0
2016-08-29,697.2999877929688,697.2999877929688,697.2999877929688,697.2999877929688,697.2999877929688,2073
2016-08-30,697.5,699.75,674.6500244140625,677.9500122070312,677.9500122070312,1442
2016-08-31,683.4000244140625,687.7000122070312,668.2999877929688,668.7000122070312,668.7000122070312,125
2016-09-01,674.0,674.0,661.25,661.25,661.25,12
2016-09-02,669.2999877929688,674.2000122070312,669.2999877929688,674.2000122070312,674.2000122070312,16
2016-09-06,679.5499877929688,701.2000122070312,679.5499877929688,701.2000122070312,701.2000122070312,49
2016-09-07,701.0,708.9500122070312,688.0999755859375,688.0999755859375,688.0999755859375,18
2016-09-08,695.5499877929688,695.5499877929688,684.9000244140625,687.7999877929688,687.7999877929688,5
2016-09-09,678.5,679.4500122070312,678.5,679.4500122070312,679.4500122070312,5
2016-09-12,678.75,678.75,656.7000122070312,656.7000122070312,656.7000122070312,7
2016-09-13,665.5499877929688,669.7000122070312,656.0999755859375,656.0999755859375,656.0999755859375,4
2016-09-14,656.5,656.5,656.5,656.5,656.5,0
2016-09-15,656.5999755859375,656.5999755859375,656.5999755859375,656.5999755859375,656.5999755859375,0
2016-09-16,672.8499755859375,672.8499755859375,672.8499755859375,672.8499755859375,672.8499755859375,1
2016-09-19,686.7000122070312,686.7000122070312,686.7000122070312,686.7000122070312,686.7000122070312,0
2016-09-20,683.9500122070312,683.9500122070312,683.9500122070312,683.9500122070312,683.9500122070312,0
2016-09-21,684.25,684.25,684.25,684.25,684.25,11
2016-09-22,695.6500244140625,701.0,691.4500122070312,701.0,701.0,11
2016-09-23,703.2999877929688,706.4000244140625,702.9500122070312,706.4000244140625,706.4000244140625,6
2016-09-26,696.0499877929688,696.0499877929688,696.0499877929688,696.0499877929688,696.0499877929688,3
2016-09-27,701.4000244140625,701.4000244140625,700.1500244140625,700.1500244140625,700.1500244140625,3
2016-09-28,710.0,713.5,710.0,713.5,713.5,2
2016-09-29,718.5,718.5,718.5,718.5,718.5,0
2016-09-30,720.5,720.5,720.5,720.5,720.5,0
2016-10-03,710.75,710.75,710.75,710.75,710.75,1
2016-10-04,704.0,704.0,698.5,698.5,698.5,1
2016-10-05,674.5499877929688,674.5499877929688,674.5499877929688,674.5499877929688,674.5499877929688,0
2016-10-06,665.0999755859375,665.0999755859375,665.0999755859375,665.0999755859375,665.0999755859375,0
2016-10-07,666.3499755859375,666.3499755859375,666.3499755859375,666.3499755859375,666.3499755859375,0
2016-10-11,647.0999755859375,647.0999755859375,647.0999755859375,647.0999755859375,647.0999755859375,0
2016-10-12,648.0499877929688,648.0499877929688,648.0499877929688,648.0499877929688,648.0499877929688,0
2016-10-13,635.7999877929688,635.7999877929688,635.7999877929688,635.7999877929688,635.7999877929688,0
2016-10-14,647.25,647.25,647.25,647.25,647.25,0
2016-10-17,636.75,636.75,636.75,636.75,636.75,0
2016-10-18,638.3499755859375,638.3499755859375,638.3499755859375,638.3499755859375,638.3499755859375,0
2016-10-19,634.4500122070312,634.4500122070312,634.4500122070312,634.4500122070312,634.4500122070312,0
2016-10-20,631.7999877929688,631.7999877929688,631.7999877929688,631.7999877929688,631.7999877929688,0
2016-10-21,619.7000122070312,619.7000122070312,619.7000122070312,619.7000122070312,619.7000122070312,0
2016-10-24,629.7000122070312,629.7000122070312,629.7000122070312,629.7000122070312,629.7000122070312,0
2016-10-25,633.7999877929688,633.7999877929688,633.7999877929688,633.7999877929688,633.7999877929688,0
2016-10-26,619.9000244140625,619.9000244140625,619.9000244140625,619.9000244140625,619.9000244140625,0
2016-10-27,612.1500244140625,612.1500244140625,612.1500244140625,612.1500244140625,612.1500244140625,1
2016-10-28,615.7999877929688,615.7999877929688,615.7999877929688,615.7999877929688,615.7999877929688,0
2016-10-31,617.4500122070312,617.4500122070312,617.4500122070312,617.4500122070312,617.4500122070312,0
2016-11-01,633.5499877929688,633.5499877929688,633.5499877929688,633.5499877929688,633.5499877929688,1
2016-11-02,630.4000244140625,633.9500122070312,628.75,633.9500122070312,633.9500122070312,10
2016-11-03,617.0499877929688,617.0499877929688,617.0499877929688,617.0499877929688,617.0499877929688,0
2016-11-04,624.25,624.25,624.25,624.25,624.25,0
2016-11-07,655.8499755859375,655.8499755859375,655.8499755859375,655.8499755859375,655.8499755859375,2
2016-11-08,664.9500122070312,664.9500122070312,664.9500122070312,664.9500122070312,664.9500122070312,0
2016-11-09,680.9000244140625,680.9000244140625,680.9000244140625,680.9000244140625,680.9000244140625,0
2016-11-10,695.9500122070312,695.9500122070312,695.9500122070312,695.9500122070312,695.9500122070312,0
2016-11-14,697.1500244140625,697.1500244140625,697.1500244140625,697.1500244140625,697.1500244140625,0
2016-11-15,700.0,705.4000244140625,700.0,705.4000244140625,705.4000244140625,1
2016-11-16,718.25,718.25,718.25,718.25,718.25,0
2016-11-17,729.0999755859375,729.0999755859375,729.0999755859375,729.0999755859375,729.0999755859375,0
2016-11-18,727.25,727.25,727.25,727.25,727.25,0
2016-11-21,726.0,726.0,726.0,726.0,726.0,0
2016-11-22,743.7000122070312,743.7000122070312,743.7000122070312,743.7000122070312,743.7000122070312,0
2016-11-23,736.8499755859375,736.8499755859375,736.8499755859375,736.8499755859375,736.8499755859375,0
2016-11-25,740.5,740.5,740.5,740.5,740.5,0
2016-11-28,755.7999877929688,755.7999877929688,755.7999877929688,755.7999877929688,755.7999877929688,4267
2016-11-29,755.5499877929688,766.0,754.0,763.6500244140625,763.6500244140625,934
2016-11-30,763.7000122070312,774.75,763.25,771.6500244140625,771.6500244140625,130
2016-12-01,775.7000122070312,775.7000122070312,747.5,751.0,751.0,75
2016-12-02,755.4000244140625,755.4000244140625,738.9500122070312,744.7999877929688,744.7999877929688,59
2016-12-05,729.0,745.9500122070312,729.0,745.9500122070312,745.9500122070312,23
2016-12-06,746.75,746.9500122070312,733.5999755859375,734.5499877929688,734.5499877929688,19
2016-12-07,735.4500122070312,735.4500122070312,733.0,733.0,733.0,6
2016-12-08,736.5,739.2999877929688,726.5999755859375,739.2999877929688,739.2999877929688,7
2016-12-09,735.1500244140625,735.1500244140625,735.1500244140625,735.1500244140625,735.1500244140625,3
2016-12-12,727.3499755859375,727.3499755859375,727.3499755859375,727.3499755859375,727.3499755859375,3
2016-12-13,729.5999755859375,729.5999755859375,729.5999755859375,729.5999755859375,729.5999755859375,0
2016-12-14,731.5499877929688,731.5499877929688,731.5499877929688,731.5499877929688,731.5499877929688,2
2016-12-15,723.0,725.5499877929688,706.2999877929688,706.2999877929688,706.2999877929688,3
2016-12-16,686.0,697.9000244140625,681.0,697.9000244140625,697.9000244140625,5
2016-12-19,679.3499755859375,679.3499755859375,679.3499755859375,679.3499755859375,679.3499755859375,0
2016-12-20,671.3499755859375,671.3499755859375,671.3499755859375,671.3499755859375,671.3499755859375,0
2016-12-21,660.4000244140625,660.4000244140625,660.4000244140625,660.4000244140625,660.4000244140625,0
2016-12-22,657.0999755859375,657.0999755859375,657.0999755859375,657.0999755859375,657.0999755859375,0
2016-12-23,655.3499755859375,655.3499755859375,655.3499755859375,655.3499755859375,655.3499755859375,1
2016-12-27,660.9000244140625,676.0,659.0999755859375,674.2999877929688,674.2999877929688,5
2016-12-28,667.2999877929688,667.3499755859375,667.2999877929688,667.3499755859375,667.3499755859375,19
2016-12-29,675.0499877929688,675.0499877929688,675.0499877929688,675.0499877929688,675.0499877929688,0
2016-12-30,682.6500244140625,682.6500244140625,682.6500244140625,682.6500244140625,682.6500244140625,0
2017-01-03,709.2999877929688,709.2999877929688,709.2999877929688,709.2999877929688,709.2999877929688,0
2017-01-04,738.2000122070312,738.2000122070312,738.2000122070312,738.2000122070312,738.2000122070312,3
2017-01-05,740.1500244140625,740.1500244140625,737.5999755859375,737.5999755859375,737.5999755859375,3
2017-01-06,757.75,757.75,757.75,757.75,757.75,0
2017-01-09,756.5499877929688,756.5499877929688,756.5499877929688,756.5499877929688,756.5499877929688,0
2017-01-10,764.6500244140625,764.6500244140625,764.6500244140625,764.6500244140625,764.6500244140625,0
2017-01-11,753.2999877929688,753.2999877929688,753.2999877929688,753.2999877929688,753.2999877929688,0
2017-01-12,764.6500244140625,764.6500244140625,764.6500244140625,764.6500244140625,764.6500244140625,0
2017-01-13,748.5499877929688,748.5499877929688,748.5499877929688,748.5499877929688,748.5499877929688,2
2017-01-17,747.4000244140625,754.2999877929688,747.4000244140625,752.4000244140625,752.4000244140625,2
2017-01-18,750.4000244140625,750.4000244140625,750.4000244140625,750.4000244140625,750.4000244140625,0
2017-01-19,750.5499877929688,750.5499877929688,750.5499877929688,750.5499877929688,750.5499877929688,0
2017-01-20,787.7999877929688,787.7999877929688,787.7999877929688,787.7999877929688,787.7999877929688,0
2017-01-23,770.9000244140625,770.9000244140625,770.9000244140625,770.9000244140625,770.9000244140625,0
2017-01-24,795.25,795.25,795.25,795.25,795.25,0
2017-01-25,735.5,735.5,735.5,735.5,735.5,0
2017-01-26,723.8499755859375,723.8499755859375,723.8499755859375,723.8499755859375,723.8499755859375,0
2017-01-27,738.0,738.0,738.0,738.0,738.0,0
2017-01-30,738.5,738.5,738.5,738.5,738.5,0
2017-01-31,754.3499755859375,754.3499755859375,754.3499755859375,754.3499755859375,754.3499755859375,0
2017-02-01,762.9500122070312,762.9500122070312,762.9500122070312,762.9500122070312,762.9500122070312,0
2017-02-02,759.0999755859375,759.0999755859375,759.0999755859375,759.0999755859375,759.0999755859375,0
2017-02-03,749.0499877929688,749.0499877929688,749.0499877929688,749.0499877929688,749.0499877929688,0
2017-02-06,774.3499755859375,774.3499755859375,774.3499755859375,774.3499755859375,774.3499755859375,0
2017-02-07,764.5,764.5,764.5,764.5,764.5,0
2017-02-08,769.7999877929688,769.7999877929688,769.7999877929688,769.7999877929688,769.7999877929688,0
2017-02-09,772.5999755859375,772.5999755859375,772.5999755859375,772.5999755859375,772.5999755859375,0
2017-02-10,783.1500244140625,783.1500244140625,783.1500244140625,783.1500244140625,783.1500244140625,0
2017-02-13,775.0,775.0,775.0,775.0,775.0,0
2017-02-14,780.9500122070312,780.9500122070312,780.9500122070312,780.9500122070312,780.9500122070312,2
2017-02-15,784.5,787.0,784.5,786.25,786.25,2
2017-02-16,793.3499755859375,793.3499755859375,793.3499755859375,793.3499755859375,793.3499755859375,0
2017-02-17,779.25,779.25,779.25,779.25,779.25,0
2017-02-21,778.8499755859375,778.8499755859375,778.8499755859375,778.8499755859375,778.8499755859375,0
2017-02-22,769.0999755859375,769.0999755859375,769.0999755859375,769.0999755859375,769.0999755859375,0
2017-02-23,773.3499755859375,773.3499755859375,773.3499755859375,773.3499755859375,773.3499755859375,0
2017-02-24,771.7000122070312,771.7000122070312,771.7000122070312,771.7000122070312,771.7000122070312,4063
2017-02-27,772.2000122070312,788.0,768.7999877929688,784.0499877929688,784.0499877929688,2285
2017-02-28,783.2000122070312,785.75,768.0,770.7000122070312,770.7000122070312,114
2017-03-01,771.5,778.0499877929688,770.2999877929688,778.0499877929688,778.0499877929688,109
2017-03-02,774.0,776.4000244140625,767.0,769.25,769.25,125
2017-03-03,770.4500122070312,770.4500122070312,759.0,767.8499755859375,767.8499755859375,23
2017-03-06,772.3499755859375,774.0,767.2999877929688,774.0,774.0,34
2017-03-07,773.9000244140625,776.75,773.9000244140625,776.75,776.75,17
2017-03-08,771.4500122070312,774.0,770.0499877929688,772.4000244140625,772.4000244140625,18
2017-03-09,773.75,773.75,748.9000244140625,748.9000244140625,748.9000244140625,26
2017-03-10,753.0,753.0,746.0,746.0,746.0,2
2017-03-13,755.5,755.5,755.2999877929688,755.2999877929688,755.2999877929688,1
2017-03-14,750.3499755859375,750.3499755859375,742.6500244140625,742.6500244140625,742.6500244140625,3
2017-03-15,744.4000244140625,763.2999877929688,744.4000244140625,747.4500122070312,747.4500122070312,5
2017-03-16,775.6500244140625,775.6500244140625,768.6500244140625,768.6500244140625,768.6500244140625,1
2017-03-17,776.8499755859375,777.7999877929688,776.7999877929688,777.7999877929688,777.7999877929688,2
2017-03-20,783.6500244140625,783.6500244140625,783.6500244140625,783.6500244140625,783.6500244140625,0
2017-03-21,789.6500244140625,789.6500244140625,789.6500244140625,789.6500244140625,789.6500244140625,3
2017-03-22,788.2999877929688,791.4500122070312,788.2999877929688,791.4500122070312,791.4500122070312,3
2017-03-23,801.9000244140625,801.9000244140625,801.9000244140625,801.9000244140625,801.9000244140625,0
2017-03-24,815.0999755859375,815.0999755859375,815.0999755859375,815.0999755859375,815.0999755859375,11
2017-03-27,814.4500122070312,814.4500122070312,798.4000244140625,798.4500122070312,798.4500122070312,11
2017-03-28,792.0,796.5,789.5499877929688,794.5999755859375,794.5999755859375,8
2017-03-29,791.8499755859375,792.5,791.8499755859375,792.2000122070312,792.2000122070312,3
2017-03-30,788.0,803.4500122070312,788.0,797.5,797.5,4
2017-03-31,798.1500244140625,798.1500244140625,798.1500244140625,798.1500244140625,798.1500244140625,0
2017-04-03,802.5499877929688,802.5499877929688,802.5499877929688,802.5499877929688,802.5499877929688,0
2017-04-04,806.9500122070312,806.9500122070312,806.9500122070312,806.9500122070312,806.9500122070312,0
2017-04-05,807.75,807.75,807.75,807.75,807.75,3
2017-04-06,803.9500122070312,806.9500122070312,803.9500122070312,803.9500122070312,803.9500122070312,3
2017-04-07,803.5499877929688,803.5499877929688,803.5499877929688,803.5499877929688,803.5499877929688,0
2017-04-10,789.8499755859375,789.8499755859375,789.8499755859375,789.8499755859375,789.8499755859375,0
2017-04-11,802.9500122070312,802.9500122070312,802.9500122070312,802.9500122070312,802.9500122070312,1
2017-04-12,797.0,797.0,796.1500244140625,796.1500244140625,796.1500244140625,1
2017-04-13,795.75,795.75,795.75,795.75,795.75,0
2017-04-17,788.4000244140625,788.4000244140625,788.4000244140625,788.4000244140625,788.4000244140625,0
2017-04-18,770.8499755859375,770.8499755859375,770.8499755859375,770.8499755859375,770.8499755859375,0
2017-04-19,775.4500122070312,775.4500122070312,775.4500122070312,775.4500122070312,775.4500122070312,0
2017-04-20,802.75,802.75,802.75,802.75,802.75,0
2017-04-21,790.5999755859375,790.5999755859375,790.5999755859375,790.5999755859375,790.5999755859375,1
2017-04-24,795.2999877929688,795.2999877929688,795.2999877929688,795.2999877929688,795.2999877929688,0
2017-04-25,796.5,796.5,796.5,796.5,796.5,0
2017-04-26,805.0,805.0,805.0,805.0,805.0,1
2017-04-27,812.8499755859375,812.8499755859375,812.8499755859375,812.8499755859375,812.8499755859375,0
2017-04-28,826.5499877929688,826.5499877929688,826.5499877929688,826.5499877929688,826.5499877929688,0
2017-05-01,814.2999877929688,814.2999877929688,814.2999877929688,814.2999877929688,814.2999877929688,0
2017-05-02,813.4500122070312,813.4500122070312,813.4500122070312,813.4500122070312,813.4500122070312,0
2017-05-03,799.1500244140625,799.1500244140625,799.1500244140625,799.1500244140625,799.1500244140625,0
2017-05-04,800.5,800.5,800.5,800.5,800.5,0
2017-05-05,812.9000244140625,812.9000244140625,812.9000244140625,812.9000244140625,812.9000244140625,0
2017-05-08,805.4000244140625,805.4000244140625,805.4000244140625,805.4000244140625,805.4000244140625,0
2017-05-09,793.4500122070312,793.4500122070312,793.4500122070312,793.4500122070312,793.4500122070312,0
2017-05-10,799.2000122070312,799.2000122070312,799.2000122070312,799.2000122070312,799.2000122070312,0
2017-05-11,798.7999877929688,798.7999877929688,798.7999877929688,798.7999877929688,798.7999877929688,0
2017-05-12,803.3499755859375,803.3499755859375,803.3499755859375,803.3499755859375,803.3499755859375,0
2017-05-15,796.8499755859375,796.8499755859375,796.8499755859375,796.8499755859375,796.8499755859375,0
2017-05-16,791.8499755859375,791.8499755859375,791.8499755859375,791.8499755859375,791.8499755859375,0
2017-05-17,776.8499755859375,776.8499755859375,776.8499755859375,776.8499755859375,776.8499755859375,0
2017-05-18,765.2999877929688,765.2999877929688,765.2999877929688,765.2999877929688,765.2999877929688,0
2017-05-19,760.5499877929688,760.5499877929688,760.5499877929688,760.5499877929688,760.5499877929688,0
2017-05-22,758.9500122070312,758.9500122070312,758.9500122070312,758.9500122070312,758.9500122070312,0
2017-05-23,772.2000122070312,772.2000122070312,772.2000122070312,772.2000122070312,772.2000122070312,0
2017-05-24,761.5,761.5,761.5,761.5,761.5,0
2017-05-25,768.8499755859375,768.8499755859375,768.8499755859375,768.8499755859375,768.8499755859375,0
2017-05-26,786.9500122070312,786.9500122070312,786.9500122070312,786.9500122070312,786.9500122070312,7148
2017-05-30,789.5,808.7000122070312,789.0,806.2000122070312,806.2000122070312,3211
2017-05-31,806.5,822.7999877929688,806.5,819.8499755859375,819.8499755859375,389
2017-06-01,818.5,828.5499877929688,815.3499755859375,827.0,827.0,24
2017-06-02,829.6500244140625,842.5,829.6500244140625,837.9500122070312,837.9500122070312,115
2017-06-05,842.3499755859375,846.3499755859375,838.3499755859375,845.75,845.75,20
2017-06-06,851.9500122070312,855.2999877929688,851.9500122070312,852.2999877929688,852.2999877929688,8
2017-06-07,847.3499755859375,847.3499755859375,831.2999877929688,834.2000122070312,834.2000122070312,47
2017-06-08,833.7000122070312,857.0,833.7000122070312,854.9000244140625,854.9000244140625,127
2017-06-09,852.0,900.3499755859375,852.0,864.5999755859375,864.5999755859375,62
2017-06-12,875.2000122070312,883.5999755859375,872.6500244140625,872.6500244140625,872.6500244140625,5
2017-06-13,882.0,882.0,866.25,866.25,866.25,26
2017-06-14,862.7999877929688,869.5,862.7999877929688,863.2999877929688,863.2999877929688,19
2017-06-15,869.7000122070312,869.7000122070312,867.2999877929688,868.75,868.75,10
2017-06-16,887.8499755859375,893.9500122070312,887.8499755859375,888.6500244140625,888.6500244140625,30
2017-06-19,875.8499755859375,875.8499755859375,875.8499755859375,875.8499755859375,875.8499755859375,10
2017-06-20,875.75,885.9500122070312,865.0,885.1500244140625,885.1500244140625,10
2017-06-21,886.6500244140625,894.4500122070312,886.6500244140625,894.4500122070312,894.4500122070312,1
2017-06-22,899.5499877929688,903.2999877929688,888.0999755859375,898.4000244140625,898.4000244140625,11
2017-06-23,876.0999755859375,876.0999755859375,874.0499877929688,874.5499877929688,874.5499877929688,2
2017-06-26,868.0,880.8499755859375,868.0,880.8499755859375,880.8499755859375,2
2017-06-27,878.9500122070312,878.9500122070312,875.25,875.25,875.25,2
2017-06-28,871.5,871.5,871.5,871.5,871.5,7
2017-06-29,858.4500122070312,860.7999877929688,858.4500122070312,858.4500122070312,858.4500122070312,2
2017-06-30,860.4500122070312,860.5499877929688,849.0,849.0,849.0,2
2017-07-03,854.75,854.75,854.75,854.75,854.75,10
2017-07-05,847.4000244140625,847.7999877929688,846.75,846.75,846.75,10
2017-07-06,837.9000244140625,844.2000122070312,837.9000244140625,844.2000122070312,844.2000122070312,1
2017-07-07,843.25,843.25,843.25,843.25,843.25,0
2017-07-10,849.3499755859375,849.3499755859375,849.3499755859375,849.3499755859375,849.3499755859375,0
2017-07-11,857.9500122070312,857.9500122070312,857.9500122070312,857.9500122070312,857.9500122070312,0
2017-07-12,872.6500244140625,872.6500244140625,872.6500244140625,872.6500244140625,872.6500244140625,0
2017-07-13,865.8499755859375,865.8499755859375,865.8499755859375,865.8499755859375,865.8499755859375,0
2017-07-14,865.75,865.75,865.75,865.75,865.75,0
2017-07-17,870.5499877929688,870.5499877929688,870.5499877929688,870.5499877929688,870.5499877929688,0
2017-07-18,869.4000244140625,869.4000244140625,869.4000244140625,869.4000244140625,869.4000244140625,0
2017-07-19,865.75,865.75,864.1500244140625,864.1500244140625,864.1500244140625,0
2017-07-20,852.5999755859375,852.5999755859375,852.5999755859375,852.5999755859375,852.5999755859375,0
2017-07-21,849.3499755859375,849.3499755859375,849.3499755859375,849.3499755859375,849.3499755859375,2
2017-07-24,854.0499877929688,854.9000244140625,854.0499877929688,854.0499877929688,854.0499877929688,2
2017-07-25,864.0,865.0,861.9500122070312,861.9500122070312,861.9500122070312,4
2017-07-26,867.9000244140625,867.9000244140625,867.9000244140625,867.9000244140625,867.9000244140625,0
2017-07-27,881.9000244140625,881.9000244140625,881.9000244140625,881.9000244140625,881.9000244140625,1
2017-07-28,885.25,885.25,883.0,885.25,885.25,1
2017-07-31,890.5,890.5,885.0,890.5,890.5,3
2017-08-01,898.4000244140625,898.4000244140625,898.4000244140625,898.4000244140625,898.4000244140625,0
2017-08-02,897.2000122070312,897.2000122070312,897.2000122070312,897.2000122070312,897.2000122070312,0
2017-08-03,886.0,886.0,886.0,886.0,886.0,0
2017-08-04,879.7999877929688,879.7999877929688,879.7999877929688,879.7999877929688,879.7999877929688,0
2017-08-07,890.2000122070312,890.2000122070312,890.2000122070312,890.2000122070312,890.2000122070312,0
2017-08-08,903.4000244140625,903.4000244140625,903.4000244140625,903.4000244140625,903.4000244140625,0
2017-08-09,896.8499755859375,896.8499755859375,896.8499755859375,896.8499755859375,896.8499755859375,0
2017-08-10,902.0499877929688,902.0499877929688,902.0499877929688,902.0499877929688,902.0499877929688,0
2017-08-11,899.7000122070312,899.7000122070312,899.7000122070312,899.7000122070312,899.7000122070312,0
2017-08-14,903.1500244140625,903.1500244140625,903.1500244140625,903.1500244140625,903.1500244140625,0
2017-08-15,897.0499877929688,897.0499877929688,897.0499877929688,897.0499877929688,897.0499877929688,0
2017-08-16,912.7000122070312,912.7000122070312,912.7000122070312,912.7000122070312,912.7000122070312,0
2017-08-17,928.5499877929688,928.5499877929688,928.5499877929688,928.5499877929688,928.5499877929688,0
2017-08-18,929.5,929.5,929.5,929.5,929.5,0
2017-08-21,941.4000244140625,941.4000244140625,941.4000244140625,941.4000244140625,941.4000244140625,0
2017-08-22,934.75,934.75,934.75,934.75,934.75,0
2017-08-23,935.4000244140625,935.4000244140625,935.4000244140625,935.4000244140625,935.4000244140625,0
2017-08-24,938.5499877929688,938.5499877929688,938.5499877929688,938.5499877929688,938.5499877929688,0
2017-08-25,933.4500122070312,933.4500122070312,933.4500122070312,933.4500122070312,933.4500122070312,0
2017-08-28,936.5999755859375,936.5999755859375,936.5999755859375,936.5999755859375,936.5999755859375,0
2017-08-29,947.4500122070312,947.4500122070312,947.4500122070312,947.4500122070312,947.4500122070312,2682
2017-08-30,944.2000122070312,945.5,926.6500244140625,931.3499755859375,931.3499755859375,2682
2017-08-31,927.6500244140625,936.2000122070312,927.5,931.9500122070312,931.9500122070312,1495
2017-09-01,939.9000244140625,983.2000122070312,939.9000244140625,981.1500244140625,981.1500244140625,47
2017-09-05,978.2999877929688,992.2000122070312,958.0,963.0499877929688,963.0499877929688,45
2017-09-06,963.5,963.5,938.1500244140625,938.1500244140625,938.1500244140625,8
2017-09-07,943.1500244140625,955.0999755859375,941.5,955.0999755859375,955.0999755859375,2
2017-09-08,961.0,961.0,934.2999877929688,936.9500122070312,936.9500122070312,9
2017-09-11,935.5,939.1500244140625,935.5,937.2999877929688,937.2999877929688,13
2017-09-12,936.0,955.8499755859375,936.0,949.0499877929688,949.0499877929688,4
2017-09-13,948.3499755859375,948.3499755859375,939.3499755859375,939.3499755859375,939.3499755859375,6
2017-09-14,937.2000122070312,937.2000122070312,919.9500122070312,919.9500122070312,919.9500122070312,5
2017-09-15,927.4000244140625,927.4000244140625,927.4000244140625,927.4000244140625,927.4000244140625,0
2017-09-18,934.9500122070312,934.9500122070312,934.9500122070312,934.9500122070312,934.9500122070312,17
2017-09-19,909.9000244140625,913.0,902.5,905.7000122070312,905.7000122070312,17
2017-09-20,909.0499877929688,911.5499877929688,909.0499877929688,911.5499877929688,911.5499877929688,2
2017-09-21,912.0,912.9500122070312,912.0,912.9500122070312,912.9500122070312,5
2017-09-22,918.0,920.5,918.0,920.5,920.5,17
2017-09-25,914.9500122070312,914.9500122070312,910.0499877929688,910.3499755859375,910.3499755859375,11
2017-09-26,910.75,914.7000122070312,910.75,914.7000122070312,914.7000122070312,3
2017-09-27,908.2000122070312,925.2000122070312,908.2000122070312,925.2000122070312,925.2000122070312,0
2017-09-28,928.9500122070312,928.9500122070312,928.9500122070312,928.9500122070312,928.9500122070312,0
2017-09-29,937.9500122070312,937.9500122070312,937.9500122070312,937.9500122070312,937.9500122070312,0
2017-10-02,912.4000244140625,912.4000244140625,912.4000244140625,912.4000244140625,912.4000244140625,0
2017-10-03,918.0,918.0,918.0,918.0,918.0,0
2017-10-04,920.75,920.75,920.75,920.75,920.75,0
2017-10-05,937.5999755859375,937.5999755859375,937.5999755859375,937.5999755859375,937.5999755859375,0
2017-10-06,920.0999755859375,920.0999755859375,920.0999755859375,920.0999755859375,920.0999755859375,0
2017-10-09,929.0999755859375,929.0999755859375,929.0999755859375,929.0999755859375,929.0999755859375,0
2017-10-10,934.75,934.75,934.75,934.75,934.75,0
2017-10-11,960.0499877929688,960.0499877929688,960.0499877929688,960.0499877929688,960.0499877929688,0
2017-10-12,974.7999877929688,974.7999877929688,974.7999877929688,974.7999877929688,974.7999877929688,1
2017-10-13,985.0,986.5999755859375,985.0,986.5999755859375,986.5999755859375,1
2017-10-16,977.4000244140625,977.4000244140625,977.4000244140625,977.4000244140625,977.4000244140625,0
2017-10-17,977.0499877929688,977.0499877929688,977.0499877929688,977.0499877929688,977.0499877929688,0
2017-10-18,954.0499877929688,954.0499877929688,954.0499877929688,954.0499877929688,954.0499877929688,0
2017-10-19,953.9000244140625,953.9000244140625,953.9000244140625,953.9000244140625,953.9000244140625,0
2017-10-20,970.9500122070312,970.9500122070312,970.9500122070312,970.9500122070312,970.9500122070312,0
2017-10-23,951.0499877929688,951.0499877929688,951.0499877929688,951.0499877929688,951.0499877929688,0
2017-10-24,962.2999877929688,962.2999877929688,962.2999877929688,962.2999877929688,962.2999877929688,0
2017-10-25,959.2000122070312,959.2000122070312,959.2000122070312,959.2000122070312,959.2000122070312,0
2017-10-26,969.2000122070312,969.2000122070312,969.2000122070312,969.2000122070312,969.2000122070312,0
2017-10-27,959.3499755859375,959.3499755859375,959.3499755859375,959.3499755859375,959.3499755859375,0
2017-10-30,964.0499877929688,964.0499877929688,964.0499877929688,964.0499877929688,964.0499877929688,0
2017-10-31,980.5499877929688,980.5499877929688,980.5499877929688,980.5499877929688,980.5499877929688,0
2017-11-01,999.5499877929688,999.5499877929688,999.5499877929688,999.5499877929688,999.5499877929688,0
2017-11-02,995.4000244140625,995.4000244140625,995.4000244140625,995.4000244140625,995.4000244140625,0
2017-11-03,992.9000244140625,992.9000244140625,992.9000244140625,992.9000244140625,992.9000244140625,0
2017-11-06,996.5,996.5,996.5,996.5,996.5,0
2017-11-07,995.5,995.5,995.5,995.5,995.5,0
2017-11-08,1017.2000122070312,1017.2000122070312,1017.2000122070312,1017.2000122070312,1017.2000122070312,0
2017-11-09,1005.7999877929688,1005.7999877929688,1005.7999877929688,1005.7999877929688,1005.7999877929688,0
2017-11-10,994.5,994.5,994.5,994.5,994.5,0
2017-11-13,991.0999755859375,991.0999755859375,991.0999755859375,991.0999755859375,991.0999755859375,0
2017-11-14,986.9500122070312,986.9500122070312,986.9500122070312,986.9500122070312,986.9500122070312,0
2017-11-15,986.5,986.5,986.5,986.5,986.5,0
2017-11-16,986.25,986.25,986.25,986.25,986.25,0
2017-11-17,994.2999877929688,994.2999877929688,994.2999877929688,994.2999877929688,994.2999877929688,0
2017-11-20,987.5,987.5,987.5,987.5,987.5,0
2017-11-21,997.9000244140625,997.9000244140625,997.9000244140625,997.9000244140625,997.9000244140625,0
2017-11-22,1003.3499755859375,1003.3499755859375,1003.3499755859375,1003.3499755859375,1003.3499755859375,0
2017-11-24,995.0999755859375,995.0999755859375,995.0999755859375,995.0999755859375,995.0999755859375,0
2017-11-27,1002.4500122070312,1002.4500122070312,1002.4500122070312,1002.4500122070312,1002.4500122070312,0
2017-11-28,1022.0499877929688,1022.0499877929688,1022.0499877929688,1022.0499877929688,1022.0499877929688,2985
2017-11-29,1023.2000122070312,1023.9500122070312,1008.2000122070312,1009.9500122070312,1009.9500122070312,918
2017-11-30,1014.6500244140625,1014.6500244140625,1006.5999755859375,1006.5999755859375,1006.5999755859375,102
2017-12-01,1009.75,1021.1500244140625,1008.5,1020.0499877929688,1020.0499877929688,8
2017-12-04,1020.8499755859375,1024.4000244140625,998.75,998.75,998.75,46
2017-12-05,1003.4500122070312,1007.25,990.0,991.75,991.75,32
2017-12-06,997.25,1001.5499877929688,997.0499877929688,1001.5499877929688,1001.5499877929688,4
2017-12-07,1004.9500122070312,1021.0,1004.9500122070312,1016.2999877929688,1016.2999877929688,5
2017-12-08,1016.2999877929688,1016.2999877929688,1009.75,1009.75,1009.75,13
2017-12-11,1012.2999877929688,1012.5999755859375,1011.6500244140625,1012.0999755859375,1012.0999755859375,4
2017-12-12,1017.5,1020.0499877929688,1009.7999877929688,1015.7000122070312,1015.7000122070312,5
2017-12-13,1017.4000244140625,1025.6500244140625,1017.4000244140625,1017.4000244140625,1017.4000244140625,5
2017-12-14,1017.1500244140625,1042.050048828125,1017.1500244140625,1042.050048828125,1042.050048828125,2
2017-12-15,1035.0,1035.0,1028.75,1028.75,1028.75,2
2017-12-18,1025.4000244140625,1025.4000244140625,1025.4000244140625,1025.4000244140625,1025.4000244140625,0
2017-12-19,1031.949951171875,1035.5,1031.949951171875,1031.949951171875,1031.949951171875,6
2017-12-20,1044.5999755859375,1044.5999755859375,1037.949951171875,1037.949951171875,1037.949951171875,1
2017-12-21,1043.0,1043.0,1043.0,1043.0,1043.0,0
2017-12-22,1044.8499755859375,1050.199951171875,1044.8499755859375,1044.8499755859375,1044.8499755859375,2
2017-12-26,1056.75,1060.800048828125,1056.75,1057.75,1057.75,9
2017-12-27,1071.6500244140625,1071.6500244140625,1071.6500244140625,1071.6500244140625,1071.6500244140625,0
2017-12-28,1076.199951171875,1076.199951171875,1076.199951171875,1076.199951171875,1076.199951171875,0
2017-12-29,1073.75,1073.75,1073.75,1073.75,1073.75,0
2018-01-02,1090.0,1090.0,1090.0,1090.0,1090.0,0
2018-01-03,1086.0,1086.0,1086.0,1086.0,1086.0,0
2018-01-04,1088.0,1097.4000244140625,1088.0,1097.4000244140625,1097.4000244140625,3
2018-01-05,1084.8499755859375,1084.8499755859375,1084.8499755859375,1084.8499755859375,1084.8499755859375,0
2018-01-08,1098.550048828125,1098.550048828125,1098.550048828125,1098.550048828125,1098.550048828125,0
2018-01-09,1100.800048828125,1100.800048828125,1100.800048828125,1100.800048828125,1100.800048828125,0
2018-01-10,1080.050048828125,1080.050048828125,1080.050048828125,1080.050048828125,1080.050048828125,0
2018-01-11,1078.9000244140625,1078.9000244140625,1078.9000244140625,1078.9000244140625,1078.9000244140625,0
2018-01-12,1108.0,1108.0,1108.0,1108.0,1108.0,0
2018-01-16,1090.800048828125,1090.800048828125,1090.800048828125,1090.800048828125,1090.800048828125,0
2018-01-17,1112.3499755859375,1112.3499755859375,1112.3499755859375,1112.3499755859375,1112.3499755859375,0
2018-01-18,1095.949951171875,1095.949951171875,1095.949951171875,1095.949951171875,1095.949951171875,0
2018-01-19,1101.050048828125,1101.050048828125,1101.050048828125,1101.050048828125,1101.050048828125,0
2018-01-22,1094.949951171875,1094.949951171875,1094.949951171875,1094.949951171875,1094.949951171875,0
2018-01-23,1086.9000244140625,1086.9000244140625,1086.9000244140625,1086.9000244140625,1086.9000244140625,0
2018-01-24,1109.0,1109.0,1109.0,1109.0,1109.0,0
2018-01-25,1100.050048828125,1100.050048828125,1100.050048828125,1100.050048828125,1100.050048828125,0
2018-01-26,1087.699951171875,1087.699951171875,1087.699951171875,1087.699951171875,1087.699951171875,0
2018-01-30,1056.4000244140625,1056.4000244140625,1056.4000244140625,1056.4000244140625,1056.4000244140625,0
2018-01-31,1027.5,1027.5,1027.5,1027.5,1027.5,0
2018-02-01,1028.6500244140625,1028.6500244140625,1028.6500244140625,1028.6500244140625,1028.6500244140625,0
2018-02-02,1048.9000244140625,1048.9000244140625,1048.9000244140625,1048.9000244140625,1048.9000244140625,0
2018-02-05,1036.9000244140625,1036.9000244140625,1036.9000244140625,1036.9000244140625,1036.9000244140625,0
2018-02-06,1006.4500122070312,1006.4500122070312,1006.4500122070312,1006.4500122070312,1006.4500122070312,0
2018-02-07,988.5,988.5,988.5,988.5,988.5,0
2018-02-08,966.1500244140625,966.1500244140625,966.1500244140625,966.1500244140625,966.1500244140625,0
2018-02-09,967.2999877929688,967.2999877929688,967.2999877929688,967.2999877929688,967.2999877929688,0
2018-02-12,980.0999755859375,980.0999755859375,980.0999755859375,980.0999755859375,980.0999755859375,0
2018-02-13,984.6500244140625,984.6500244140625,984.6500244140625,984.6500244140625,984.6500244140625,0
2018-02-14,1001.25,1001.25,1001.25,1001.25,1001.25,0
2018-02-15,1010.5999755859375,1010.5999755859375,1010.5999755859375,1010.5999755859375,1010.5999755859375,0
2018-02-16,1037.6500244140625,1037.6500244140625,1037.6500244140625,1037.6500244140625,1037.6500244140625,0
2018-02-20,1029.050048828125,1029.050048828125,1029.050048828125,1029.050048828125,1029.050048828125,0
2018-02-21,1024.4000244140625,1024.4000244140625,1024.4000244140625,1024.4000244140625,1024.4000244140625,0
2018-02-22,1035.4000244140625,1035.4000244140625,1035.4000244140625,1035.4000244140625,1035.4000244140625,0
2018-02-23,1043.050048828125,1043.050048828125,1043.050048828125,1043.050048828125,1043.050048828125,0
2018-02-26,1056.5,1056.5,1056.5,1056.5,1056.5,5291
2018-02-27,1054.25,1058.050048828125,1029.199951171875,1029.199951171875,1029.199951171875,1549
2018-02-28,1042.0,1050.199951171875,1039.550048828125,1047.199951171875,1047.199951171875,34
2018-03-01,1032.0,1032.0,981.9500122070312,983.1500244140625,983.1500244140625,32
2018-03-02,990.4500122070312,995.4500122070312,985.75,995.4500122070312,995.4500122070312,10
2018-03-05,995.5999755859375,995.5999755859375,986.0499877929688,987.3499755859375,987.3499755859375,13
2018-03-06,987.1500244140625,988.1500244140625,981.0999755859375,988.1500244140625,988.1500244140625,8
2018-03-07,979.0,985.0499877929688,968.8499755859375,968.9000244140625,968.9000244140625,4
2018-03-08,984.9000244140625,984.9000244140625,975.4500122070312,975.4500122070312,975.4500122070312,1
2018-03-09,983.0499877929688,993.2999877929688,979.5,990.5999755859375,990.5999755859375,12
2018-03-12,979.0999755859375,979.0999755859375,971.4000244140625,971.4000244140625,971.4000244140625,1
2018-03-13,988.0,995.3499755859375,988.0,995.3499755859375,995.3499755859375,1
2018-03-14,988.5,988.5,988.5,988.5,988.5,0
2018-03-15,984.75,984.75,984.75,984.75,984.75,0
2018-03-16,992.2999877929688,992.2999877929688,992.2999877929688,992.2999877929688,992.2999877929688,0
2018-03-19,991.1500244140625,991.1500244140625,991.1500244140625,991.1500244140625,991.1500244140625,0
2018-03-20,979.6500244140625,979.6500244140625,979.6500244140625,979.6500244140625,979.6500244140625,0
2018-03-21,990.2000122070312,990.2000122070312,990.2000122070312,990.2000122070312,990.2000122070312,0
2018-03-22,985.5499877929688,985.5499877929688,985.5499877929688,985.5499877929688,985.5499877929688,0
2018-03-23,975.0499877929688,975.0499877929688,975.0499877929688,975.0499877929688,975.0499877929688,1
2018-03-26,970.3499755859375,970.3499755859375,970.3499755859375,970.3499755859375,970.3499755859375,1
2018-03-27,975.2999877929688,975.2999877929688,975.2999877929688,975.2999877929688,975.2999877929688,0
2018-03-28,964.2000122070312,964.2000122070312,964.2000122070312,964.2000122070312,964.2000122070312,0
2018-03-29,944.7999877929688,944.7999877929688,944.7999877929688,944.7999877929688,944.7999877929688,0
2018-04-02,928.5,928.5,928.5,928.5,928.5,0
2018-04-03,928.7999877929688,928.7999877929688,928.7999877929688,928.7999877929688,928.7999877929688,0
2018-04-04,918.9000244140625,918.9000244140625,918.9000244140625,918.9000244140625,918.9000244140625,0
2018-04-05,901.0999755859375,901.0999755859375,901.0999755859375,901.0999755859375,901.0999755859375,0
2018-04-06,896.1500244140625,896.1500244140625,896.1500244140625,896.1500244140625,896.1500244140625,0
2018-04-09,933.5,933.5,933.5,933.5,933.5,0
2018-04-10,950.75,950.75,950.75,950.75,950.75,0
2018-04-11,961.9500122070312,961.9500122070312,961.9500122070312,961.9500122070312,961.9500122070312,0
2018-04-12,960.1500244140625,960.1500244140625,960.1500244140625,960.1500244140625,960.1500244140625,50
2018-04-13,981.9500122070312,981.9500122070312,981.9500122070312,981.9500122070312,981.9500122070312,0
2018-04-16,1004.75,1004.75,1004.75,1004.75,1004.75,0
2018-04-17,1006.0,1006.0,1006.0,1006.0,1006.0,0
2018-04-18,1035.949951171875,1035.949951171875,1035.949951171875,1035.949951171875,1035.949951171875,0
2018-04-19,1027.449951171875,1027.449951171875,1027.449951171875,1027.449951171875,1027.449951171875,0
2018-04-20,1031.199951171875,1031.199951171875,1031.199951171875,1031.199951171875,1031.199951171875,0
2018-04-23,980.5499877929688,980.5499877929688,980.5499877929688,980.5499877929688,980.5499877929688,0
2018-04-24,972.6500244140625,972.6500244140625,972.6500244140625,972.6500244140625,972.6500244140625,0
2018-04-25,968.5,968.5,968.5,968.5,968.5,0
2018-04-26,980.0499877929688,980.0499877929688,980.0499877929688,980.0499877929688,980.0499877929688,0
2018-04-27,965.2000122070312,965.2000122070312,965.2000122070312,965.2000122070312,965.2000122070312,0
2018-04-30,962.75,962.75,962.75,962.75,962.75,0
2018-05-01,938.4500122070312,938.4500122070312,938.4500122070312,938.4500122070312,938.4500122070312,0
2018-05-02,962.3499755859375,962.3499755859375,962.3499755859375,962.3499755859375,962.3499755859375,0
2018-05-03,960.9000244140625,960.9000244140625,960.9000244140625,960.9000244140625,960.9000244140625,0
2018-05-04,959.4500122070312,959.4500122070312,959.4500122070312,959.4500122070312,959.4500122070312,0
2018-05-07,964.2999877929688,964.2999877929688,964.2999877929688,964.2999877929688,964.2999877929688,0
2018-05-08,965.5999755859375,965.5999755859375,965.5999755859375,965.5999755859375,965.5999755859375,0
2018-05-09,972.7999877929688,972.7999877929688,972.7999877929688,972.7999877929688,972.7999877929688,0
2018-05-10,996.0999755859375,996.0999755859375,996.0999755859375,996.0999755859375,996.0999755859375,0
2018-05-11,987.4000244140625,987.4000244140625,987.4000244140625,987.4000244140625,987.4000244140625,0
2018-05-14,997.9000244140625,997.9000244140625,997.9000244140625,997.9000244140625,997.9000244140625,0
2018-05-15,985.4000244140625,985.4000244140625,985.4000244140625,985.4000244140625,985.4000244140625,0
2018-05-16,984.7000122070312,984.7000122070312,984.7000122070312,984.7000122070312,984.7000122070312,0
2018-05-17,979.7000122070312,979.7000122070312,979.7000122070312,979.7000122070312,979.7000122070312,0
2018-05-18,962.4000244140625,962.4000244140625,962.4000244140625,962.4000244140625,962.4000244140625,0
2018-05-21,992.5999755859375,992.5999755859375,992.5999755859375,992.5999755859375,992.5999755859375,0
2018-05-22,989.0,989.0,989.0,989.0,989.0,0
2018-05-23,973.2999877929688,973.2999877929688,973.2999877929688,973.2999877929688,973.2999877929688,0
2018-05-24,969.7000122070312,969.7000122070312,969.7000122070312,969.7000122070312,969.7000122070312,0
2018-05-25,979.0,979.0,979.0,979.0,979.0,0
2018-05-29,974.5,974.5,974.5,974.5,974.5,5416
2018-05-30,970.2999877929688,978.7000122070312,968.0999755859375,976.0,976.0,1158
2018-05-31,980.0,988.9000244140625,980.0,988.9000244140625,988.9000244140625,279
2018-06-01,989.5,1004.2000122070312,988.7000122070312,1002.0999755859375,1002.0999755859375,18
2018-06-04,1008.9000244140625,1009.5,999.7999877929688,1000.5,1000.5,9
2018-06-05,986.7999877929688,998.7000122070312,986.7999877929688,998.7000122070312,998.7000122070312,22
2018-06-06,993.0,1027.0999755859375,992.5,1027.0999755859375,1027.0999755859375,14
2018-06-07,1026.0,1026.0,1021.5,1021.5,1021.5,3
2018-06-08,1012.4000244140625,1018.0,1012.4000244140625,1018.0,1018.0,9
2018-06-11,1028.800048828125,1028.800048828125,1028.800048828125,1028.800048828125,1028.800048828125,0
2018-06-12,1029.0,1029.5,1027.5999755859375,1027.5999755859375,1027.5999755859375,6
2018-06-13,1019.5,1019.5,1019.5,1019.5,1019.5,4
2018-06-14,1018.9000244140625,1018.9000244140625,1018.9000244140625,1018.9000244140625,1018.9000244140625,0
2018-06-15,1018.9000244140625,1018.9000244140625,993.7999877929688,993.7999877929688,993.7999877929688,2
2018-06-18,990.2999877929688,994.9000244140625,990.2999877929688,994.9000244140625,994.9000244140625,1
2018-06-19,985.0,985.0,970.2999877929688,970.2999877929688,970.2999877929688,2
2018-06-20,970.0,973.0,967.0,967.0999755859375,967.0999755859375,4
2018-06-21,955.5,961.5,955.5,955.5,955.5,2
2018-06-22,956.2999877929688,956.2999877929688,956.2999877929688,956.2999877929688,956.2999877929688,0
2018-06-25,945.2999877929688,945.2999877929688,945.2999877929688,945.2999877929688,945.2999877929688,0
2018-06-26,964.5999755859375,964.5999755859375,958.5,964.5999755859375,964.5999755859375,1
2018-06-27,953.7999877929688,953.7999877929688,953.7999877929688,953.7999877929688,953.7999877929688,0
2018-06-28,938.2999877929688,938.2999877929688,938.2999877929688,938.2999877929688,938.2999877929688,0
2018-06-29,958.2999877929688,958.2999877929688,958.2999877929688,958.2999877929688,958.2999877929688,0
2018-07-02,941.7999877929688,941.7999877929688,941.7999877929688,941.7999877929688,941.7999877929688,0
2018-07-03,945.4000244140625,945.4000244140625,945.4000244140625,945.4000244140625,945.4000244140625,0
2018-07-05,950.0999755859375,950.0999755859375,950.0999755859375,950.0999755859375,950.0999755859375,0
2018-07-06,955.0,955.0,955.0,955.0,955.0,0
2018-07-09,962.0999755859375,962.0999755859375,962.0999755859375,962.0999755859375,962.0999755859375,0
2018-07-10,945.0,945.0,945.0,945.0,945.0,0
2018-07-11,944.4000244140625,944.4000244140625,944.4000244140625,944.4000244140625,944.4000244140625,0
2018-07-12,956.2000122070312,956.2000122070312,956.2000122070312,956.2000122070312,956.2000122070312,0
2018-07-13,940.2000122070312,940.2000122070312,940.2000122070312,940.2000122070312,940.2000122070312,0
2018-07-16,920.9000244140625,920.9000244140625,920.9000244140625,920.9000244140625,920.9000244140625,0
2018-07-17,916.5999755859375,916.5999755859375,916.5999755859375,916.5999755859375,916.5999755859375,0
2018-07-18,909.2000122070312,909.2000122070312,909.2000122070312,909.2000122070312,909.2000122070312,0
2018-07-19,873.5999755859375,873.5999755859375,873.5999755859375,873.5999755859375,873.5999755859375,0
2018-07-20,896.2999877929688,896.2999877929688,896.2999877929688,896.2999877929688,896.2999877929688,0
2018-07-23,910.0,910.0,910.0,910.0,910.0,0
2018-07-24,916.0,916.0,916.0,916.0,916.0,0
2018-07-25,935.7000122070312,935.7000122070312,935.7000122070312,935.7000122070312,935.7000122070312,0
2018-07-26,941.0,941.0,941.0,941.0,941.0,0
2018-07-27,925.9000244140625,925.9000244140625,925.9000244140625,925.9000244140625,925.9000244140625,0
2018-07-30,930.5,930.5,930.5,930.5,930.5,0
2018-07-31,939.9000244140625,939.9000244140625,939.9000244140625,939.9000244140625,939.9000244140625,0
2018-08-01,919.9000244140625,919.9000244140625,919.9000244140625,919.9000244140625,919.9000244140625,0
2018-08-02,923.5,923.5,923.5,923.5,923.5,0
2018-08-03,915.9000244140625,915.9000244140625,915.9000244140625,915.9000244140625,915.9000244140625,0
2018-08-06,911.5999755859375,911.5999755859375,911.5999755859375,911.5999755859375,911.5999755859375,0
2018-08-07,910.9000244140625,910.9000244140625,910.9000244140625,910.9000244140625,910.9000244140625,0
2018-08-08,894.4000244140625,894.4000244140625,894.4000244140625,894.4000244140625,894.4000244140625,0
2018-08-09,906.4000244140625,906.4000244140625,906.4000244140625,906.4000244140625,906.4000244140625,0
2018-08-10,909.0999755859375,909.0999755859375,909.0999755859375,909.0999755859375,909.0999755859375,0
2018-08-13,888.9000244140625,888.9000244140625,888.9000244140625,888.9000244140625,888.9000244140625,0
2018-08-14,898.0,898.0,898.0,898.0,898.0,0
2018-08-15,845.2000122070312,845.2000122070312,845.2000122070312,845.2000122070312,845.2000122070312,0
2018-08-16,882.7999877929688,882.7999877929688,882.7999877929688,882.7999877929688,882.7999877929688,0
2018-08-17,892.7999877929688,892.7999877929688,892.7999877929688,892.7999877929688,892.7999877929688,0
2018-08-20,913.7000122070312,913.7000122070312,913.7000122070312,913.7000122070312,913.7000122070312,0
2018-08-21,925.0,925.0,925.0,925.0,925.0,0
2018-08-22,933.2000122070312,933.2000122070312,933.2000122070312,933.2000122070312,933.2000122070312,0
2018-08-23,926.2000122070312,926.2000122070312,926.2000122070312,926.2000122070312,926.2000122070312,0
2018-08-24,943.5999755859375,943.5999755859375,943.5999755859375,943.5999755859375,943.5999755859375,0
2018-08-27,956.9000244140625,956.9000244140625,956.9000244140625,956.9000244140625,956.9000244140625,0
2018-08-28,954.4000244140625,954.4000244140625,954.4000244140625,954.4000244140625,954.4000244140625,0
2018-08-29,973.5,973.5,973.5,973.5,973.5,3583
2018-08-30,957.0,975.0,949.9000244140625,963.7000122070312,963.7000122070312,1233
2018-08-31,959.7000122070312,980.2999877929688,959.7000122070312,980.2999877929688,980.2999877929688,46
2018-09-04,967.7999877929688,985.0,964.7000122070312,977.9000244140625,977.9000244140625,14
2018-09-05,971.0,971.5999755859375,971.0,971.5999755859375,971.5999755859375,1
2018-09-06,981.5999755859375,981.5999755859375,981.5999755859375,981.5999755859375,981.5999755859375,1
2018-09-07,987.7999877929688,987.7999877929688,987.7999877929688,987.7999877929688,987.7999877929688,0
2018-09-10,992.0,992.0,983.5999755859375,983.5999755859375,983.5999755859375,2
2018-09-11,976.4000244140625,984.0,976.4000244140625,980.9000244140625,980.9000244140625,3
2018-09-12,986.0999755859375,993.2999877929688,985.9000244140625,993.2999877929688,993.2999877929688,21
2018-09-13,996.5999755859375,999.9000244140625,996.0,997.0,997.0,27
2018-09-14,999.9000244140625,1004.0,998.7999877929688,998.7999877929688,998.7999877929688,12
2018-09-17,998.7999877929688,1005.2999877929688,998.7999877929688,1005.2999877929688,1005.2999877929688,3
2018-09-18,1010.0999755859375,1027.4000244140625,1010.0999755859375,1027.4000244140625,1027.4000244140625,2
2018-09-19,1038.0999755859375,1053.4000244140625,1038.0999755859375,1053.4000244140625,1053.4000244140625,2
2018-09-20,1060.0,1066.800048828125,1060.0,1066.800048828125,1066.800048828125,1
2018-09-21,1066.9000244140625,1066.9000244140625,1066.9000244140625,1066.9000244140625,1066.9000244140625,0
2018-09-24,1071.5999755859375,1071.5999755859375,1071.5999755859375,1071.5999755859375,1071.5999755859375,0
2018-09-25,1068.5999755859375,1073.300048828125,1068.5999755859375,1073.300048828125,1073.300048828125,3
2018-09-26,1082.5999755859375,1082.5999755859375,1082.5999755859375,1082.5999755859375,1082.5999755859375,0
2018-09-27,1089.199951171875,1089.199951171875,1089.199951171875,1089.199951171875,1089.199951171875,0
2018-09-28,1090.800048828125,1090.800048828125,1090.800048828125,1090.800048828125,1090.800048828125,0
2018-10-01,1074.4000244140625,1074.4000244140625,1074.4000244140625,1074.4000244140625,1074.4000244140625,0
2018-10-02,1068.699951171875,1068.699951171875,1068.699951171875,1068.699951171875,1068.699951171875,0
2018-10-03,1071.0,1071.0,1071.0,1071.0,1071.0,0
2018-10-04,1063.5,1063.5,1063.5,1063.5,1063.5,0
2018-10-05,1075.0999755859375,1075.0999755859375,1075.0999755859375,1075.0999755859375,1075.0999755859375,0
2018-10-08,1086.9000244140625,1086.9000244140625,1086.9000244140625,1086.9000244140625,1086.9000244140625,0
2018-10-09,1080.0999755859375,1080.0999755859375,1080.0999755859375,1080.0999755859375,1080.0999755859375,0
2018-10-10,1085.199951171875,1085.199951171875,1085.199951171875,1085.199951171875,1085.199951171875,0
2018-10-11,1093.199951171875,1093.199951171875,1093.199951171875,1093.199951171875,1093.199951171875,0
2018-10-12,1078.800048828125,1078.800048828125,1078.800048828125,1078.800048828125,1078.800048828125,0
2018-10-15,1096.199951171875,1096.199951171875,1096.199951171875,1096.199951171875,1096.199951171875,0
2018-10-16,1091.9000244140625,1091.9000244140625,1091.9000244140625,1091.9000244140625,1091.9000244140625,0
2018-10-17,1085.5999755859375,1085.5999755859375,1085.5999755859375,1085.5999755859375,1085.5999755859375,0
2018-10-18,1082.699951171875,1082.699951171875,1082.699951171875,1082.699951171875,1082.699951171875,0
2018-10-19,1087.9000244140625,1087.9000244140625,1087.9000244140625,1087.9000244140625,1087.9000244140625,0
2018-10-22,1125.699951171875,1125.699951171875,1125.699951171875,1125.699951171875,1125.699951171875,0
2018-10-23,1140.800048828125,1140.800048828125,1140.800048828125,1140.800048828125,1140.800048828125,0
2018-10-24,1130.300048828125,1130.300048828125,1130.300048828125,1130.300048828125,1130.300048828125,0
2018-10-25,1105.5999755859375,1105.5999755859375,1105.5999755859375,1105.5999755859375,1105.5999755859375,0
2018-10-26,1103.9000244140625,1103.9000244140625,1103.9000244140625,1103.9000244140625,1103.9000244140625,0
2018-10-29,1097.300048828125,1097.300048828125,1097.300048828125,1097.300048828125,1097.300048828125,0
2018-10-30,1071.5999755859375,1071.5999755859375,1071.5999755859375,1071.5999755859375,1071.5999755859375,0
2018-10-31,1085.0999755859375,1085.0999755859375,1085.0999755859375,1085.0999755859375,1085.0999755859375,0
2018-11-01,1098.0,1098.0,1098.0,1098.0,1098.0,0
2018-11-02,1121.0999755859375,1121.0999755859375,1121.0999755859375,1121.0999755859375,1121.0999755859375,0
2018-11-05,1138.199951171875,1138.199951171875,1138.199951171875,1138.199951171875,1138.199951171875,0
2018-11-06,1111.9000244140625,1111.9000244140625,1111.9000244140625,1111.9000244140625,1111.9000244140625,0
2018-11-07,1137.300048828125,1137.300048828125,1137.300048828125,1137.300048828125,1137.300048828125,0
2018-11-08,1132.699951171875,1132.699951171875,1132.699951171875,1132.699951171875,1132.699951171875,0
2018-11-09,1114.0999755859375,1114.0999755859375,1114.0999755859375,1114.0999755859375,1114.0999755859375,0
2018-11-12,1102.199951171875,1102.199951171875,1102.199951171875,1102.199951171875,1102.199951171875,0
2018-11-13,1108.699951171875,1108.699951171875,1108.699951171875,1108.699951171875,1108.699951171875,0
2018-11-14,1126.800048828125,1126.800048828125,1126.800048828125,1126.800048828125,1126.800048828125,0
2018-11-15,1154.0,1154.0,1154.0,1154.0,1154.0,0
2018-11-16,1171.199951171875,1171.199951171875,1171.199951171875,1171.199951171875,1171.199951171875,0
2018-11-19,1157.9000244140625,1157.9000244140625,1157.9000244140625,1157.9000244140625,1157.9000244140625,0
2018-11-20,1142.699951171875,1142.699951171875,1142.699951171875,1142.699951171875,1142.699951171875,0
2018-11-21,1149.800048828125,1149.800048828125,1149.800048828125,1149.800048828125,1149.800048828125,0
2018-11-23,1131.0999755859375,1131.0999755859375,1131.0999755859375,1131.0999755859375,1131.0999755859375,20
2018-11-26,1141.300048828125,1141.300048828125,1141.300048828125,1141.300048828125,1141.300048828125,0
2018-11-27,1148.4000244140625,1148.4000244140625,1148.4000244140625,1148.4000244140625,1148.4000244140625,20
2018-11-28,1178.300048828125,1178.300048828125,1178.300048828125,1178.300048828125,1178.300048828125,2522
2018-11-29,1162.199951171875,1180.4000244140625,1149.0,1163.4000244140625,1163.4000244140625,979
2018-11-30,1188.0,1198.0,1168.5999755859375,1168.5999755859375,1168.5999755859375,46
2018-12-03,1181.0,1196.699951171875,1181.0,1189.5999755859375,1189.5999755859375,18
2018-12-04,1200.199951171875,1213.9000244140625,1200.199951171875,1204.199951171875,1204.199951171875,13
2018-12-06,1186.300048828125,1186.300048828125,1167.5,1167.5,1167.5,6
2018-12-07,1166.0999755859375,1196.4000244140625,1166.0999755859375,1196.4000244140625,1196.4000244140625,10
2018-12-10,1191.699951171875,1191.699951171875,1184.300048828125,1184.300048828125,1184.300048828125,10
2018-12-11,1208.699951171875,1208.699951171875,1202.9000244140625,1202.9000244140625,1202.9000244140625,28
2018-12-12,1222.199951171875,1223.4000244140625,1220.0999755859375,1220.0999755859375,1220.0999755859375,6
2018-12-13,1216.300048828125,1216.300048828125,1216.300048828125,1216.300048828125,1216.300048828125,0
2018-12-14,1204.0,1204.0,1198.5999755859375,1198.5999755859375,1198.5999755859375,9
2018-12-17,1212.0,1212.0,1212.0,1212.0,1212.0,0
2018-12-18,1228.9000244140625,1228.9000244140625,1218.0999755859375,1218.0999755859375,1218.0999755859375,4
2018-12-19,1222.9000244140625,1240.199951171875,1222.9000244140625,1240.199951171875,1240.199951171875,4
2018-12-20,1245.0,1245.0,1230.0,1230.800048828125,1230.800048828125,4
2018-12-21,1243.5,1243.5,1207.699951171875,1207.699951171875,1207.699951171875,2
2018-12-24,1220.0,1225.0999755859375,1220.0,1225.0999755859375,1225.0999755859375,4
2018-12-26,1234.9000244140625,1234.9000244140625,1234.9000244140625,1234.9000244140625,1234.9000244140625,1
2018-12-27,1250.0999755859375,1253.4000244140625,1250.0999755859375,1253.4000244140625,1253.4000244140625,0
2018-12-28,1240.0999755859375,1240.0999755859375,1240.0999755859375,1240.0999755859375,1240.0999755859375,0
2018-12-31,1253.9000244140625,1253.9000244140625,1253.9000244140625,1253.9000244140625,1253.9000244140625,0
2019-01-02,1255.5,1255.5,1255.5,1255.5,1255.5,0
2019-01-03,1257.0,1257.0,1257.0,1257.0,1257.0,0
2019-01-04,1291.0999755859375,1291.0999755859375,1291.0999755859375,1291.0999755859375,1291.0999755859375,0
2019-01-07,1296.9000244140625,1296.9000244140625,1296.9000244140625,1296.9000244140625,1296.9000244140625,0
2019-01-08,1318.0999755859375,1318.0999755859375,1318.0999755859375,1318.0999755859375,1318.0999755859375,0
2019-01-09,1326.0999755859375,1326.0999755859375,1326.0999755859375,1326.0999755859375,1326.0999755859375,0
2019-01-10,1274.4000244140625,1274.4000244140625,1270.699951171875,1270.699951171875,1270.699951171875,1
2019-01-11,1276.199951171875,1276.199951171875,1276.199951171875,1276.199951171875,1276.199951171875,0
2019-01-14,1279.5,1279.5,1279.5,1279.5,1279.5,0
2019-01-15,1274.5999755859375,1274.5999755859375,1274.5999755859375,1274.5999755859375,1274.5999755859375,0
2019-01-16,1316.0,1316.0,1316.0,1316.0,1316.0,0
2019-01-17,1345.699951171875,1345.699951171875,1345.699951171875,1345.699951171875,1345.699951171875,0
2019-01-18,1374.0999755859375,1374.0999755859375,1374.0999755859375,1374.0999755859375,1374.0999755859375,7
2019-01-22,1345.5,1345.5,1345.5,1345.5,1345.5,0
2019-01-23,1347.199951171875,1347.199951171875,1347.199951171875,1347.199951171875,1347.199951171875,0
2019-01-24,1319.699951171875,1319.699951171875,1319.699951171875,1319.699951171875,1319.699951171875,0
2019-01-25,1358.800048828125,1358.800048828125,1358.800048828125,1358.800048828125,1358.800048828125,0
2019-01-28,1328.300048828125,1328.300048828125,1328.300048828125,1328.300048828125,1328.300048828125,0
2019-01-29,1342.5999755859375,1342.5999755859375,1342.5999755859375,1342.5999755859375,1342.5999755859375,0
2019-01-30,1354.800048828125,1354.800048828125,1354.800048828125,1354.800048828125,1354.800048828125,0
2019-01-31,1338.300048828125,1338.300048828125,1338.300048828125,1338.300048828125,1338.300048828125,0
2019-02-01,1352.0,1352.0,1352.0,1352.0,1352.0,0
2019-02-04,1368.800048828125,1368.800048828125,1368.800048828125,1368.800048828125,1368.800048828125,0
2019-02-05,1379.5999755859375,1379.5999755859375,1379.5999755859375,1379.5999755859375,1379.5999755859375,0
2019-02-06,1390.0,1390.0,1390.0,1390.0,1390.0,0
2019-02-07,1396.5,1396.5,1396.5,1396.5,1396.5,0
2019-02-08,1409.5999755859375,1409.5999755859375,1409.5999755859375,1409.5999755859375,1409.5999755859375,0
2019-02-11,1395.199951171875,1395.199951171875,1395.199951171875,1395.199951171875,1395.199951171875,0
2019-02-12,1413.800048828125,1413.800048828125,1413.800048828125,1413.800048828125,1413.800048828125,0
2019-02-13,1411.0,1411.0,1411.0,1411.0,1411.0,0
2019-02-14,1424.300048828125,1424.300048828125,1424.300048828125,1424.300048828125,1424.300048828125,0
2019-02-15,1445.5999755859375,1445.5999755859375,1445.5999755859375,1445.5999755859375,1445.5999755859375,1
2019-02-19,1492.300048828125,1492.300048828125,1460.699951171875,1492.300048828125,1492.300048828125,1
2019-02-20,1500.5,1500.5,1500.5,1500.5,1500.5,0
2019-02-21,1455.199951171875,1455.199951171875,1455.199951171875,1455.199951171875,1455.199951171875,9
2019-02-22,1472.300048828125,1472.300048828125,1472.300048828125,1472.300048828125,1472.300048828125,0
2019-02-25,1506.5999755859375,1506.5999755859375,1506.5999755859375,1506.5999755859375,1506.5999755859375,0
2019-02-26,1533.5999755859375,1533.5999755859375,1533.5999755859375,1533.5999755859375,1533.5999755859375,4002
2019-02-27,1528.199951171875,1537.4000244140625,1496.0,1523.4000244140625,1523.4000244140625,2006
2019-02-28,1506.300048828125,1553.0,1503.5,1532.0,1532.0,60
2019-03-01,1543.0,1550.0,1528.5,1536.5999755859375,1536.5999755859375,20
2019-03-04,1532.5,1535.800048828125,1515.5999755859375,1515.5999755859375,1515.5999755859375,7
2019-03-05,1505.0,1511.0999755859375,1496.4000244140625,1496.4000244140625,1496.4000244140625,15
2019-03-06,1512.199951171875,1519.800048828125,1501.5999755859375,1516.9000244140625,1516.9000244140625,7
2019-03-07,1509.9000244140625,1512.4000244140625,1505.4000244140625,1512.4000244140625,1512.4000244140625,8
2019-03-08,1502.4000244140625,1502.4000244140625,1489.0,1489.0,1489.0,6
2019-03-11,1500.0999755859375,1510.0,1500.0999755859375,1503.699951171875,1503.699951171875,10
2019-03-12,1519.9000244140625,1519.9000244140625,1519.9000244140625,1519.9000244140625,1519.9000244140625,0
2019-03-13,1535.699951171875,1535.699951171875,1525.0999755859375,1535.699951171875,1535.699951171875,8
2019-03-14,1530.0999755859375,1531.699951171875,1530.0999755859375,1531.699951171875,1531.699951171875,5
2019-03-15,1535.0,1535.5999755859375,1535.0,1535.5999755859375,1535.5999755859375,2
2019-03-18,1556.800048828125,1556.800048828125,1556.800048828125,1556.800048828125,1556.800048828125,1
2019-03-19,1575.5999755859375,1575.699951171875,1569.699951171875,1569.699951171875,1569.699951171875,4
2019-03-20,1583.5,1589.0999755859375,1580.800048828125,1580.800048828125,1580.800048828125,4
2019-03-21,1599.0,1599.0,1578.300048828125,1578.300048828125,1578.300048828125,3
2019-03-22,1599.0999755859375,1599.0999755859375,1535.9000244140625,1535.9000244140625,1535.9000244140625,6
2019-03-25,1563.800048828125,1563.800048828125,1563.800048828125,1563.800048828125,1563.800048828125,0
2019-03-26,1536.300048828125,1536.300048828125,1536.300048828125,1536.300048828125,1536.300048828125,0
2019-03-27,1523.0999755859375,1523.0999755859375,1441.9000244140625,1441.9000244140625,1441.9000244140625,0
2019-03-28,1312.9000244140625,1312.9000244140625,1312.9000244140625,1312.9000244140625,1312.9000244140625,0
2019-03-29,1345.0,1345.0,1345.0,1345.0,1345.0,0
2019-04-01,1395.0,1395.0,1395.0,1395.0,1395.0,0
2019-04-02,1403.5,1403.5,1403.5,1403.5,1403.5,0
2019-04-03,1381.300048828125,1381.300048828125,1381.300048828125,1381.300048828125,1381.300048828125,0
2019-04-04,1335.5,1335.5,1335.5,1335.5,1335.5,0
2019-04-05,1349.0999755859375,1349.0999755859375,1349.0999755859375,1349.0999755859375,1349.0999755859375,0
2019-04-08,1356.300048828125,1356.300048828125,1356.300048828125,1356.300048828125,1356.300048828125,0
2019-04-09,1365.800048828125,1365.800048828125,1365.800048828125,1365.800048828125,1365.800048828125,0
2019-04-10,1366.4000244140625,1366.4000244140625,1366.4000244140625,1366.4000244140625,1366.4000244140625,0
2019-04-11,1335.800048828125,1335.800048828125,1335.800048828125,1335.800048828125,1335.800048828125,0
2019-04-12,1345.199951171875,1355.199951171875,1345.199951171875,1355.199951171875,1355.199951171875,0
2019-04-15,1339.699951171875,1339.699951171875,1339.699951171875,1339.699951171875,1339.699951171875,0
2019-04-16,1333.4000244140625,1333.4000244140625,1333.4000244140625,1333.4000244140625,1333.4000244140625,0
2019-04-17,1383.5999755859375,1383.5999755859375,1383.5999755859375,1383.5999755859375,1383.5999755859375,0
2019-04-18,1403.5,1403.5,1403.5,1403.5,1403.5,0
2019-04-22,1374.800048828125,1374.800048828125,1374.800048828125,1374.800048828125,1374.800048828125,0
2019-04-23,1380.5999755859375,1380.5999755859375,1380.5999755859375,1380.5999755859375,1380.5999755859375,0
2019-04-24,1410.0999755859375,1410.0999755859375,1410.0999755859375,1410.0999755859375,1410.0999755859375,0
2019-04-25,1411.9000244140625,1411.9000244140625,1411.9000244140625,1411.9000244140625,1411.9000244140625,0
2019-04-26,1452.199951171875,1452.199951171875,1452.199951171875,1452.199951171875,1452.199951171875,0
2019-04-29,1366.699951171875,1366.699951171875,1366.699951171875,1366.699951171875,1366.699951171875,0
2019-04-30,1387.4000244140625,1387.4000244140625,1387.4000244140625,1387.4000244140625,1387.4000244140625,0
2019-05-01,1349.0999755859375,1349.0999755859375,1349.0999755859375,1349.0999755859375,1349.0999755859375,0
2019-05-02,1347.9000244140625,1347.9000244140625,1347.9000244140625,1347.9000244140625,1347.9000244140625,0
2019-05-03,1362.699951171875,1362.699951171875,1362.699951171875,1362.699951171875,1362.699951171875,0
2019-05-06,1332.800048828125,1332.800048828125,1332.800048828125,1332.800048828125,1332.800048828125,0
2019-05-07,1328.0999755859375,1328.0999755859375,1328.0999755859375,1328.0999755859375,1328.0999755859375,0
2019-05-08,1311.0999755859375,1311.0999755859375,1311.0999755859375,1311.0999755859375,1311.0999755859375,0
2019-05-09,1287.699951171875,1287.699951171875,1287.699951171875,1287.699951171875,1287.699951171875,0
2019-05-10,1355.4000244140625,1355.4000244140625,1355.4000244140625,1355.4000244140625,1355.4000244140625,0
2019-05-13,1321.5,1321.5,1321.5,1321.5,1321.5,0
2019-05-14,1337.699951171875,1337.699951171875,1337.699951171875,1337.699951171875,1337.699951171875,0
2019-05-15,1337.5999755859375,1337.5999755859375,1337.5999755859375,1337.5999755859375,1337.5999755859375,0
2019-05-16,1329.4000244140625,1329.4000244140625,1329.4000244140625,1329.4000244140625,1329.4000244140625,0
2019-05-17,1310.5,1310.5,1310.5,1310.5,1310.5,0
2019-05-20,1335.699951171875,1335.699951171875,1335.699951171875,1335.699951171875,1335.699951171875,0
2019-05-21,1317.199951171875,1317.199951171875,1317.199951171875,1317.199951171875,1317.199951171875,0
2019-05-22,1318.199951171875,1318.199951171875,1318.199951171875,1318.199951171875,1318.199951171875,0
2019-05-23,1312.5,1312.5,1312.5,1312.5,1312.5,0
2019-05-24,1330.4000244140625,1330.4000244140625,1330.4000244140625,1330.4000244140625,1330.4000244140625,0
2019-05-28,1344.199951171875,1344.199951171875,1344.199951171875,1344.199951171875,1344.199951171875,0
2019-05-29,1353.300048828125,1353.300048828125,1353.300048828125,1353.300048828125,1353.300048828125,2751
2019-05-30,1345.699951171875,1378.9000244140625,1331.699951171875,1369.800048828125,1369.800048828125,1627
2019-05-31,1366.5999755859375,1367.5999755859375,1324.0,1333.9000244140625,1333.9000244140625,58
2019-06-03,1324.0,1336.0,1310.0999755859375,1313.699951171875,1313.699951171875,29
2019-06-04,1330.0,1341.300048828125,1330.0,1337.0999755859375,1337.0999755859375,12
2019-06-05,1338.0,1338.0,1322.5,1322.5,1322.5,3
2019-06-06,1325.9000244140625,1342.5999755859375,1325.9000244140625,1342.5999755859375,1342.5999755859375,4
2019-06-07,1349.5,1349.5,1349.5,1349.5,1349.5,0
2019-06-10,1350.0,1378.5999755859375,1350.0,1378.5999755859375,1378.5999755859375,14
2019-06-11,1381.5,1381.5,1381.5,1381.5,1381.5,6
2019-06-12,1384.9000244140625,1397.4000244140625,1377.0999755859375,1397.4000244140625,1397.4000244140625,12
2019-06-13,1399.4000244140625,1432.5999755859375,1399.4000244140625,1429.5999755859375,1429.5999755859375,9
2019-06-14,1430.800048828125,1452.699951171875,1430.0,1452.699951171875,1452.699951171875,12
2019-06-17,1446.5999755859375,1446.5999755859375,1446.5999755859375,1446.5999755859375,1446.5999755859375,0
2019-06-18,1464.4000244140625,1464.4000244140625,1464.4000244140625,1464.4000244140625,1464.4000244140625,7
2019-06-19,1484.0999755859375,1484.0999755859375,1484.0999755859375,1484.0999755859375,1484.0999755859375,1
2019-06-20,1501.300048828125,1501.300048828125,1472.0999755859375,1472.0999755859375,1472.0999755859375,2
2019-06-21,1491.300048828125,1491.300048828125,1491.300048828125,1491.300048828125,1491.300048828125,0
2019-06-24,1520.4000244140625,1520.4000244140625,1520.4000244140625,1520.4000244140625,1520.4000244140625,14
2019-06-25,1521.800048828125,1521.800048828125,1521.800048828125,1521.800048828125,1521.800048828125,15
2019-06-26,1518.0,1518.0,1518.0,1518.0,1518.0,10
2019-06-27,1532.199951171875,1532.199951171875,1532.199951171875,1532.199951171875,1532.199951171875,10
2019-06-28,1532.4000244140625,1532.4000244140625,1532.4000244140625,1532.4000244140625,1532.4000244140625,0
2019-07-01,1539.0999755859375,1539.0999755859375,1539.0999755859375,1539.0999755859375,1539.0999755859375,0
2019-07-02,1547.199951171875,1547.199951171875,1547.199951171875,1547.199951171875,1547.199951171875,0
2019-07-03,1559.800048828125,1559.800048828125,1559.800048828125,1559.800048828125,1559.800048828125,0
2019-07-05,1558.5999755859375,1558.5999755859375,1558.5999755859375,1558.5999755859375,1558.5999755859375,0
2019-07-08,1552.5,1552.5,1552.5,1552.5,1552.5,0
2019-07-09,1534.5999755859375,1534.5999755859375,1534.5999755859375,1534.5999755859375,1534.5999755859375,0
2019-07-10,1584.5999755859375,1584.5999755859375,1584.5999755859375,1584.5999755859375,1584.5999755859375,0
2019-07-11,1555.5999755859375,1555.5999755859375,1555.5999755859375,1555.5999755859375,1555.5999755859375,0
2019-07-12,1538.9000244140625,1538.9000244140625,1538.9000244140625,1538.9000244140625,1538.9000244140625,0
2019-07-15,1559.4000244140625,1559.4000244140625,1559.4000244140625,1559.4000244140625,1559.4000244140625,0
2019-07-16,1512.800048828125,1512.800048828125,1512.800048828125,1512.800048828125,1512.800048828125,0
2019-07-17,1539.699951171875,1539.699951171875,1539.699951171875,1539.699951171875,1539.699951171875,0
2019-07-18,1508.4000244140625,1508.4000244140625,1508.4000244140625,1508.4000244140625,1508.4000244140625,0
2019-07-19,1504.800048828125,1504.800048828125,1504.800048828125,1504.800048828125,1504.800048828125,0
2019-07-22,1525.699951171875,1525.699951171875,1525.699951171875,1525.699951171875,1525.699951171875,0
2019-07-23,1515.0999755859375,1515.0999755859375,1515.0999755859375,1515.0999755859375,1515.0999755859375,0
2019-07-24,1535.0,1535.0,1535.0,1535.0,1535.0,0
2019-07-25,1530.4000244140625,1530.4000244140625,1530.4000244140625,1530.4000244140625,1530.4000244140625,0
2019-07-26,1527.5,1527.5,1527.5,1527.5,1527.5,0
2019-07-29,1550.300048828125,1550.300048828125,1550.300048828125,1550.300048828125,1550.300048828125,0
2019-07-30,1503.9000244140625,1503.9000244140625,1503.9000244140625,1503.9000244140625,1503.9000244140625,0
2019-07-31,1519.199951171875,1519.199951171875,1519.199951171875,1519.199951171875,1519.199951171875,0
2019-08-01,1409.0999755859375,1409.0999755859375,1409.0999755859375,1409.0999755859375,1409.0999755859375,0
2019-08-02,1399.0,1399.0,1399.0,1399.0,1399.0,0
2019-08-05,1411.0999755859375,1411.0999755859375,1411.0999755859375,1411.0999755859375,1411.0999755859375,0
2019-08-06,1431.800048828125,1431.800048828125,1431.800048828125,1431.800048828125,1431.800048828125,0
2019-08-07,1405.0999755859375,1405.0999755859375,1405.0999755859375,1405.0999755859375,1405.0999755859375,0
2019-08-08,1408.300048828125,1408.300048828125,1408.300048828125,1408.300048828125,1408.300048828125,0
2019-08-09,1414.0999755859375,1414.0999755859375,1414.0999755859375,1414.0999755859375,1414.0999755859375,0
2019-08-12,1428.9000244140625,1428.9000244140625,1428.9000244140625,1428.9000244140625,1428.9000244140625,0
2019-08-13,1450.5999755859375,1450.5999755859375,1450.5999755859375,1450.5999755859375,1450.5999755859375,0
2019-08-14,1416.0,1416.0,1416.0,1416.0,1416.0,1
2019-08-15,1439.0,1439.0,1437.0999755859375,1439.0,1439.0,1
2019-08-16,1439.300048828125,1443.9000244140625,1439.300048828125,1439.300048828125,1439.300048828125,10
2019-08-19,1473.300048828125,1473.300048828125,1473.300048828125,1473.300048828125,1473.300048828125,0
2019-08-20,1480.5,1487.800048828125,1480.5,1487.800048828125,1487.800048828125,1
2019-08-21,1464.199951171875,1464.199951171875,1464.199951171875,1464.199951171875,1464.199951171875,0
2019-08-22,1484.0,1484.0,1480.0,1484.0,1484.0,1
2019-08-23,1453.300048828125,1453.300048828125,1453.300048828125,1453.300048828125,1453.300048828125,0
2019-08-26,1471.300048828125,1471.300048828125,1471.300048828125,1471.300048828125,1471.300048828125,0
2019-08-27,1477.300048828125,1477.300048828125,1477.300048828125,1477.300048828125,1477.300048828125,0
2019-08-28,1459.800048828125,1459.800048828125,1459.800048828125,1459.800048828125,1459.800048828125,2897
2019-08-29,1465.0,1480.5999755859375,1463.0,1469.0999755859375,1469.0999755859375,989
2019-08-30,1470.199951171875,1539.0999755859375,1470.199951171875,1538.5999755859375,1538.5999755859375,320
2019-09-03,1520.5,1535.0,1520.5,1533.199951171875,1533.199951171875,24
2019-09-04,1551.0999755859375,1551.0999755859375,1550.300048828125,1550.300048828125,1550.300048828125,7
2019-09-05,1549.0,1560.199951171875,1541.199951171875,1560.199951171875,1560.199951171875,27
2019-09-06,1544.0999755859375,1544.0999755859375,1535.0,1544.0999755859375,1544.0999755859375,1
2019-09-09,1535.9000244140625,1539.9000244140625,1535.0,1535.9000244140625,1535.9000244140625,2
2019-09-10,1552.4000244140625,1553.9000244140625,1552.4000244140625,1553.0,1553.0,3
2019-09-11,1573.0,1573.0,1556.5999755859375,1556.5999755859375,1556.5999755859375,9
2019-09-12,1604.5999755859375,1604.5999755859375,1604.5999755859375,1604.5999755859375,1604.5999755859375,0
2019-09-13,1600.5,1600.5,1600.5,1600.5,1600.5,0
2019-09-16,1591.5,1591.5,1591.5,1591.5,1591.5,0
2019-09-17,1595.4000244140625,1595.4000244140625,1595.4000244140625,1595.4000244140625,1595.4000244140625,0
2019-09-18,1579.300048828125,1579.300048828125,1579.300048828125,1579.300048828125,1579.300048828125,0
2019-09-19,1614.4000244140625,1614.4000244140625,1614.4000244140625,1614.4000244140625,1614.4000244140625,0
2019-09-20,1631.4000244140625,1639.699951171875,1626.800048828125,1626.800048828125,1626.800048828125,2
2019-09-23,1627.4000244140625,1627.4000244140625,1627.4000244140625,1627.4000244140625,1627.4000244140625,0
2019-09-24,1693.0,1693.0,1648.199951171875,1648.199951171875,1648.199951171875,3
2019-09-25,1625.0,1625.0,1613.5999755859375,1613.5999755859375,1613.5999755859375,1
2019-09-26,1644.699951171875,1644.699951171875,1644.699951171875,1644.699951171875,1644.699951171875,0
2019-09-27,1654.300048828125,1654.300048828125,1654.300048828125,1654.300048828125,1654.300048828125,0
2019-09-30,1648.9000244140625,1648.9000244140625,1648.9000244140625,1648.9000244140625,1648.9000244140625,0
2019-10-01,1632.0999755859375,1632.0999755859375,1632.0999755859375,1632.0999755859375,1632.0999755859375,0
2019-10-02,1666.9000244140625,1666.9000244140625,1666.9000244140625,1666.9000244140625,1666.9000244140625,0
2019-10-03,1631.5999755859375,1631.5999755859375,1631.5999755859375,1631.5999755859375,1631.5999755859375,0
2019-10-04,1643.800048828125,1643.800048828125,1643.800048828125,1643.800048828125,1643.800048828125,0
2019-10-07,1647.699951171875,1647.699951171875,1647.699951171875,1647.699951171875,1647.699951171875,0
2019-10-08,1652.0999755859375,1652.0999755859375,1652.0999755859375,1652.0999755859375,1652.0999755859375,0
2019-10-09,1656.0999755859375,1656.0999755859375,1656.0999755859375,1656.0999755859375,1656.0999755859375,0
2019-10-10,1677.300048828125,1677.300048828125,1677.300048828125,1677.300048828125,1677.300048828125,0
2019-10-11,1671.5,1671.5,1671.5,1671.5,1671.5,0
2019-10-14,1688.4000244140625,1688.4000244140625,1688.4000244140625,1688.4000244140625,1688.4000244140625,0
2019-10-15,1698.0,1698.0,1698.0,1698.0,1698.0,0
2019-10-16,1736.4000244140625,1736.4000244140625,1736.4000244140625,1736.4000244140625,1736.4000244140625,0
2019-10-17,1732.0999755859375,1732.0999755859375,1732.0999755859375,1732.0999755859375,1732.0999755859375,0
2019-10-18,1719.0,1719.0,1719.0,1719.0,1719.0,0
2019-10-21,1726.699951171875,1726.699951171875,1726.699951171875,1726.699951171875,1726.699951171875,0
2019-10-22,1729.9000244140625,1729.9000244140625,1729.9000244140625,1729.9000244140625,1729.9000244140625,0
2019-10-23,1716.0,1716.0,1716.0,1716.0,1716.0,0
2019-10-24,1749.300048828125,1749.300048828125,1749.300048828125,1749.300048828125,1749.300048828125,0
2019-10-25,1745.5999755859375,1745.5999755859375,1745.5999755859375,1745.5999755859375,1745.5999755859375,0
2019-10-28,1780.699951171875,1780.699951171875,1780.699951171875,1780.699951171875,1780.699951171875,0
2019-10-29,1756.5,1756.5,1756.5,1756.5,1756.5,0
2019-10-30,1794.5999755859375,1794.5999755859375,1794.5999755859375,1794.5999755859375,1794.5999755859375,0
2019-10-31,1758.0999755859375,1758.0999755859375,1758.0999755859375,1758.0999755859375,1758.0999755859375,0
2019-11-01,1786.800048828125,1786.800048828125,1786.800048828125,1786.800048828125,1786.800048828125,0
2019-11-04,1755.300048828125,1755.300048828125,1755.300048828125,1755.300048828125,1755.300048828125,0
2019-11-05,1749.199951171875,1749.199951171875,1749.199951171875,1749.199951171875,1749.199951171875,0
2019-11-06,1763.5999755859375,1763.5999755859375,1763.5999755859375,1763.5999755859375,1763.5999755859375,0
2019-11-07,1780.300048828125,1780.300048828125,1780.300048828125,1780.300048828125,1780.300048828125,0
2019-11-08,1711.0999755859375,1711.0999755859375,1711.0999755859375,1711.0999755859375,1711.0999755859375,0
2019-11-11,1658.5,1658.5,1658.5,1658.5,1658.5,0
2019-11-12,1672.5999755859375,1672.5999755859375,1672.5999755859375,1672.5999755859375,1672.5999755859375,0
2019-11-13,1677.5999755859375,1677.5999755859375,1677.5999755859375,1677.5999755859375,1677.5999755859375,0
2019-11-14,1704.5999755859375,1704.5999755859375,1704.5999755859375,1704.5999755859375,1704.5999755859375,0
2019-11-15,1685.0,1685.0,1685.0,1685.0,1685.0,0
2019-11-18,1706.9000244140625,1706.9000244140625,1706.9000244140625,1706.9000244140625,1706.9000244140625,0
2019-11-19,1739.9000244140625,1739.9000244140625,1739.9000244140625,1739.9000244140625,1739.9000244140625,0
2019-11-20,1744.300048828125,1744.300048828125,1744.300048828125,1744.300048828125,1744.300048828125,0
2019-11-21,1734.4000244140625,1734.4000244140625,1734.4000244140625,1734.4000244140625,1734.4000244140625,0
2019-11-22,1745.9000244140625,1745.9000244140625,1745.9000244140625,1745.9000244140625,1745.9000244140625,0
2019-11-25,1773.9000244140625,1773.9000244140625,1773.9000244140625,1773.9000244140625,1773.9000244140625,0
2019-11-26,1784.800048828125,1784.800048828125,1784.800048828125,1784.800048828125,1784.800048828125,4793
2019-11-27,1783.4000244140625,1816.9000244140625,1774.0,1811.4000244140625,1811.4000244140625,1264
2019-11-29,1813.5999755859375,1828.9000244140625,1808.5,1815.5999755859375,1815.5999755859375,113
2019-12-02,1831.0999755859375,1831.0999755859375,1830.199951171875,1830.199951171875,1830.199951171875,5
2019-12-03,1840.0,1840.0,1828.199951171875,1828.199951171875,1828.199951171875,45
2019-12-04,1850.5,1850.5,1848.9000244140625,1848.9000244140625,1848.9000244140625,2
2019-12-05,1839.4000244140625,1849.199951171875,1839.0999755859375,1849.199951171875,1849.199951171875,3
2019-12-06,1845.9000244140625,1845.9000244140625,1843.800048828125,1844.199951171875,1844.199951171875,6
2019-12-09,1861.0,1870.0,1854.199951171875,1858.800048828125,1858.800048828125,9
2019-12-10,1871.300048828125,1871.300048828125,1871.300048828125,1871.300048828125,1871.300048828125,0
2019-12-11,1887.300048828125,1887.300048828125,1887.300048828125,1887.300048828125,1887.300048828125,0
2019-12-12,1915.0,1915.0,1914.0999755859375,1914.0999755859375,1914.0999755859375,2
2019-12-13,1890.4000244140625,1890.4000244140625,1890.4000244140625,1890.4000244140625,1890.4000244140625,1
2019-12-16,1933.0,1963.5,1933.0,1963.5,1963.5,7
2019-12-17,1963.0,1963.0,1918.5,1918.5,1918.5,20
2019-12-18,1896.0999755859375,1896.0999755859375,1896.0999755859375,1896.0999755859375,1896.0999755859375,0
2019-12-19,1900.9000244140625,1900.9000244140625,1900.9000244140625,1900.9000244140625,1900.9000244140625,0
2019-12-20,1808.800048828125,1808.800048828125,1808.800048828125,1808.800048828125,1808.800048828125,0
2019-12-23,1848.9000244140625,1848.9000244140625,1848.9000244140625,1848.9000244140625,1848.9000244140625,0
2019-12-24,1851.699951171875,1851.699951171875,1851.699951171875,1851.699951171875,1851.699951171875,0
2019-12-26,1868.5,1868.5,1868.5,1868.5,1868.5,0
2019-12-27,1881.0999755859375,1881.0999755859375,1881.0999755859375,1881.0999755859375,1881.0999755859375,0
2019-12-30,1880.300048828125,1880.300048828125,1880.300048828125,1880.300048828125,1880.300048828125,0
2019-12-31,1909.0999755859375,1909.0999755859375,1909.0999755859375,1909.0999755859375,1909.0999755859375,0
2020-01-02,1927.800048828125,1927.800048828125,1927.800048828125,1927.800048828125,1927.800048828125,0
2020-01-03,1955.5,1955.5,1955.5,1955.5,1955.5,0
2020-01-06,1989.4000244140625,1989.4000244140625,1989.4000244140625,1989.4000244140625,1989.4000244140625,0
2020-01-07,2014.0999755859375,2014.0999755859375,2014.0999755859375,2014.0999755859375,2014.0999755859375,0
2020-01-08,2061.199951171875,2061.199951171875,2061.199951171875,2061.199951171875,2061.199951171875,0
2020-01-09,2060.199951171875,2060.199951171875,2060.199951171875,2060.199951171875,2060.199951171875,0
2020-01-10,2072.699951171875,2072.699951171875,2072.699951171875,2072.699951171875,2072.699951171875,0
2020-01-13,2078.89990234375,2078.89990234375,2078.89990234375,2078.89990234375,2078.89990234375,0
2020-01-14,2123.300048828125,2123.300048828125,2123.300048828125,2123.300048828125,2123.300048828125,0
2020-01-15,2176.10009765625,2176.10009765625,2176.10009765625,2176.10009765625,2176.10009765625,0
2020-01-16,2188.800048828125,2188.800048828125,2188.800048828125,2188.800048828125,2188.800048828125,0
2020-01-17,2237.89990234375,2237.89990234375,2237.89990234375,2237.89990234375,2237.89990234375,0
2020-01-21,2245.699951171875,2245.699951171875,2245.699951171875,2245.699951171875,2245.699951171875,0
2020-01-22,2348.60009765625,2348.60009765625,2348.60009765625,2348.60009765625,2348.60009765625,0
2020-01-23,2342.0,2342.0,2342.0,2342.0,2342.0,0
2020-01-24,2329.300048828125,2329.300048828125,2329.300048828125,2329.300048828125,2329.300048828125,0
2020-01-27,2208.60009765625,2208.60009765625,2208.60009765625,2208.60009765625,2208.60009765625,0
2020-01-28,2230.10009765625,2230.10009765625,2230.10009765625,2230.10009765625,2230.10009765625,0
2020-01-29,2247.199951171875,2247.199951171875,2247.199951171875,2247.199951171875,2247.199951171875,0
2020-01-30,2237.60009765625,2237.60009765625,2237.60009765625,2237.60009765625,2237.60009765625,0
2020-01-31,2246.60009765625,2246.60009765625,2246.60009765625,2246.60009765625,2246.60009765625,0
2020-02-03,2255.39990234375,2255.39990234375,2255.39990234375,2255.39990234375,2255.39990234375,0
2020-02-04,2357.5,2357.5,2357.5,2357.5,2357.5,0
2020-02-05,2348.60009765625,2348.60009765625,2348.60009765625,2348.60009765625,2348.60009765625,0
2020-02-06,2259.10009765625,2259.10009765625,2259.10009765625,2259.10009765625,2259.10009765625,0
2020-02-07,2232.10009765625,2232.10009765625,2232.10009765625,2232.10009765625,2232.10009765625,0
2020-02-10,2271.699951171875,2271.699951171875,2271.699951171875,2271.699951171875,2271.699951171875,0
2020-02-11,2287.60009765625,2287.60009765625,2287.60009765625,2287.60009765625,2287.60009765625,0
2020-02-12,2344.39990234375,2344.39990234375,2344.39990234375,2344.39990234375,2344.39990234375,0
2020-02-13,2372.89990234375,2372.89990234375,2372.89990234375,2372.89990234375,2372.89990234375,0
2020-02-14,2338.60009765625,2338.60009765625,2338.60009765625,2338.60009765625,2338.60009765625,0
2020-02-18,2519.5,2519.5,2519.5,2519.5,2519.5,0
2020-02-19,2593.10009765625,2593.10009765625,2593.10009765625,2593.10009765625,2593.10009765625,0
2020-02-20,2595.800048828125,2595.800048828125,2595.800048828125,2595.800048828125,2595.800048828125,0
2020-02-21,2627.300048828125,2627.300048828125,2627.300048828125,2627.300048828125,2627.300048828125,0
2020-02-24,2543.199951171875,2543.199951171875,2543.199951171875,2543.199951171875,2543.199951171875,0
2020-02-25,2669.699951171875,2669.699951171875,2669.699951171875,2669.699951171875,2669.699951171875,0
2020-02-26,2714.699951171875,2714.699951171875,2714.699951171875,2714.699951171875,2714.699951171875,2262
2020-02-27,2713.199951171875,2815.5,2675.0,2744.699951171875,2744.699951171875,534
2020-02-28,2797.10009765625,2797.10009765625,2448.39990234375,2508.800048828125,2508.800048828125,88
2020-03-02,2535.0,2535.0,2445.39990234375,2445.39990234375,2445.39990234375,9
2020-03-03,2439.0,2440.0,2405.199951171875,2405.199951171875,2405.199951171875,4
2020-03-04,2400.39990234375,2426.199951171875,2399.800048828125,2402.699951171875,2402.699951171875,16
2020-03-05,2420.0,2487.10009765625,2420.0,2487.10009765625,2487.10009765625,1
2020-03-06,2551.10009765625,2571.10009765625,2456.89990234375,2456.89990234375,2456.89990234375,4
2020-03-09,2420.0,2423.39990234375,2390.0,2423.39990234375,2423.39990234375,2
2020-03-10,2380.0,2380.0,2335.10009765625,2347.5,2347.5,1
2020-03-11,2350.0,2350.0,2259.39990234375,2259.39990234375,2259.39990234375,2
2020-03-12,2220.0,2220.0,1625.0,1945.0,1945.0,10
2020-03-13,1539.199951171875,1539.199951171875,1539.199951171875,1539.199951171875,1539.199951171875,0
2020-03-16,1544.199951171875,1544.199951171875,1544.199951171875,1544.199951171875,1544.199951171875,0
2020-03-17,1539.699951171875,1539.699951171875,1539.699951171875,1539.699951171875,1539.699951171875,0
2020-03-18,1449.9000244140625,1449.9000244140625,1449.9000244140625,1449.9000244140625,1449.9000244140625,0
2020-03-19,1559.5,1559.5,1559.5,1559.5,1559.5,0
2020-03-20,1570.300048828125,1570.300048828125,1570.300048828125,1570.300048828125,1570.300048828125,0
2020-03-23,1587.0,1587.0,1587.0,1587.0,1587.0,0
2020-03-24,1817.0,1817.0,1817.0,1817.0,1817.0,0
2020-03-25,2277.699951171875,2277.699951171875,2277.699951171875,2277.699951171875,2277.699951171875,0
2020-03-26,2256.199951171875,2256.199951171875,2256.199951171875,2256.199951171875,2256.199951171875,0
2020-03-27,2226.89990234375,2226.89990234375,2226.800048828125,2226.800048828125,2226.800048828125,0
2020-03-30,2226.10009765625,2226.10009765625,2226.10009765625,2226.10009765625,2226.10009765625,0
2020-03-31,2333.300048828125,2333.300048828125,2333.300048828125,2333.300048828125,2333.300048828125,0
2020-04-01,2169.300048828125,2169.300048828125,2169.300048828125,2169.300048828125,2169.300048828125,0
2020-04-02,2150.199951171875,2150.199951171875,2150.199951171875,2150.199951171875,2150.199951171875,0
2020-04-03,2134.5,2134.5,2134.5,2134.5,2134.5,0
2020-04-06,2105.300048828125,2105.300048828125,2105.300048828125,2105.300048828125,2105.300048828125,0
2020-04-07,2122.800048828125,2122.800048828125,2122.800048828125,2122.800048828125,2122.800048828125,0
2020-04-08,2123.699951171875,2123.699951171875,2123.699951171875,2123.699951171875,2123.699951171875,0
2020-04-09,2138.5,2138.5,2138.5,2138.5,2138.5,0
2020-04-13,2199.199951171875,2199.199951171875,2199.199951171875,2199.199951171875,2199.199951171875,0
2020-04-14,2213.89990234375,2213.89990234375,2213.89990234375,2213.89990234375,2213.89990234375,0
2020-04-15,2182.10009765625,2182.10009765625,2182.10009765625,2182.10009765625,2182.10009765625,0
2020-04-16,2149.199951171875,2149.199951171875,2149.199951171875,2149.199951171875,2149.199951171875,0
2020-04-17,2159.39990234375,2159.39990234375,2159.39990234375,2159.39990234375,2159.39990234375,0
2020-04-20,2156.0,2156.0,2156.0,2156.0,2156.0,0
2020-04-21,1936.0999755859375,1936.0999755859375,1936.0999755859375,1936.0999755859375,1936.0999755859375,0
2020-04-22,1920.699951171875,1920.699951171875,1920.699951171875,1920.699951171875,1920.699951171875,0
2020-04-23,2029.5,2029.5,2029.5,2029.5,2029.5,25
2020-04-24,2013.800048828125,2013.800048828125,2013.800048828125,2013.800048828125,2013.800048828125,0
2020-04-27,1903.0999755859375,1903.0999755859375,1903.0999755859375,1903.0999755859375,1903.0999755859375,0
2020-04-28,1887.0,1887.0,1887.0,1887.0,1887.0,0
2020-04-29,1913.5,1913.5,1913.5,1913.5,1913.5,0
2020-04-30,1952.0999755859375,1952.0999755859375,1952.0999755859375,1952.0999755859375,1952.0999755859375,0
2020-05-01,1883.5,1883.5,1883.5,1883.5,1883.5,0
2020-05-04,1831.0,1831.0,1831.0,1831.0,1831.0,0
2020-05-05,1752.199951171875,1752.199951171875,1752.199951171875,1752.199951171875,1752.199951171875,0
2020-05-06,1753.5999755859375,1753.5999755859375,1753.5999755859375,1753.5999755859375,1753.5999755859375,0
2020-05-07,1830.4000244140625,1830.4000244140625,1830.4000244140625,1830.4000244140625,1830.4000244140625,0
2020-05-08,1815.800048828125,1815.800048828125,1815.800048828125,1815.800048828125,1815.800048828125,0
2020-05-11,1822.800048828125,1822.800048828125,1822.800048828125,1822.800048828125,1822.800048828125,0
2020-05-12,1830.0999755859375,1830.0999755859375,1830.0999755859375,1830.0999755859375,1830.0999755859375,0
2020-05-13,1785.4000244140625,1785.4000244140625,1785.4000244140625,1785.4000244140625,1785.4000244140625,0
2020-05-14,1792.9000244140625,1792.9000244140625,1792.9000244140625,1792.9000244140625,1792.9000244140625,0
2020-05-15,1852.5999755859375,1852.5999755859375,1852.5999755859375,1852.5999755859375,1852.5999755859375,0
2020-05-18,2021.800048828125,2021.800048828125,2021.800048828125,2021.800048828125,2021.800048828125,24
2020-05-19,2069.39990234375,2069.39990234375,2069.39990234375,2069.39990234375,2069.39990234375,0
2020-05-20,2154.10009765625,2154.10009765625,2154.10009765625,2154.10009765625,2154.10009765625,0
2020-05-21,2057.0,2057.0,2057.0,2057.0,2057.0,0
2020-05-22,1971.800048828125,1971.800048828125,1971.800048828125,1971.800048828125,1971.800048828125,0
2020-05-26,1983.800048828125,1983.800048828125,1983.800048828125,1983.800048828125,1983.800048828125,0
2020-05-27,1971.300048828125,1971.300048828125,1971.300048828125,1971.300048828125,1971.300048828125,900
2020-05-28,1974.9000244140625,1988.0,1860.0,1901.5999755859375,1901.5999755859375,270
2020-05-29,1893.0999755859375,1934.5,1893.0999755859375,1934.5,1934.5,6
2020-06-01,1941.300048828125,1963.4000244140625,1941.300048828125,1963.4000244140625,1963.4000244140625,2
2020-06-02,1954.0,1954.0,1954.0,1954.0,1954.0,9
2020-06-03,1948.5999755859375,1948.5999755859375,1933.4000244140625,1933.4000244140625,1933.4000244140625,26
2020-06-04,1943.800048828125,1943.800048828125,1830.0,1902.5,1902.5,5
2020-06-05,1932.800048828125,1932.800048828125,1929.9000244140625,1929.9000244140625,1929.9000244140625,2
2020-06-08,1944.0999755859375,2019.199951171875,1944.0999755859375,2019.199951171875,2019.199951171875,3
2020-06-09,1924.9000244140625,1948.199951171875,1924.9000244140625,1948.199951171875,1948.199951171875,2
2020-06-10,1945.9000244140625,1994.9000244140625,1911.9000244140625,1911.9000244140625,1911.9000244140625,22
2020-06-11,1926.300048828125,1926.300048828125,1889.9000244140625,1889.9000244140625,1889.9000244140625,4
2020-06-12,1918.300048828125,1918.300048828125,1918.300048828125,1918.300048828125,1918.300048828125,0
2020-06-15,1879.0,1912.9000244140625,1879.0,1912.9000244140625,1912.9000244140625,3
2020-06-16,1922.5,1922.5,1922.5,1922.5,1922.5,0
2020-06-17,1905.300048828125,1905.300048828125,1905.300048828125,1905.300048828125,1905.300048828125,0
2020-06-18,1888.4000244140625,1888.4000244140625,1888.4000244140625,1888.4000244140625,1888.4000244140625,0
2020-06-19,1896.9000244140625,1897.800048828125,1888.199951171875,1888.199951171875,1888.199951171875,4
2020-06-22,1921.9000244140625,1921.9000244140625,1921.9000244140625,1921.9000244140625,1921.9000244140625,1
2020-06-23,1930.9000244140625,1930.9000244140625,1930.9000244140625,1930.9000244140625,1930.9000244140625,0
2020-06-24,1868.300048828125,1868.300048828125,1868.300048828125,1868.300048828125,1868.300048828125,2
2020-06-25,1839.5999755859375,1839.5999755859375,1824.9000244140625,1824.9000244140625,1824.9000244140625,2
2020-06-26,1874.199951171875,1874.199951171875,1874.199951171875,1874.199951171875,1874.199951171875,0
2020-06-29,1911.5999755859375,1911.5999755859375,1911.5999755859375,1911.5999755859375,1911.5999755859375,0
2020-06-30,1945.4000244140625,1945.4000244140625,1945.4000244140625,1945.4000244140625,1945.4000244140625,0
2020-07-01,1909.199951171875,1909.199951171875,1909.199951171875,1909.199951171875,1909.199951171875,0
2020-07-02,1906.0999755859375,1906.0999755859375,1906.0999755859375,1906.0999755859375,1906.0999755859375,0
2020-07-06,1930.800048828125,1930.800048828125,1930.800048828125,1930.800048828125,1930.800048828125,0
2020-07-07,1930.0999755859375,1930.0999755859375,1930.0999755859375,1930.0999755859375,1930.0999755859375,0
2020-07-08,1916.800048828125,1916.800048828125,1916.800048828125,1916.800048828125,1916.800048828125,0
2020-07-09,1941.699951171875,1941.699951171875,1941.699951171875,1941.699951171875,1941.699951171875,0
2020-07-10,1972.9000244140625,1972.9000244140625,1972.9000244140625,1972.9000244140625,1972.9000244140625,14
2020-07-13,2036.699951171875,2082.10009765625,2019.4000244140625,2019.4000244140625,2019.4000244140625,14
2020-07-14,1964.0999755859375,1964.0999755859375,1964.0999755859375,1964.0999755859375,1964.0999755859375,0
2020-07-15,1988.5,1988.5,1988.5,1988.5,1988.5,0
2020-07-16,2003.5999755859375,2003.5999755859375,2003.5999755859375,2003.5999755859375,2003.5999755859375,0
2020-07-17,2050.199951171875,2050.199951171875,2050.199951171875,2050.199951171875,2050.199951171875,0
2020-07-20,2087.89990234375,2087.89990234375,2087.89990234375,2087.89990234375,2087.89990234375,0
2020-07-21,2166.699951171875,2166.699951171875,2166.699951171875,2166.699951171875,2166.699951171875,0
2020-07-22,2207.5,2207.5,2207.5,2207.5,2207.5,0
2020-07-23,2218.300048828125,2218.300048828125,2218.300048828125,2218.300048828125,2218.300048828125,0
2020-07-24,2272.60009765625,2272.60009765625,2272.60009765625,2272.60009765625,2272.60009765625,0
2020-07-27,2348.199951171875,2348.199951171875,2348.199951171875,2348.199951171875,2348.199951171875,0
2020-07-28,2344.0,2344.0,2344.0,2344.0,2344.0,0
2020-07-29,2239.699951171875,2239.699951171875,2239.699951171875,2239.699951171875,2239.699951171875,0
2020-07-30,2114.89990234375,2114.89990234375,2114.89990234375,2114.89990234375,2114.89990234375,0
2020-07-31,2135.300048828125,2135.300048828125,2135.300048828125,2135.300048828125,2135.300048828125,0
2020-08-03,2129.699951171875,2129.699951171875,2129.699951171875,2129.699951171875,2129.699951171875,0
2020-08-04,2161.0,2161.0,2161.0,2161.0,2161.0,0
2020-08-05,2207.60009765625,2207.60009765625,2207.60009765625,2207.60009765625,2207.60009765625,0
2020-08-06,2251.800048828125,2251.800048828125,2251.800048828125,2251.800048828125,2251.800048828125,0
2020-08-07,2172.60009765625,2172.60009765625,2172.60009765625,2172.60009765625,2172.60009765625,0
2020-08-10,2265.199951171875,2265.199951171875,2265.199951171875,2265.199951171875,2265.199951171875,0
2020-08-11,2171.60009765625,2171.60009765625,2171.60009765625,2171.60009765625,2171.60009765625,0
2020-08-12,2164.800048828125,2164.800048828125,2164.800048828125,2164.800048828125,2164.800048828125,0
2020-08-13,2213.39990234375,2213.39990234375,2213.39990234375,2213.39990234375,2213.39990234375,0
2020-08-14,2140.39990234375,2140.39990234375,2140.39990234375,2140.39990234375,2140.39990234375,0
2020-08-17,2230.39990234375,2230.39990234375,2230.39990234375,2230.39990234375,2230.39990234375,0
2020-08-18,2225.199951171875,2225.199951171875,2225.199951171875,2225.199951171875,2225.199951171875,1
2020-08-19,2176.0,2176.0,2162.0,2176.0,2176.0,1
2020-08-20,2183.800048828125,2183.800048828125,2183.800048828125,2183.800048828125,2183.800048828125,1
2020-08-21,2177.199951171875,2177.199951171875,2177.199951171875,2177.199951171875,2177.199951171875,1
2020-08-24,2162.60009765625,2162.60009765625,2162.60009765625,2162.60009765625,2162.60009765625,1
2020-08-25,2169.300048828125,2169.300048828125,2169.300048828125,2169.300048828125,2169.300048828125,1
2020-08-26,2188.199951171875,2188.199951171875,2188.199951171875,2188.199951171875,2188.199951171875,1620
2020-08-27,2189.10009765625,2225.800048828125,2142.5,2159.199951171875,2159.199951171875,1111
2020-08-28,2164.0,2201.0,2149.10009765625,2197.800048828125,2197.800048828125,268
2020-08-31,2207.699951171875,2268.0,2204.39990234375,2245.39990234375,2245.39990234375,18
2020-09-01,2277.199951171875,2277.199951171875,2277.199951171875,2277.199951171875,2277.199951171875,0
2020-09-02,2242.89990234375,2242.89990234375,2242.89990234375,2242.89990234375,2242.89990234375,8
2020-09-03,2297.0,2297.0,2297.0,2297.0,2297.0,0
2020-09-04,2285.0,2318.60009765625,2285.0,2318.60009765625,2318.60009765625,2
2020-09-08,2300.0,2304.5,2281.10009765625,2281.199951171875,2281.199951171875,11
2020-09-09,2294.0,2294.0,2294.0,2294.0,2294.0,0
2020-09-10,2307.39990234375,2307.39990234375,2307.39990234375,2307.39990234375,2307.39990234375,0
2020-09-11,2313.10009765625,2313.10009765625,2313.10009765625,2313.10009765625,2313.10009765625,0
2020-09-14,2306.699951171875,2306.699951171875,2306.699951171875,2306.699951171875,2306.699951171875,1
2020-09-15,2396.300048828125,2396.300048828125,2396.300048828125,2396.300048828125,2396.300048828125,0
2020-09-16,2399.89990234375,2399.89990234375,2390.0,2399.89990234375,2399.89990234375,1
2020-09-17,2361.5,2361.5,2317.60009765625,2317.60009765625,2317.60009765625,1
2020-09-18,2364.0,2364.0,2364.0,2364.0,2364.0,0
2020-09-21,2266.10009765625,2266.10009765625,2266.10009765625,2266.10009765625,2266.10009765625,1
2020-09-22,2216.0,2216.0,2216.0,2216.0,2216.0,0
2020-09-23,2244.699951171875,2244.699951171875,2244.699951171875,2244.699951171875,2244.699951171875,1
2020-09-24,2210.60009765625,2213.0,2210.60009765625,2213.0,2213.0,1
2020-09-25,2207.699951171875,2207.699951171875,2207.699951171875,2207.699951171875,2207.699951171875,1
2020-09-28,2258.5,2258.5,2258.5,2258.5,2258.5,0
2020-09-29,2320.10009765625,2320.10009765625,2320.10009765625,2320.10009765625,2320.10009765625,0
2020-09-30,2321.300048828125,2321.300048828125,2321.300048828125,2321.300048828125,2321.300048828125,0
2020-10-01,2319.0,2319.0,2319.0,2319.0,2319.0,0
2020-10-02,2315.800048828125,2315.800048828125,2315.800048828125,2315.800048828125,2315.800048828125,0
2020-10-05,2369.199951171875,2369.199951171875,2369.199951171875,2369.199951171875,2369.199951171875,0
2020-10-06,2382.0,2382.0,2382.0,2382.0,2382.0,0
2020-10-07,2372.89990234375,2372.89990234375,2372.89990234375,2372.89990234375,2372.89990234375,0
2020-10-08,2393.800048828125,2393.800048828125,2393.800048828125,2393.800048828125,2393.800048828125,0
2020-10-09,2454.0,2454.0,2454.0,2454.0,2454.0,0
2020-10-12,2416.39990234375,2416.39990234375,2416.39990234375,2416.39990234375,2416.39990234375,0
2020-10-13,2335.10009765625,2335.10009765625,2335.10009765625,2335.10009765625,2335.10009765625,0
2020-10-14,2357.10009765625,2357.10009765625,2357.10009765625,2357.10009765625,2357.10009765625,0
2020-10-15,2357.89990234375,2357.89990234375,2357.89990234375,2357.89990234375,2357.89990234375,0
2020-10-16,2333.10009765625,2333.10009765625,2333.10009765625,2333.10009765625,2333.10009765625,0
2020-10-19,2348.300048828125,2348.300048828125,2348.300048828125,2348.300048828125,2348.300048828125,0
2020-10-20,2408.5,2408.5,2408.5,2408.5,2408.5,5
2020-10-21,2406.0,2419.800048828125,2401.0,2419.800048828125,2419.800048828125,14
2020-10-22,2388.60009765625,2388.60009765625,2388.60009765625,2388.60009765625,2388.60009765625,14
2020-10-23,2391.39990234375,2391.39990234375,2391.39990234375,2391.39990234375,2391.39990234375,14
2020-10-26,2361.89990234375,2361.89990234375,2361.89990234375,2361.89990234375,2361.89990234375,14
2020-10-27,2347.300048828125,2347.300048828125,2347.300048828125,2347.300048828125,2347.300048828125,14
2020-10-28,2244.300048828125,2244.300048828125,2244.300048828125,2244.300048828125,2244.300048828125,0
2020-10-29,2191.39990234375,2191.39990234375,2191.39990234375,2191.39990234375,2191.39990234375,0
2020-10-30,2210.300048828125,2210.300048828125,2210.300048828125,2210.300048828125,2210.300048828125,0
2020-11-02,2214.300048828125,2214.300048828125,2214.300048828125,2214.300048828125,2214.300048828125,0
2020-11-03,2292.39990234375,2292.39990234375,2292.39990234375,2292.39990234375,2292.39990234375,0
2020-11-04,2302.300048828125,2302.300048828125,2302.300048828125,2302.300048828125,2302.300048828125,0
2020-11-05,2378.300048828125,2378.300048828125,2378.300048828125,2378.300048828125,2378.300048828125,0
2020-11-06,2495.199951171875,2495.199951171875,2495.199951171875,2495.199951171875,2495.199951171875,0
2020-11-09,2494.60009765625,2494.60009765625,2494.60009765625,2494.60009765625,2494.60009765625,15
2020-11-10,2467.199951171875,2467.199951171875,2467.199951171875,2467.199951171875,2467.199951171875,25
2020-11-11,2312.89990234375,2312.89990234375,2312.89990234375,2312.89990234375,2312.89990234375,25
2020-11-12,2338.39990234375,2338.39990234375,2338.39990234375,2338.39990234375,2338.39990234375,25
2020-11-13,2326.300048828125,2326.300048828125,2326.300048828125,2326.300048828125,2326.300048828125,25
2020-11-16,2342.199951171875,2342.199951171875,2342.199951171875,2342.199951171875,2342.199951171875,25
2020-11-17,2323.60009765625,2323.60009765625,2323.60009765625,2323.60009765625,2323.60009765625,25
2020-11-18,2351.300048828125,2351.300048828125,2351.300048828125,2351.300048828125,2351.300048828125,25
2020-11-19,2317.39990234375,2317.39990234375,2317.39990234375,2317.39990234375,2317.39990234375,25
2020-11-20,2321.199951171875,2321.199951171875,2321.199951171875,2321.199951171875,2321.199951171875,25
2020-11-23,2351.800048828125,2351.800048828125,2351.800048828125,2351.800048828125,2351.800048828125,6
2020-11-24,2350.10009765625,2350.10009765625,2350.10009765625,2350.10009765625,2350.10009765625,6
2020-11-25,2341.60009765625,2341.60009765625,2341.60009765625,2341.60009765625,2341.60009765625,1334
2020-11-27,2349.199951171875,2428.5,2342.39990234375,2424.39990234375,2424.39990234375,536
2020-11-30,2417.300048828125,2420.5,2378.0,2392.800048828125,2392.800048828125,63
2020-12-01,2416.199951171875,2417.300048828125,2414.10009765625,2417.300048828125,2417.300048828125,2
2020-12-02,2393.0,2397.39990234375,2393.0,2397.39990234375,2397.39990234375,39
2020-12-03,2360.0,2360.0,2225.10009765625,2302.10009765625,2302.10009765625,71
2020-12-04,2319.60009765625,2355.0,2319.60009765625,2345.800048828125,2345.800048828125,7
2020-12-07,2339.89990234375,2339.89990234375,2339.89990234375,2339.89990234375,2339.89990234375,0
2020-12-08,2335.0,2335.0,2316.699951171875,2316.699951171875,2316.699951171875,2
2020-12-09,2298.5,2298.5,2280.300048828125,2280.300048828125,2280.300048828125,1
2020-12-10,2332.0,2333.5,2325.0,2325.0,2325.0,5
2020-12-11,2331.0,2341.0,2316.5,2322.10009765625,2322.10009765625,6
2020-12-14,2307.89990234375,2307.89990234375,2307.89990234375,2307.89990234375,2307.89990234375,0
2020-12-15,2314.199951171875,2314.199951171875,2314.199951171875,2314.199951171875,2314.199951171875,0
2020-12-16,2338.699951171875,2338.699951171875,2327.5,2338.699951171875,2338.699951171875,4
2020-12-17,2335.0,2345.0,2335.0,2338.0,2338.0,5
2020-12-18,2340.0,2360.89990234375,2340.0,2360.89990234375,2360.89990234375,9
2020-12-21,2375.0,2390.0,2294.5,2304.39990234375,2304.39990234375,9
2020-12-22,2311.10009765625,2311.10009765625,2311.10009765625,2311.10009765625,2311.10009765625,1
2020-12-23,2326.300048828125,2326.300048828125,2326.300048828125,2326.300048828125,2326.300048828125,1
2020-12-24,2333.10009765625,2333.10009765625,2333.10009765625,2333.10009765625,2333.10009765625,2
2020-12-28,2339.0,2339.0,2339.0,2339.0,2339.0,2
2020-12-29,2331.5,2331.5,2331.5,2331.5,2331.5,1
2020-12-30,2373.10009765625,2373.10009765625,2373.10009765625,2373.10009765625,2373.10009765625,1
2020-12-31,2448.5,2448.5,2448.5,2448.5,2448.5,1
2021-01-04,2385.89990234375,2385.89990234375,2385.89990234375,2385.89990234375,2385.89990234375,1
2021-01-05,2488.10009765625,2488.10009765625,2488.10009765625,2488.10009765625,2488.10009765625,1
2021-01-06,2442.800048828125,2442.800048828125,2442.800048828125,2442.800048828125,2442.800048828125,1
2021-01-07,2426.300048828125,2426.300048828125,2426.300048828125,2426.300048828125,2426.300048828125,1
2021-01-08,2359.699951171875,2359.699951171875,2359.699951171875,2359.699951171875,2359.699951171875,1
2021-01-11,2373.5,2373.5,2373.5,2373.5,2373.5,1
2021-01-12,2370.89990234375,2370.89990234375,2370.89990234375,2370.89990234375,2370.89990234375,1
2021-01-13,2391.800048828125,2391.800048828125,2391.800048828125,2391.800048828125,2391.800048828125,1
2021-01-14,2418.0,2418.0,2418.0,2418.0,2418.0,1
2021-01-15,2389.800048828125,2389.800048828125,2389.800048828125,2389.800048828125,2389.800048828125,23
2021-01-19,2359.699951171875,2359.699951171875,2359.699951171875,2359.699951171875,2359.699951171875,0
2021-01-20,2397.89990234375,2397.89990234375,2397.89990234375,2397.89990234375,2397.89990234375,0
2021-01-21,2369.800048828125,2369.800048828125,2369.800048828125,2369.800048828125,2369.800048828125,0
2021-01-22,2359.89990234375,2359.89990234375,2359.89990234375,2359.89990234375,2359.89990234375,0
2021-01-25,2341.60009765625,2341.60009765625,2341.60009765625,2341.60009765625,2341.60009765625,0
2021-01-26,2319.699951171875,2319.699951171875,2319.699951171875,2319.699951171875,2319.699951171875,0
2021-01-27,2305.199951171875,2305.199951171875,2305.199951171875,2305.199951171875,2305.199951171875,0
2021-01-28,2321.0,2321.0,2321.0,2321.0,2321.0,0
2021-01-29,2207.10009765625,2207.10009765625,2207.10009765625,2207.10009765625,2207.10009765625,0
2021-02-01,2240.39990234375,2240.39990234375,2240.39990234375,2240.39990234375,2240.39990234375,0
2021-02-02,2226.39990234375,2226.39990234375,2226.39990234375,2226.39990234375,2226.39990234375,0
2021-02-03,2275.300048828125,2275.300048828125,2275.300048828125,2275.300048828125,2275.300048828125,0
2021-02-04,2279.39990234375,2279.39990234375,2279.39990234375,2279.39990234375,2279.39990234375,0
2021-02-05,2325.0,2325.0,2325.0,2325.0,2325.0,0
2021-02-08,2335.39990234375,2335.39990234375,2335.39990234375,2335.39990234375,2335.39990234375,0
2021-02-09,2319.300048828125,2319.300048828125,2319.300048828125,2319.300048828125,2319.300048828125,0
2021-02-10,2351.199951171875,2351.199951171875,2351.199951171875,2351.199951171875,2351.199951171875,0
2021-02-11,2345.699951171875,2345.699951171875,2345.699951171875,2345.699951171875,2345.699951171875,0
2021-02-12,2381.300048828125,2381.300048828125,2381.300048828125,2381.300048828125,2381.300048828125,0
2021-02-16,2386.89990234375,2386.89990234375,2386.89990234375,2386.89990234375,2386.89990234375,0
2021-02-17,2368.39990234375,2368.39990234375,2368.39990234375,2368.39990234375,2368.39990234375,0
2021-02-18,2347.5,2347.5,2347.5,2347.5,2347.5,0
2021-02-19,2367.89990234375,2367.89990234375,2367.89990234375,2367.89990234375,2367.89990234375,0
2021-02-22,2390.800048828125,2390.800048828125,2390.800048828125,2390.800048828125,2390.800048828125,0
2021-02-23,2333.800048828125,2333.800048828125,2333.800048828125,2333.800048828125,2333.800048828125,30
2021-02-24,2420.800048828125,2420.800048828125,2420.800048828125,2420.800048828125,2420.800048828125,1514
2021-02-25,2438.0,2480.0,2391.0,2407.300048828125,2407.300048828125,401
2021-02-26,2382.0,2418.0,2300.0,2310.10009765625,2310.10009765625,63
2021-03-01,2310.0,2347.5,2309.5,2344.60009765625,2344.60009765625,14
2021-03-02,2365.199951171875,2365.199951171875,2365.199951171875,2365.199951171875,2365.199951171875,0
2021-03-03,2350.89990234375,2350.89990234375,2350.89990234375,2350.89990234375,2350.89990234375,6
2021-03-04,2339.10009765625,2339.10009765625,2339.10009765625,2339.10009765625,2339.10009765625,0
2021-03-05,2325.699951171875,2325.699951171875,2325.699951171875,2325.699951171875,2325.699951171875,0
2021-03-08,2310.5,2310.5,2310.5,2310.5,2310.5,0
2021-03-09,2288.800048828125,2288.800048828125,2288.800048828125,2288.800048828125,2288.800048828125,0
2021-03-10,2289.0,2289.0,2289.0,2289.0,2289.0,0
2021-03-11,2337.5,2337.5,2337.5,2337.5,2337.5,0
2021-03-12,2356.60009765625,2356.60009765625,2356.60009765625,2356.60009765625,2356.60009765625,0
2021-03-15,2369.60009765625,2369.60009765625,2369.60009765625,2369.60009765625,2369.60009765625,0
2021-03-16,2487.800048828125,2487.800048828125,2465.0,2487.800048828125,2487.800048828125,1
2021-03-17,2533.800048828125,2533.800048828125,2533.800048828125,2533.800048828125,2533.800048828125,0
2021-03-18,2658.300048828125,2658.300048828125,2658.300048828125,2658.300048828125,2658.300048828125,0
2021-03-19,2626.60009765625,2626.60009765625,2626.60009765625,2626.60009765625,2626.60009765625,2
2021-03-22,2595.89990234375,2595.89990234375,2595.89990234375,2595.89990234375,2595.89990234375,0
2021-03-23,2626.5,2626.5,2612.60009765625,2612.60009765625,2612.60009765625,2
2021-03-24,2632.0,2635.300048828125,2632.0,2635.300048828125,2635.300048828125,1
2021-03-25,2635.0,2635.0,2610.699951171875,2610.699951171875,2610.699951171875,1
2021-03-26,2660.0,2670.39990234375,2660.0,2670.39990234375,2670.39990234375,3
2021-03-29,2525.0,2525.0,2525.0,2525.0,2525.0,0
2021-03-30,2566.60009765625,2566.60009765625,2566.60009765625,2566.60009765625,2566.60009765625,0
2021-03-31,2617.5,2617.5,2617.5,2617.5,2617.5,0
2021-04-01,2653.39990234375,2653.39990234375,2653.39990234375,2653.39990234375,2653.39990234375,0
2021-04-05,2652.300048828125,2652.300048828125,2652.300048828125,2652.300048828125,2652.300048828125,0
2021-04-06,2687.800048828125,2687.800048828125,2687.800048828125,2687.800048828125,2687.800048828125,0
2021-04-07,2618.699951171875,2618.699951171875,2618.699951171875,2618.699951171875,2618.699951171875,0
2021-04-08,2623.0,2623.0,2623.0,2623.0,2623.0,0
2021-04-09,2630.699951171875,2630.699951171875,2630.699951171875,2630.699951171875,2630.699951171875,0
2021-04-12,2666.60009765625,2666.60009765625,2666.60009765625,2666.60009765625,2666.60009765625,0
2021-04-13,2691.60009765625,2691.60009765625,2691.60009765625,2691.60009765625,2691.60009765625,0
2021-04-14,2674.10009765625,2674.10009765625,2674.10009765625,2674.10009765625,2674.10009765625,0
2021-04-15,2734.10009765625,2734.10009765625,2734.10009765625,2734.10009765625,2734.10009765625,0
2021-04-16,2769.39990234375,2769.39990234375,2769.39990234375,2769.39990234375,2769.39990234375,0
2021-04-19,2808.300048828125,2808.300048828125,2808.300048828125,2808.300048828125,2808.300048828125,0
2021-04-20,2752.10009765625,2752.10009765625,2752.10009765625,2752.10009765625,2752.10009765625,0
2021-04-21,2870.300048828125,2870.300048828125,2870.300048828125,2870.300048828125,2870.300048828125,0
2021-04-22,2837.60009765625,2837.60009765625,2837.60009765625,2837.60009765625,2837.60009765625,0
2021-04-23,2851.699951171875,2851.699951171875,2851.699951171875,2851.699951171875,2851.699951171875,0
2021-04-26,2904.0,2904.0,2904.0,2904.0,2904.0,0
2021-04-27,2947.300048828125,2947.300048828125,2947.300048828125,2947.300048828125,2947.300048828125,0
2021-04-28,2924.89990234375,2924.89990234375,2924.89990234375,2924.89990234375,2924.89990234375,0
2021-04-29,2952.60009765625,2952.60009765625,2952.60009765625,2952.60009765625,2952.60009765625,0
2021-04-30,2957.699951171875,2957.699951171875,2957.699951171875,2957.699951171875,2957.699951171875,0
2021-05-03,2985.39990234375,2985.39990234375,2985.39990234375,2985.39990234375,2985.39990234375,0
2021-05-04,2981.60009765625,2981.60009765625,2981.60009765625,2981.60009765625,2981.60009765625,0
2021-05-05,2976.800048828125,2976.800048828125,2976.800048828125,2976.800048828125,2976.800048828125,0
2021-05-06,2951.39990234375,2951.39990234375,2951.39990234375,2951.39990234375,2951.39990234375,0
2021-05-07,2929.10009765625,2929.10009765625,2929.10009765625,2929.10009765625,2929.10009765625,0
2021-05-10,2972.10009765625,2972.10009765625,2972.10009765625,2972.10009765625,2972.10009765625,0
2021-05-11,2923.199951171875,2923.199951171875,2923.199951171875,2923.199951171875,2923.199951171875,0
2021-05-12,2846.0,2846.0,2846.0,2846.0,2846.0,0
2021-05-13,2861.60009765625,2861.60009765625,2861.60009765625,2861.60009765625,2861.60009765625,0
2021-05-14,2891.60009765625,2891.60009765625,2891.60009765625,2891.60009765625,2891.60009765625,0
2021-05-17,2892.89990234375,2892.89990234375,2892.89990234375,2892.89990234375,2892.89990234375,0
2021-05-18,2903.39990234375,2903.39990234375,2903.39990234375,2903.39990234375,2903.39990234375,0
2021-05-19,2885.10009765625,2885.10009765625,2885.10009765625,2885.10009765625,2885.10009765625,0
2021-05-20,2870.5,2870.5,2870.5,2870.5,2870.5,0
2021-05-21,2775.300048828125,2775.300048828125,2775.300048828125,2775.300048828125,2775.300048828125,0
2021-05-24,2730.10009765625,2730.10009765625,2730.10009765625,2730.10009765625,2730.10009765625,0
2021-05-25,2777.5,2777.5,2777.5,2777.5,2777.5,0
2021-05-26,2748.5,2748.5,2748.5,2748.5,2748.5,2205
2021-05-27,2738.0,2834.0,2737.5,2802.300048828125,2802.300048828125,496
2021-05-28,2816.0,2834.0,2808.0,2824.199951171875,2824.199951171875,38
2021-06-01,2830.0,2856.699951171875,2830.0,2856.699951171875,2856.699951171875,3
2021-06-02,2862.0,2862.0,2862.0,2862.0,2862.0,2
2021-06-03,2817.0,2822.699951171875,2804.0,2822.699951171875,2822.699951171875,4
2021-06-04,2827.0,2837.89990234375,2827.0,2837.89990234375,2837.89990234375,2
2021-06-07,2833.39990234375,2833.39990234375,2833.39990234375,2833.39990234375,2833.39990234375,0
2021-06-08,2802.60009765625,2802.60009765625,2802.60009765625,2802.60009765625,2802.60009765625,0
2021-06-09,2800.0,2800.0,2769.0,2770.0,2770.0,3
2021-06-10,2768.0,2774.699951171875,2768.0,2774.699951171875,2774.699951171875,2
2021-06-11,2777.699951171875,2777.699951171875,2777.699951171875,2777.699951171875,2777.699951171875,0
2021-06-14,2753.60009765625,2753.60009765625,2753.60009765625,2753.60009765625,2753.60009765625,0
2021-06-15,2761.800048828125,2761.800048828125,2761.800048828125,2761.800048828125,2761.800048828125,0
2021-06-16,2805.5,2834.0,2805.5,2834.0,2834.0,1
2021-06-17,2766.5,2769.0,2509.60009765625,2509.60009765625,2509.60009765625,13
2021-06-18,2516.0,2520.0,2461.0,2465.699951171875,2465.699951171875,14
2021-06-21,2540.0,2553.199951171875,2540.0,2553.199951171875,2553.199951171875,3
2021-06-22,2554.699951171875,2555.5,2550.0,2554.699951171875,2554.699951171875,2
2021-06-23,2587.5,2626.300048828125,2587.5,2626.300048828125,2626.300048828125,1
2021-06-24,2612.0,2639.800048828125,2597.5,2639.800048828125,2639.800048828125,11
2021-06-25,2633.300048828125,2633.300048828125,2633.300048828125,2633.300048828125,2633.300048828125,0
2021-06-28,2695.89990234375,2695.89990234375,2695.89990234375,2695.89990234375,2695.89990234375,0
2021-06-29,2679.39990234375,2679.39990234375,2679.39990234375,2679.39990234375,2679.39990234375,0
2021-06-30,2777.39990234375,2777.39990234375,2777.39990234375,2777.39990234375,2777.39990234375,0
2021-07-01,2767.10009765625,2767.10009765625,2767.10009765625,2767.10009765625,2767.10009765625,0
2021-07-02,2790.699951171875,2790.699951171875,2790.699951171875,2790.699951171875,2790.699951171875,0
2021-07-06,2794.300048828125,2794.300048828125,2794.300048828125,2794.300048828125,2794.300048828125,0
2021-07-07,2846.5,2846.5,2846.5,2846.5,2846.5,0
2021-07-08,2808.39990234375,2808.39990234375,2808.39990234375,2808.39990234375,2808.39990234375,0
2021-07-09,2810.199951171875,2810.199951171875,2810.199951171875,2810.199951171875,2810.199951171875,0
2021-07-12,2857.5,2857.5,2857.5,2857.5,2857.5,0
2021-07-13,2830.699951171875,2830.699951171875,2830.699951171875,2830.699951171875,2830.699951171875,0
2021-07-14,2824.5,2824.5,2824.5,2824.5,2824.5,0
2021-07-15,2727.5,2727.5,2727.5,2727.5,2727.5,0
2021-07-16,2635.5,2635.5,2635.5,2635.5,2635.5,0
2021-07-19,2590.89990234375,2590.89990234375,2590.89990234375,2590.89990234375,2590.89990234375,0
2021-07-20,2638.60009765625,2638.60009765625,2638.60009765625,2638.60009765625,2638.60009765625,0
2021-07-21,2653.10009765625,2653.10009765625,2653.10009765625,2653.10009765625,2653.10009765625,0
2021-07-22,2702.800048828125,2702.800048828125,2702.800048828125,2702.800048828125,2702.800048828125,0
2021-07-23,2660.60009765625,2660.60009765625,2660.60009765625,2660.60009765625,2660.60009765625,0
2021-07-26,2676.300048828125,2676.300048828125,2676.300048828125,2676.300048828125,2676.300048828125,0
2021-07-27,2604.89990234375,2604.89990234375,2604.89990234375,2604.89990234375,2604.89990234375,0
2021-07-28,2620.800048828125,2620.800048828125,2620.800048828125,2620.800048828125,2620.800048828125,0
2021-07-29,2642.699951171875,2642.699951171875,2642.699951171875,2642.699951171875,2642.699951171875,0
2021-07-30,2655.800048828125,2655.800048828125,2655.800048828125,2655.800048828125,2655.800048828125,0
2021-08-02,2683.699951171875,2683.699951171875,2683.699951171875,2683.699951171875,2683.699951171875,0
2021-08-03,2644.89990234375,2644.89990234375,2644.89990234375,2644.89990234375,2644.89990234375,0
2021-08-04,2651.300048828125,2651.300048828125,2651.300048828125,2651.300048828125,2651.300048828125,0
2021-08-05,2654.699951171875,2654.699951171875,2654.699951171875,2654.699951171875,2654.699951171875,0
2021-08-06,2629.699951171875,2629.699951171875,2629.699951171875,2629.699951171875,2629.699951171875,0
2021-08-09,2601.699951171875,2601.699951171875,2601.699951171875,2601.699951171875,2601.699951171875,0
2021-08-10,2649.60009765625,2649.60009765625,2649.60009765625,2649.60009765625,2649.60009765625,0
2021-08-11,2632.39990234375,2632.39990234375,2632.39990234375,2632.39990234375,2632.39990234375,0
2021-08-12,2623.5,2623.5,2623.5,2623.5,2623.5,0
2021-08-13,2656.10009765625,2656.10009765625,2656.10009765625,2656.10009765625,2656.10009765625,0
2021-08-16,2597.60009765625,2597.60009765625,2597.60009765625,2597.60009765625,2597.60009765625,0
2021-08-17,2493.800048828125,2493.800048828125,2493.800048828125,2493.800048828125,2493.800048828125,0
2021-08-18,2421.5,2421.5,2421.5,2421.5,2421.5,0
2021-08-19,2296.10009765625,2296.10009765625,2296.10009765625,2296.10009765625,2296.10009765625,0
2021-08-20,2288.0,2288.0,2274.699951171875,2274.699951171875,2274.699951171875,1
2021-08-23,2383.300048828125,2383.300048828125,2383.300048828125,2383.300048828125,2383.300048828125,1
2021-08-24,2440.699951171875,2440.699951171875,2440.699951171875,2440.699951171875,2440.699951171875,1
2021-08-25,2428.89990234375,2428.89990234375,2428.89990234375,2428.89990234375,2428.89990234375,1
2021-08-26,2386.5,2386.5,2386.5,2386.5,2386.5,1
2021-08-27,2402.199951171875,2402.199951171875,2402.199951171875,2402.199951171875,2402.199951171875,1389
2021-08-30,2414.0,2495.5,2404.0,2476.10009765625,2476.10009765625,374
2021-08-31,2470.0,2489.5,2462.0,2468.300048828125,2468.300048828125,103
2021-09-01,2466.0,2485.5,2426.5,2438.39990234375,2438.39990234375,21
2021-09-02,2405.5,2405.5,2397.39990234375,2397.39990234375,2397.39990234375,3
2021-09-03,2399.0,2414.39990234375,2397.0,2414.39990234375,2414.39990234375,4
2021-09-07,2422.0,2422.0,2341.0,2351.199951171875,2351.199951171875,27
2021-09-08,2222.0,2235.5,2222.0,2235.5,2235.5,12
2021-09-09,2139.800048828125,2139.800048828125,2139.800048828125,2139.800048828125,2139.800048828125,12
2021-09-10,2204.0,2204.0,2123.0,2123.0,2123.0,1
2021-09-13,2100.0,2100.0,2063.0,2076.60009765625,2076.60009765625,4
2021-09-14,1979.0,1979.0,1972.5999755859375,1972.5999755859375,1972.5999755859375,2
2021-09-15,1990.199951171875,1990.199951171875,1990.199951171875,1990.199951171875,1990.199951171875,0
2021-09-16,2018.9000244140625,2018.9000244140625,2018.9000244140625,2018.9000244140625,2018.9000244140625,0
2021-09-17,1981.199951171875,1981.199951171875,1981.199951171875,1981.199951171875,1981.199951171875,0
2021-09-20,1880.0,1880.0,1860.5,1865.199951171875,1865.199951171875,39
2021-09-21,1885.0,1894.5,1885.0,1894.5,1894.5,1
2021-09-22,2036.199951171875,2036.199951171875,2036.199951171875,2036.199951171875,2036.199951171875,0
2021-09-23,1971.800048828125,1971.800048828125,1971.800048828125,1971.800048828125,1971.800048828125,0
2021-09-24,1939.0,1951.0999755859375,1939.0,1951.0999755859375,1951.0999755859375,1
2021-09-27,1947.699951171875,1947.699951171875,1947.699951171875,1947.699951171875,1947.699951171875,0
2021-09-28,1923.0,1923.0,1854.199951171875,1854.199951171875,1854.199951171875,2
2021-09-29,1853.5,1853.5,1833.0999755859375,1833.0999755859375,1833.0999755859375,1
2021-09-30,1902.5999755859375,1902.5999755859375,1902.5999755859375,1902.5999755859375,1902.5999755859375,0
2021-10-01,1906.5,1906.5,1906.5,1906.5,1906.5,0
2021-10-04,1877.800048828125,1877.800048828125,1877.800048828125,1877.800048828125,1877.800048828125,0
2021-10-05,1902.199951171875,1902.199951171875,1902.199951171875,1902.199951171875,1902.199951171875,0
2021-10-06,1870.5999755859375,1870.5999755859375,1870.5999755859375,1870.5999755859375,1870.5999755859375,0
2021-10-07,1957.800048828125,1957.800048828125,1957.800048828125,1957.800048828125,1957.800048828125,0
2021-10-08,2075.800048828125,2075.800048828125,2075.800048828125,2075.800048828125,2075.800048828125,0
2021-10-11,2122.300048828125,2122.300048828125,2122.300048828125,2122.300048828125,2122.300048828125,0
2021-10-12,2050.60009765625,2050.60009765625,2050.60009765625,2050.60009765625,2050.60009765625,0
2021-10-13,2108.89990234375,2108.89990234375,2108.89990234375,2108.89990234375,2108.89990234375,0
2021-10-14,2153.699951171875,2153.699951171875,2153.699951171875,2153.699951171875,2153.699951171875,0
2021-10-15,2079.39990234375,2079.39990234375,2079.39990234375,2079.39990234375,2079.39990234375,0
2021-10-18,2015.9000244140625,2015.9000244140625,2015.9000244140625,2015.9000244140625,2015.9000244140625,0
2021-10-19,2103.699951171875,2103.699951171875,2103.699951171875,2103.699951171875,2103.699951171875,0
2021-10-20,2085.199951171875,2085.199951171875,2085.199951171875,2085.199951171875,2085.199951171875,0
2021-10-21,2020.9000244140625,2020.9000244140625,2020.9000244140625,2020.9000244140625,2020.9000244140625,0
2021-10-22,2038.4000244140625,2038.4000244140625,2038.4000244140625,2038.4000244140625,2038.4000244140625,0
2021-10-25,2051.0,2051.0,2051.0,2051.0,2051.0,0
2021-10-26,2007.5999755859375,2007.5999755859375,2007.5999755859375,2007.5999755859375,2007.5999755859375,0
2021-10-27,1977.0999755859375,1977.0999755859375,1977.0999755859375,1977.0999755859375,1977.0999755859375,0
2021-10-28,1995.199951171875,1995.199951171875,1995.199951171875,1995.199951171875,1995.199951171875,0
2021-10-29,1986.0999755859375,1986.0999755859375,1986.0999755859375,1986.0999755859375,1986.0999755859375,0
2021-11-01,2058.10009765625,2058.10009765625,2058.10009765625,2058.10009765625,2058.10009765625,0
2021-11-02,2013.199951171875,2013.199951171875,2013.199951171875,2013.199951171875,2013.199951171875,0
2021-11-03,1984.0999755859375,1984.0999755859375,1984.0999755859375,1984.0999755859375,1984.0999755859375,0
2021-11-04,1993.300048828125,1993.300048828125,1993.300048828125,1993.300048828125,1993.300048828125,0
2021-11-05,2024.5,2024.5,2024.5,2024.5,2024.5,0
2021-11-08,2074.60009765625,2074.60009765625,2074.60009765625,2074.60009765625,2074.60009765625,0
2021-11-09,2019.0,2019.0,2019.0,2019.0,2019.0,0
2021-11-10,2035.800048828125,2035.800048828125,2035.800048828125,2035.800048828125,2035.800048828125,0
2021-11-11,2059.5,2059.5,2059.5,2059.5,2059.5,0
2021-11-12,2114.60009765625,2114.60009765625,2114.60009765625,2114.60009765625,2114.60009765625,0
2021-11-15,2153.0,2153.0,2153.0,2153.0,2153.0,0
2021-11-16,2164.5,2164.5,2164.5,2164.5,2164.5,0
2021-11-17,2181.39990234375,2181.39990234375,2181.39990234375,2181.39990234375,2181.39990234375,0
2021-11-18,2134.300048828125,2134.300048828125,2134.300048828125,2134.300048828125,2134.300048828125,0
2021-11-19,2070.10009765625,2070.10009765625,2070.10009765625,2070.10009765625,2070.10009765625,0
2021-11-22,1947.5,1947.5,1947.5,1947.5,1947.5,0
2021-11-23,1847.199951171875,1847.199951171875,1847.199951171875,1847.199951171875,1847.199951171875,0
2021-11-24,1844.800048828125,1844.800048828125,1844.800048828125,1844.800048828125,1844.800048828125,0
2021-11-26,1786.0,1786.0,1786.0,1786.0,1786.0,3246
2021-11-29,1727.0,1797.0,1727.0,1784.199951171875,1784.199951171875,560
2021-11-30,1749.5,1783.0,1703.0999755859375,1703.0999755859375,1703.0999755859375,98
2021-12-01,1738.0,1751.0999755859375,1738.0,1751.0999755859375,1751.0999755859375,11
2021-12-02,1740.0,1772.0,1740.0,1769.9000244140625,1769.9000244140625,3
2021-12-03,1811.0999755859375,1811.0999755859375,1811.0999755859375,1811.0999755859375,1811.0999755859375,0
2021-12-06,1844.199951171875,1844.199951171875,1844.199951171875,1844.199951171875,1844.199951171875,0
2021-12-07,1845.5,1845.5,1845.5,1845.5,1845.5,2
2021-12-08,1851.0,1851.0,1851.0,1851.0,1851.0,0
2021-12-09,1811.800048828125,1811.800048828125,1811.800048828125,1811.800048828125,1811.800048828125,0
2021-12-10,1770.5,1772.5,1748.0999755859375,1748.0999755859375,1748.0999755859375,14
2021-12-13,1672.4000244140625,1672.4000244140625,1672.4000244140625,1672.4000244140625,1672.4000244140625,0
2021-12-14,1620.5,1620.5,1620.5,1620.5,1620.5,0
2021-12-15,1549.4000244140625,1549.4000244140625,1549.4000244140625,1549.4000244140625,1549.4000244140625,0
2021-12-16,1720.5999755859375,1720.5999755859375,1720.5999755859375,1720.5999755859375,1720.5999755859375,0
2021-12-17,1782.5999755859375,1782.5999755859375,1782.5999755859375,1782.5999755859375,1782.5999755859375,0
2021-12-20,1743.699951171875,1743.699951171875,1743.699951171875,1743.699951171875,1743.699951171875,0
2021-12-21,1790.9000244140625,1790.9000244140625,1790.9000244140625,1790.9000244140625,1790.9000244140625,0
2021-12-22,1887.0999755859375,1887.0999755859375,1887.0999755859375,1887.0999755859375,1887.0999755859375,0
2021-12-23,1954.699951171875,1954.699951171875,1954.699951171875,1954.699951171875,1954.699951171875,0
2021-12-27,1944.300048828125,1944.300048828125,1944.300048828125,1944.300048828125,1944.300048828125,0
2021-12-28,1998.4000244140625,1998.4000244140625,1998.4000244140625,1998.4000244140625,1998.4000244140625,0
2021-12-29,1984.800048828125,1984.800048828125,1984.800048828125,1984.800048828125,1984.800048828125,1
2021-12-30,1959.5,1979.199951171875,1959.5,1979.199951171875,1979.199951171875,2
2021-12-31,1908.0999755859375,1908.0999755859375,1908.0999755859375,1908.0999755859375,1908.0999755859375,2
2022-01-03,1822.0,1822.0,1822.0,1822.0,1822.0,2
2022-01-04,1855.699951171875,1855.699951171875,1855.699951171875,1855.699951171875,1855.699951171875,2
2022-01-05,1898.5999755859375,1898.5999755859375,1898.5999755859375,1898.5999755859375,1898.5999755859375,2
2022-01-06,1869.9000244140625,1869.9000244140625,1869.9000244140625,1869.9000244140625,1869.9000244140625,2
2022-01-07,1917.5999755859375,1917.5999755859375,1917.5999755859375,1917.5999755859375,1917.5999755859375,2
2022-01-10,1905.199951171875,1905.199951171875,1905.199951171875,1905.199951171875,1905.199951171875,2
2022-01-11,1918.0999755859375,1918.0999755859375,1918.0999755859375,1918.0999755859375,1918.0999755859375,2
2022-01-12,1911.800048828125,1911.800048828125,1911.800048828125,1911.800048828125,1911.800048828125,2
2022-01-13,1886.0,1886.0,1886.0,1886.0,1886.0,2
2022-01-14,1874.199951171875,1874.199951171875,1874.199951171875,1874.199951171875,1874.199951171875,2
2022-01-18,1900.5999755859375,1900.5999755859375,1900.5999755859375,1900.5999755859375,1900.5999755859375,2
2022-01-19,2004.4000244140625,2004.4000244140625,2004.4000244140625,2004.4000244140625,2004.4000244140625,2
2022-01-20,2069.699951171875,2069.699951171875,2069.699951171875,2069.699951171875,2069.699951171875,2
2022-01-21,2100.300048828125,2100.300048828125,2100.300048828125,2100.300048828125,2100.300048828125,20
2022-01-24,2137.0,2137.0,2137.0,2137.0,2137.0,0
2022-01-25,2184.89990234375,2184.89990234375,2184.89990234375,2184.89990234375,2184.89990234375,0
2022-01-26,2346.60009765625,2346.60009765625,2346.60009765625,2346.60009765625,2346.60009765625,0
2022-01-27,2362.5,2362.5,2362.5,2362.5,2362.5,2
2022-01-28,2368.699951171875,2368.699951171875,2368.699951171875,2368.699951171875,2368.699951171875,2
2022-01-31,2349.199951171875,2349.199951171875,2349.199951171875,2349.199951171875,2349.199951171875,2
2022-02-01,2343.199951171875,2343.199951171875,2343.199951171875,2343.199951171875,2343.199951171875,2
2022-02-02,2366.199951171875,2366.199951171875,2366.199951171875,2366.199951171875,2366.199951171875,2
2022-02-03,2314.39990234375,2314.39990234375,2314.39990234375,2314.39990234375,2314.39990234375,2
2022-02-04,2287.39990234375,2287.39990234375,2287.39990234375,2287.39990234375,2287.39990234375,2
2022-02-07,2256.800048828125,2256.800048828125,2256.800048828125,2256.800048828125,2256.800048828125,2
2022-02-08,2260.89990234375,2260.89990234375,2260.89990234375,2260.89990234375,2260.89990234375,2
2022-02-09,2281.60009765625,2281.60009765625,2281.60009765625,2281.60009765625,2281.60009765625,2
2022-02-10,2261.800048828125,2261.800048828125,2261.800048828125,2261.800048828125,2261.800048828125,2
2022-02-11,2190.10009765625,2190.10009765625,2190.10009765625,2190.10009765625,2190.10009765625,2
2022-02-14,2342.5,2342.5,2342.5,2342.5,2342.5,2
2022-02-15,2248.0,2248.0,2248.0,2248.0,2248.0,2
2022-02-16,2268.300048828125,2268.300048828125,2268.300048828125,2268.300048828125,2268.300048828125,1
2022-02-17,2356.60009765625,2356.60009765625,2356.60009765625,2356.60009765625,2356.60009765625,1
2022-02-18,2335.39990234375,2335.39990234375,2335.39990234375,2335.39990234375,2335.39990234375,1
2022-02-22,2369.300048828125,2369.300048828125,2369.300048828125,2369.300048828125,2369.300048828125,1
2022-02-23,2438.10009765625,2438.10009765625,2438.10009765625,2438.10009765625,2438.10009765625,1
2022-02-24,2498.60009765625,2498.60009765625,2498.60009765625,2498.60009765625,2498.60009765625,5014
2022-02-25,2388.5,2479.0,2322.5,2360.699951171875,2360.699951171875,742
2022-02-28,2536.5,2536.5,2455.5,2500.5,2500.5,128
2022-03-01,2491.5,2706.5,2491.5,2532.5,2532.5,149
2022-03-02,2662.60009765625,2662.60009765625,2662.60009765625,2662.60009765625,2662.60009765625,18
2022-03-03,2745.5,2745.5,2718.5,2728.800048828125,2728.800048828125,3
2022-03-04,2904.0,2979.89990234375,2904.0,2979.89990234375,2979.89990234375,18
2022-03-07,3380.5,3380.5,2899.89990234375,2899.89990234375,2899.89990234375,28
2022-03-08,3002.0,3028.0,2958.0,2966.5,2966.5,40
2022-03-09,3005.5,3005.5,2908.5,2944.800048828125,2944.800048828125,4
2022-03-10,2921.5,2921.5,2917.0,2917.0,2917.0,0
2022-03-11,2792.89990234375,2792.89990234375,2792.89990234375,2792.89990234375,2792.89990234375,0
2022-03-14,2628.0,2628.0,2412.199951171875,2412.199951171875,2412.199951171875,1
2022-03-15,2407.39990234375,2407.39990234375,2407.39990234375,2407.39990234375,2407.39990234375,0
2022-03-16,2363.39990234375,2363.39990234375,2363.39990234375,2363.39990234375,2363.39990234375,0
2022-03-17,2530.0,2530.0,2488.10009765625,2488.10009765625,2488.10009765625,5
2022-03-18,2536.0,2536.0,2489.10009765625,2489.10009765625,2489.10009765625,11
2022-03-21,2533.39990234375,2533.39990234375,2533.39990234375,2533.39990234375,2533.39990234375,0
2022-03-22,2493.0,2493.0,2472.60009765625,2472.60009765625,2472.60009765625,2
2022-03-23,2515.39990234375,2515.39990234375,2515.39990234375,2515.39990234375,2515.39990234375,0
2022-03-24,2526.699951171875,2526.699951171875,2526.699951171875,2526.699951171875,2526.699951171875,0
2022-03-25,2390.39990234375,2390.39990234375,2390.39990234375,2390.39990234375,2390.39990234375,0
2022-03-28,2238.5,2238.5,2238.5,2238.5,2238.5,0
2022-03-29,2101.0,2108.800048828125,2101.0,2108.800048828125,2108.800048828125,0
2022-03-30,2243.0,2243.0,2243.0,2243.0,2243.0,0
2022-03-31,2255.5,2255.5,2255.5,2255.5,2255.5,0
2022-04-01,2267.39990234375,2267.39990234375,2267.39990234375,2267.39990234375,2267.39990234375,0
2022-04-04,2274.89990234375,2274.89990234375,2274.89990234375,2274.89990234375,2274.89990234375,0
2022-04-05,2235.199951171875,2235.199951171875,2235.199951171875,2235.199951171875,2235.199951171875,0
2022-04-06,2184.60009765625,2184.60009765625,2184.60009765625,2184.60009765625,2184.60009765625,0
2022-04-07,2223.0,2223.0,2223.0,2223.0,2223.0,0
2022-04-08,2420.0,2420.0,2420.0,2420.0,2420.0,0
2022-04-11,2500.0,2500.0,2416.39990234375,2416.39990234375,2416.39990234375,1
2022-04-12,2353.699951171875,2353.699951171875,2353.699951171875,2353.699951171875,2353.699951171875,1
2022-04-13,2338.800048828125,2338.800048828125,2338.800048828125,2338.800048828125,2338.800048828125,1
2022-04-14,2354.300048828125,2354.300048828125,2354.300048828125,2354.300048828125,2354.300048828125,1
2022-04-18,2444.0,2444.0,2444.0,2444.0,2444.0,1
2022-04-19,2379.300048828125,2379.300048828125,2379.300048828125,2379.300048828125,2379.300048828125,1
2022-04-20,2453.5,2458.800048828125,2453.5,2458.800048828125,2458.800048828125,1
2022-04-21,2416.89990234375,2416.89990234375,2416.89990234375,2416.89990234375,2416.89990234375,1
2022-04-22,2373.0,2373.0,2373.0,2373.0,2373.0,1
2022-04-25,2116.39990234375,2116.39990234375,2116.39990234375,2116.39990234375,2116.39990234375,1
2022-04-26,2172.89990234375,2172.89990234375,2172.89990234375,2172.89990234375,2172.89990234375,1
2022-04-27,2190.39990234375,2190.39990234375,2190.39990234375,2190.39990234375,2190.39990234375,0
2022-04-28,2208.60009765625,2208.60009765625,2208.60009765625,2208.60009765625,2208.60009765625,0
2022-04-29,2302.800048828125,2302.800048828125,2302.800048828125,2302.800048828125,2302.800048828125,0
2022-05-02,2213.300048828125,2213.300048828125,2213.300048828125,2213.300048828125,2213.300048828125,0
2022-05-03,2235.60009765625,2235.60009765625,2235.60009765625,2235.60009765625,2235.60009765625,0
2022-05-04,2233.300048828125,2233.300048828125,2233.300048828125,2233.300048828125,2233.300048828125,0
2022-05-05,2175.300048828125,2175.300048828125,2175.300048828125,2175.300048828125,2175.300048828125,0
2022-05-06,2021.199951171875,2021.199951171875,2021.199951171875,2021.199951171875,2021.199951171875,1
2022-05-09,2059.800048828125,2059.800048828125,2059.800048828125,2059.800048828125,2059.800048828125,1
2022-05-10,2042.0,2042.0,2042.0,2042.0,2042.0,1
2022-05-11,2008.0999755859375,2008.0999755859375,2008.0999755859375,2008.0999755859375,2008.0999755859375,1
2022-05-12,1861.0,1861.0,1861.0,1861.0,1861.0,1
2022-05-13,1918.0999755859375,1918.0999755859375,1918.0999755859375,1918.0999755859375,1918.0999755859375,1
2022-05-16,2003.0,2003.0,2003.0,2003.0,2003.0,1
2022-05-17,2031.199951171875,2031.199951171875,2031.199951171875,2031.199951171875,2031.199951171875,1
2022-05-18,1991.5999755859375,1991.5999755859375,1991.5999755859375,1991.5999755859375,1991.5999755859375,1
2022-05-19,1977.800048828125,1977.800048828125,1977.800048828125,1977.800048828125,1977.800048828125,1
2022-05-20,1939.199951171875,1939.199951171875,1939.199951171875,1939.199951171875,1939.199951171875,1
2022-05-23,1965.9000244140625,1965.9000244140625,1965.9000244140625,1965.9000244140625,1965.9000244140625,1
2022-05-24,1985.9000244140625,1985.9000244140625,1985.9000244140625,1985.9000244140625,1985.9000244140625,1
2022-05-25,1988.5999755859375,1988.5999755859375,1988.5999755859375,1988.5999755859375,1988.5999755859375,1
2022-05-26,1992.800048828125,1992.800048828125,1992.800048828125,1992.800048828125,1992.800048828125,1364
2022-05-27,2007.5,2053.5,1995.0,2044.699951171875,2044.699951171875,498
2022-05-31,2055.0,2062.5,1994.800048828125,1994.800048828125,1994.800048828125,107
2022-06-01,1998.5,1998.5,1983.0,1991.800048828125,1991.800048828125,11
2022-06-02,2006.0,2038.0,1987.5,2036.5,2036.5,6
2022-06-03,2045.0,2045.0,1975.4000244140625,1975.4000244140625,1975.4000244140625,6
2022-06-06,1991.0,1991.0,1981.0,1985.699951171875,1985.699951171875,4
2022-06-07,1955.699951171875,1955.699951171875,1955.699951171875,1955.699951171875,1955.699951171875,0
2022-06-08,1915.0,1929.5,1915.0,1928.5999755859375,1928.5999755859375,3
2022-06-09,1924.0,1924.0,1906.199951171875,1906.199951171875,1906.199951171875,2
2022-06-10,1906.5,1906.5,1867.5,1897.699951171875,1897.699951171875,5
2022-06-13,1865.0,1877.5,1769.199951171875,1769.199951171875,1769.199951171875,8
2022-06-14,1772.300048828125,1772.300048828125,1772.300048828125,1772.300048828125,1772.300048828125,0
2022-06-15,1822.5,1826.0,1822.5,1826.0,1826.0,1
2022-06-16,1832.5,1857.699951171875,1824.5,1857.699951171875,1857.699951171875,22
2022-06-17,1789.800048828125,1789.800048828125,1789.800048828125,1789.800048828125,1789.800048828125,0
2022-06-21,1853.800048828125,1853.800048828125,1853.800048828125,1853.800048828125,1853.800048828125,0
2022-06-22,1829.0,1829.0,1829.0,1829.0,1829.0,0
2022-06-23,1815.199951171875,1815.199951171875,1815.199951171875,1815.199951171875,1815.199951171875,0
2022-06-24,1845.4000244140625,1845.4000244140625,1845.4000244140625,1845.4000244140625,1845.4000244140625,0
2022-06-27,1850.5999755859375,1850.5999755859375,1850.5999755859375,1850.5999755859375,1850.5999755859375,0
2022-06-28,1853.4000244140625,1853.4000244140625,1853.4000244140625,1853.4000244140625,1853.4000244140625,1
2022-06-29,1939.5999755859375,1939.5999755859375,1939.5999755859375,1939.5999755859375,1939.5999755859375,0
2022-06-30,1908.699951171875,1908.699951171875,1908.699951171875,1908.699951171875,1908.699951171875,0
2022-07-01,1930.800048828125,1930.800048828125,1930.800048828125,1930.800048828125,1930.800048828125,0
2022-07-05,1911.699951171875,1911.699951171875,1911.699951171875,1911.699951171875,1911.699951171875,0
2022-07-06,1889.199951171875,1889.199951171875,1889.199951171875,1889.199951171875,1889.199951171875,0
2022-07-07,1987.4000244140625,1987.4000244140625,1987.4000244140625,1987.4000244140625,1987.4000244140625,0
2022-07-08,2151.199951171875,2151.199951171875,2151.199951171875,2151.199951171875,2151.199951171875,0
2022-07-11,2166.199951171875,2166.199951171875,2166.199951171875,2166.199951171875,2166.199951171875,0
2022-07-12,2010.199951171875,2010.199951171875,2010.199951171875,2010.199951171875,2010.199951171875,0
2022-07-13,1966.0,1966.0,1966.0,1966.0,1966.0,0
2022-07-14,1892.699951171875,1892.699951171875,1892.699951171875,1892.699951171875,1892.699951171875,0
2022-07-15,1824.0,1824.0,1824.0,1824.0,1824.0,0
2022-07-18,1843.699951171875,1843.699951171875,1843.699951171875,1843.699951171875,1843.699951171875,0
2022-07-19,1848.800048828125,1848.800048828125,1848.800048828125,1848.800048828125,1848.800048828125,0
2022-07-20,1856.0,1856.0,1856.0,1856.0,1856.0,0
2022-07-21,1871.0999755859375,1871.0999755859375,1871.0999755859375,1871.0999755859375,1871.0999755859375,0
2022-07-22,2013.199951171875,2013.199951171875,2013.199951171875,2013.199951171875,2013.199951171875,0
2022-07-25,1997.699951171875,1997.699951171875,1997.699951171875,1997.699951171875,1997.699951171875,0
2022-07-26,2005.800048828125,2005.800048828125,2005.800048828125,2005.800048828125,2005.800048828125,0
2022-07-27,1999.0,1999.0,1999.0,1999.0,1999.0,2
2022-07-28,2079.39990234375,2079.39990234375,2079.39990234375,2079.39990234375,2079.39990234375,2
2022-07-29,2128.89990234375,2128.89990234375,2128.89990234375,2128.89990234375,2128.89990234375,2
2022-08-01,2198.60009765625,2198.60009765625,2198.60009765625,2198.60009765625,2198.60009765625,2
2022-08-02,2086.699951171875,2086.699951171875,2086.699951171875,2086.699951171875,2086.699951171875,2
2022-08-03,2004.4000244140625,2004.4000244140625,2004.4000244140625,2004.4000244140625,2004.4000244140625,2
2022-08-04,2075.300048828125,2075.300048828125,2075.300048828125,2075.300048828125,2075.300048828125,2
2022-08-05,2126.300048828125,2126.300048828125,2126.300048828125,2126.300048828125,2126.300048828125,2
2022-08-08,2239.300048828125,2239.300048828125,2239.300048828125,2239.300048828125,2239.300048828125,2
2022-08-09,2216.60009765625,2216.60009765625,2216.60009765625,2216.60009765625,2216.60009765625,2
2022-08-10,2243.699951171875,2243.699951171875,2243.699951171875,2243.699951171875,2243.699951171875,2
2022-08-11,2285.800048828125,2285.800048828125,2285.800048828125,2285.800048828125,2285.800048828125,2
2022-08-12,2216.800048828125,2216.800048828125,2216.800048828125,2216.800048828125,2216.800048828125,2
2022-08-15,2155.89990234375,2155.89990234375,2155.89990234375,2155.89990234375,2155.89990234375,2
2022-08-16,2146.60009765625,2146.60009765625,2146.60009765625,2146.60009765625,2146.60009765625,2
2022-08-17,2134.300048828125,2134.300048828125,2134.300048828125,2134.300048828125,2134.300048828125,2
2022-08-18,2147.0,2147.0,2147.0,2147.0,2147.0,2
2022-08-19,2129.0,2129.0,2129.0,2129.0,2129.0,2
2022-08-22,1980.300048828125,1980.300048828125,1980.300048828125,1980.300048828125,1980.300048828125,2
2022-08-23,1971.4000244140625,1971.4000244140625,1971.4000244140625,1971.4000244140625,1971.4000244140625,2
2022-08-24,2024.0999755859375,2024.0999755859375,2024.0999755859375,2024.0999755859375,2024.0999755859375,2
2022-08-25,2138.300048828125,2138.300048828125,2138.300048828125,2138.300048828125,2138.300048828125,2
2022-08-26,2120.39990234375,2120.39990234375,2120.39990234375,2120.39990234375,2120.39990234375,2
2022-08-29,2123.300048828125,2123.300048828125,2123.300048828125,2123.300048828125,2123.300048828125,896
2022-08-30,2149.0,2160.0,2052.0,2079.60009765625,2079.60009765625,340
2022-08-31,2050.0,2068.0,2050.0,2066.60009765625,2066.60009765625,26
2022-09-01,2074.0,2074.0,1982.800048828125,1982.800048828125,1982.800048828125,15
2022-09-02,2004.0,2012.300048828125,2004.0,2012.300048828125,2012.300048828125,4
2022-09-06,2030.0,2030.0,1956.4000244140625,1956.4000244140625,1956.4000244140625,13
2022-09-07,2007.9000244140625,2019.5,2007.9000244140625,2007.9000244140625,2007.9000244140625,2
2022-09-08,2011.5,2143.5,2011.5,2132.0,2132.0,7
2022-09-09,2162.699951171875,2162.699951171875,2162.699951171875,2162.699951171875,2162.699951171875,0
2022-09-12,2247.0,2259.199951171875,2227.0,2259.199951171875,2259.199951171875,10
2022-09-13,2095.699951171875,2095.699951171875,2095.699951171875,2095.699951171875,2095.699951171875,7
2022-09-14,2158.300048828125,2158.300048828125,2158.300048828125,2158.300048828125,2158.300048828125,0
2022-09-15,2134.0,2134.0,2131.300048828125,2131.300048828125,2131.300048828125,2
2022-09-16,2098.10009765625,2098.10009765625,2098.10009765625,2098.10009765625,2098.10009765625,0
2022-09-19,2201.0,2211.5,2201.0,2203.89990234375,2203.89990234375,8
2022-09-20,2188.0,2188.0,2156.10009765625,2156.10009765625,2156.10009765625,2
2022-09-21,2109.0,2109.10009765625,2109.0,2109.0,2109.0,0
2022-09-22,2160.5,2160.699951171875,2160.5,2160.5,2160.5,0
2022-09-23,2056.5,2056.5,2056.39990234375,2056.5,2056.5,2
2022-09-26,2035.5,2035.5,2035.5,2035.5,2035.5,1
2022-09-27,2076.89990234375,2076.89990234375,2076.89990234375,2076.89990234375,2076.89990234375,1
2022-09-28,2150.60009765625,2150.60009765625,2150.60009765625,2150.60009765625,2150.60009765625,1
2022-09-29,2202.10009765625,2202.10009765625,2202.10009765625,2202.10009765625,2202.10009765625,1
2022-09-30,2173.199951171875,2173.199951171875,2173.199951171875,2173.199951171875,2173.199951171875,1
2022-10-03,2223.199951171875,2223.199951171875,2223.199951171875,2223.199951171875,2223.199951171875,1
2022-10-04,2321.199951171875,2321.199951171875,2321.199951171875,2321.199951171875,2321.199951171875,1
2022-10-05,2246.89990234375,2246.89990234375,2246.89990234375,2246.89990234375,2246.89990234375,1
2022-10-06,2266.5,2266.5,2266.5,2266.5,2266.5,1
2022-10-07,2182.300048828125,2182.300048828125,2182.300048828125,2182.300048828125,2182.300048828125,1
2022-10-10,2158.10009765625,2158.10009765625,2158.10009765625,2158.10009765625,2158.10009765625,1
2022-10-11,2140.60009765625,2140.60009765625,2140.60009765625,2140.60009765625,2140.60009765625,1
2022-10-12,2126.60009765625,2126.60009765625,2126.60009765625,2126.60009765625,2126.60009765625,1
2022-10-13,2107.39990234375,2107.39990234375,2107.39990234375,2107.39990234375,2107.39990234375,1
2022-10-14,1987.5,1987.5,1987.5,1987.5,1987.5,1
2022-10-17,1990.0999755859375,1990.0999755859375,1990.0999755859375,1990.0999755859375,1990.0999755859375,1
2022-10-18,2004.0999755859375,2004.0999755859375,2004.0999755859375,2004.0999755859375,2004.0999755859375,1
2022-10-19,1985.699951171875,1985.699951171875,1985.699951171875,1985.699951171875,1985.699951171875,1
2022-10-20,2069.800048828125,2069.800048828125,2069.800048828125,2069.800048828125,2069.800048828125,1
2022-10-21,1995.699951171875,1995.699951171875,1995.699951171875,1995.699951171875,1995.699951171875,1
2022-10-24,1958.0,1958.0,1958.0,1958.0,1958.0,1
2022-10-25,1909.0,1909.0,1909.0,1909.0,1909.0,1
2022-10-26,1950.699951171875,1950.699951171875,1950.699951171875,1950.699951171875,1950.699951171875,1
2022-10-27,1928.4000244140625,1928.4000244140625,1928.4000244140625,1928.4000244140625,1928.4000244140625,0
2022-10-28,1894.5999755859375,1894.5999755859375,1894.5999755859375,1894.5999755859375,1894.5999755859375,0
2022-10-31,1829.0999755859375,1829.0999755859375,1829.0999755859375,1829.0999755859375,1829.0999755859375,0
2022-11-01,1874.4000244140625,1874.4000244140625,1874.4000244140625,1874.4000244140625,1874.4000244140625,0
2022-11-02,1847.5,1847.5,1847.5,1847.5,1847.5,0
2022-11-03,1795.5,1795.5,1795.5,1795.5,1795.5,0
2022-11-04,1836.9000244140625,1836.9000244140625,1836.9000244140625,1836.9000244140625,1836.9000244140625,0
2022-11-07,1894.9000244140625,1894.9000244140625,1894.9000244140625,1894.9000244140625,1894.9000244140625,0
2022-11-08,1930.0,1930.0,1930.0,1930.0,1930.0,0
2022-11-09,1856.5999755859375,1856.5999755859375,1856.5999755859375,1856.5999755859375,1856.5999755859375,0
2022-11-10,1951.5999755859375,1951.5999755859375,1951.5999755859375,1951.5999755859375,1951.5999755859375,0
2022-11-11,2023.9000244140625,2023.9000244140625,2023.9000244140625,2023.9000244140625,2023.9000244140625,0
2022-11-14,2036.9000244140625,2036.9000244140625,2036.9000244140625,2036.9000244140625,2036.9000244140625,0
2022-11-15,2075.699951171875,2075.699951171875,2075.699951171875,2075.699951171875,2075.699951171875,0
2022-11-16,2078.699951171875,2078.699951171875,2078.699951171875,2078.699951171875,2078.699951171875,0
2022-11-17,2007.4000244140625,2007.4000244140625,2007.4000244140625,2007.4000244140625,2007.4000244140625,0
2022-11-18,1936.300048828125,1936.300048828125,1936.300048828125,1936.300048828125,1936.300048828125,0
2022-11-21,1850.4000244140625,1850.4000244140625,1850.4000244140625,1850.4000244140625,1850.4000244140625,0
2022-11-22,1854.9000244140625,1854.9000244140625,1854.9000244140625,1854.9000244140625,1854.9000244140625,0
2022-11-23,1873.300048828125,1873.300048828125,1873.300048828125,1873.300048828125,1873.300048828125,0
2022-11-25,1818.9000244140625,1818.9000244140625,1818.9000244140625,1818.9000244140625,1818.9000244140625,0
2022-11-28,1834.5,1834.5,1834.5,1834.5,1834.5,1405
2022-11-29,1848.0,1875.0,1812.0,1816.5,1816.5,212
2022-11-30,1866.0,1911.0,1832.0,1845.0,1845.0,63
2022-12-01,1873.0,1924.5999755859375,1873.0,1924.5999755859375,1924.5999755859375,2
2022-12-02,1862.5,1879.4000244140625,1857.0,1879.4000244140625,1879.4000244140625,9
2022-12-05,1839.5999755859375,1839.5999755859375,1839.5999755859375,1839.5999755859375,1839.5999755859375,0
2022-12-06,1829.0999755859375,1829.0999755859375,1829.0999755859375,1829.0999755859375,1829.0999755859375,0
2022-12-07,1831.9000244140625,1831.9000244140625,1831.9000244140625,1831.9000244140625,1831.9000244140625,1
2022-12-08,1908.4000244140625,1908.4000244140625,1908.4000244140625,1908.4000244140625,1908.4000244140625,0
2022-12-09,1946.4000244140625,1946.4000244140625,1946.4000244140625,1946.4000244140625,1946.4000244140625,0
2022-12-12,1861.699951171875,1861.699951171875,1861.699951171875,1861.699951171875,1861.699951171875,0
2022-12-13,1914.300048828125,1914.300048828125,1914.300048828125,1914.300048828125,1914.300048828125,0
2022-12-14,1899.699951171875,1899.699951171875,1899.699951171875,1899.699951171875,1899.699951171875,0
2022-12-15,1791.199951171875,1791.199951171875,1752.5,1791.199951171875,1791.199951171875,14
2022-12-16,1795.0,1795.0,1684.199951171875,1684.199951171875,1684.199951171875,17
2022-12-19,1701.5,1701.5,1642.5,1642.5,1642.5,5
2022-12-20,1711.0999755859375,1711.0999755859375,1711.0999755859375,1711.0999755859375,1711.0999755859375,0
2022-12-21,1644.4000244140625,1644.4000244140625,1644.4000244140625,1644.4000244140625,1644.4000244140625,0
2022-12-22,1650.0,1650.0,1650.0,1650.0,1650.0,0
2022-12-23,1710.199951171875,1710.199951171875,1710.199951171875,1710.199951171875,1710.199951171875,0
2022-12-27,1804.5,1804.5,1804.5,1804.5,1804.5,0
2022-12-28,1763.199951171875,1763.199951171875,1763.199951171875,1763.199951171875,1763.199951171875,0
2022-12-29,1807.9000244140625,1807.9000244140625,1807.9000244140625,1807.9000244140625,1807.9000244140625,0
2022-12-30,1789.300048828125,1789.300048828125,1789.300048828125,1789.300048828125,1789.300048828125,0
2023-01-03,1684.199951171875,1684.199951171875,1684.199951171875,1684.199951171875,1684.199951171875,0
2023-01-04,1788.0,1788.0,1788.0,1788.0,1788.0,0
2023-01-05,1724.0,1724.0,1724.0,1724.0,1724.0,0
2023-01-06,1798.0,1798.0,1798.0,1798.0,1798.0,2
2023-01-09,1766.699951171875,1768.0,1748.5,1766.699951171875,1766.699951171875,2
2023-01-10,1768.300048828125,1768.300048828125,1768.300048828125,1768.300048828125,1768.300048828125,2
2023-01-11,1771.300048828125,1771.300048828125,1771.300048828125,1771.300048828125,1771.300048828125,2
2023-01-12,1781.0999755859375,1781.0999755859375,1781.0999755859375,1781.0999755859375,1781.0999755859375,2
2023-01-13,1777.5,1777.5,1777.5,1777.5,1777.5,2
2023-01-17,1724.199951171875,1724.199951171875,1724.199951171875,1724.199951171875,1724.199951171875,2
2023-01-18,1696.199951171875,1696.199951171875,1696.199951171875,1696.199951171875,1696.199951171875,2
2023-01-19,1759.0,1759.0,1759.0,1759.0,1759.0,2
2023-01-20,1713.699951171875,1713.699951171875,1713.699951171875,1713.699951171875,1713.699951171875,2
2023-01-23,1692.9000244140625,1692.9000244140625,1692.9000244140625,1692.9000244140625,1692.9000244140625,2
2023-01-24,1727.0,1727.0,1727.0,1727.0,1727.0,2
2023-01-25,1679.4000244140625,1679.4000244140625,1679.4000244140625,1679.4000244140625,1679.4000244140625,2
2023-01-26,1655.300048828125,1655.300048828125,1655.300048828125,1655.300048828125,1655.300048828125,2
2023-01-27,1591.199951171875,1591.199951171875,1591.199951171875,1591.199951171875,1591.199951171875,2
2023-01-30,1622.0,1622.0,1622.0,1622.0,1622.0,2
2023-01-31,1644.5,1644.5,1644.5,1644.5,1644.5,2
2023-02-01,1628.800048828125,1628.800048828125,1628.800048828125,1628.800048828125,1628.800048828125,2
2023-02-02,1638.800048828125,1638.800048828125,1638.800048828125,1638.800048828125,1638.800048828125,2
2023-02-03,1614.5999755859375,1614.5999755859375,1614.5999755859375,1614.5999755859375,1614.5999755859375,2
2023-02-06,1575.5999755859375,1575.5999755859375,1575.5999755859375,1575.5999755859375,1575.5999755859375,2
2023-02-07,1638.5999755859375,1638.5999755859375,1638.5999755859375,1638.5999755859375,1638.5999755859375,2
2023-02-08,1632.9000244140625,1632.9000244140625,1632.9000244140625,1632.9000244140625,1632.9000244140625,2
2023-02-09,1613.699951171875,1613.699951171875,1613.699951171875,1613.699951171875,1613.699951171875,2
2023-02-10,1521.9000244140625,1521.9000244140625,1521.9000244140625,1521.9000244140625,1521.9000244140625,2
2023-02-13,1533.5,1533.5,1533.5,1533.5,1533.5,2
2023-02-14,1463.199951171875,1463.199951171875,1463.199951171875,1463.199951171875,1463.199951171875,2
2023-02-15,1449.0,1451.0,1441.5,1441.5,1441.5,4
2023-02-16,1522.699951171875,1522.699951171875,1522.699951171875,1522.699951171875,1522.699951171875,4
2023-02-17,1489.5,1489.5,1489.5,1489.5,1489.5,4
2023-02-21,1517.699951171875,1517.699951171875,1517.699951171875,1517.699951171875,1517.699951171875,4
2023-02-22,1479.199951171875,1479.199951171875,1479.199951171875,1479.199951171875,1479.199951171875,4
2023-02-23,1425.5999755859375,1425.5999755859375,1425.5999755859375,1425.5999755859375,1425.5999755859375,4
2023-02-24,1374.300048828125,1374.300048828125,1374.300048828125,1374.300048828125,1374.300048828125,3356
2023-02-27,1387.0,1455.0,1381.0,1410.5,1410.5,457
2023-02-28,1409.0,1411.0,1370.5,1404.4000244140625,1404.4000244140625,59
2023-03-01,1421.699951171875,1421.699951171875,1421.699951171875,1421.699951171875,1421.699951171875,4
2023-03-02,1428.9000244140625,1428.9000244140625,1428.9000244140625,1428.9000244140625,1428.9000244140625,0
2023-03-03,1431.199951171875,1431.199951171875,1431.199951171875,1431.199951171875,1431.199951171875,2
2023-03-06,1407.4000244140625,1407.4000244140625,1407.4000244140625,1407.4000244140625,1407.4000244140625,0
2023-03-07,1353.699951171875,1353.699951171875,1353.699951171875,1353.699951171875,1353.699951171875,0
2023-03-08,1353.5,1360.0,1339.0,1346.4000244140625,1346.4000244140625,6
2023-03-09,1342.5,1359.4000244140625,1342.5,1359.4000244140625,1359.4000244140625,2
2023-03-10,1348.0999755859375,1348.0999755859375,1348.0999755859375,1348.0999755859375,1348.0999755859375,0
2023-03-13,1372.5,1461.699951171875,1367.0,1461.699951171875,1461.699951171875,3
2023-03-14,1469.5,1503.5,1469.5,1503.5,1503.5,3
2023-03-15,1430.5999755859375,1430.5999755859375,1430.5999755859375,1430.5999755859375,1430.5999755859375,0
2023-03-16,1443.0,1443.0,1395.800048828125,1395.800048828125,1395.800048828125,1
2023-03-17,1433.0,1435.0,1372.199951171875,1372.199951171875,1372.199951171875,10
2023-03-20,1390.5,1390.5,1386.5,1386.5,1386.5,5
2023-03-21,1369.300048828125,1369.300048828125,1369.300048828125,1369.300048828125,1369.300048828125,1
2023-03-22,1360.0,1433.300048828125,1360.0,1433.300048828125,1433.300048828125,4
2023-03-23,1421.4000244140625,1421.4000244140625,1421.4000244140625,1421.4000244140625,1421.4000244140625,0
2023-03-24,1403.300048828125,1403.300048828125,1403.300048828125,1403.300048828125,1403.300048828125,0
2023-03-27,1392.9000244140625,1392.9000244140625,1392.9000244140625,1392.9000244140625,1392.9000244140625,0
2023-03-28,1403.5,1403.5,1403.5,1403.5,1403.5,2
2023-03-29,1399.0,1425.9000244140625,1399.0,1425.9000244140625,1425.9000244140625,0
2023-03-30,1464.5999755859375,1464.5999755859375,1464.5999755859375,1464.5999755859375,1464.5999755859375,0
2023-03-31,1466.0,1466.0,1466.0,1466.0,1466.0,0
2023-04-03,1456.0,1456.0,1456.0,1456.0,1456.0,0
2023-04-04,1452.4000244140625,1452.4000244140625,1452.4000244140625,1452.4000244140625,1452.4000244140625,0
2023-04-05,1422.0,1422.0,1422.0,1422.0,1422.0,0
2023-04-06,1459.0999755859375,1459.0999755859375,1459.0999755859375,1459.0999755859375,1459.0999755859375,0
2023-04-10,1404.300048828125,1404.300048828125,1404.300048828125,1404.300048828125,1404.300048828125,0
2023-04-11,1440.300048828125,1440.300048828125,1440.300048828125,1440.300048828125,1440.300048828125,0
2023-04-12,1452.5999755859375,1452.5999755859375,1452.5999755859375,1452.5999755859375,1452.5999755859375,0
2023-04-13,1492.300048828125,1492.300048828125,1492.300048828125,1492.300048828125,1492.300048828125,0
2023-04-14,1493.0,1493.0,1493.0,1493.0,1493.0,0
2023-04-17,1557.199951171875,1557.199951171875,1557.199951171875,1557.199951171875,1557.199951171875,0
2023-04-18,1639.5999755859375,1639.5999755859375,1639.5999755859375,1639.5999755859375,1639.5999755859375,0
2023-04-19,1615.5,1615.5,1615.5,1615.5,1615.5,0
2023-04-20,1585.4000244140625,1585.4000244140625,1585.4000244140625,1585.4000244140625,1585.4000244140625,0
2023-04-21,1604.0999755859375,1604.0999755859375,1604.0999755859375,1604.0999755859375,1604.0999755859375,0
2023-04-24,1531.0999755859375,1531.0999755859375,1531.0999755859375,1531.0999755859375,1531.0999755859375,0
2023-04-25,1477.5999755859375,1477.5999755859375,1477.5999755859375,1477.5999755859375,1477.5999755859375,0
2023-04-26,1505.0999755859375,1505.0999755859375,1505.0999755859375,1505.0999755859375,1505.0999755859375,1
2023-04-27,1500.4000244140625,1500.4000244140625,1500.4000244140625,1500.4000244140625,1500.4000244140625,1
2023-04-28,1517.9000244140625,1517.9000244140625,1517.9000244140625,1517.9000244140625,1517.9000244140625,1
2023-05-01,1454.800048828125,1454.800048828125,1454.800048828125,1454.800048828125,1454.800048828125,1
2023-05-02,1429.0,1429.0,1429.0,1429.0,1429.0,1
2023-05-03,1424.800048828125,1424.800048828125,1424.800048828125,1424.800048828125,1424.800048828125,1
2023-05-04,1449.5999755859375,1449.5999755859375,1449.5999755859375,1449.5999755859375,1449.5999755859375,1
2023-05-05,1494.800048828125,1494.800048828125,1494.800048828125,1494.800048828125,1494.800048828125,1
2023-05-08,1571.4000244140625,1571.4000244140625,1571.4000244140625,1571.4000244140625,1571.4000244140625,1
2023-05-09,1587.699951171875,1587.699951171875,1587.699951171875,1587.699951171875,1587.699951171875,1
2023-05-10,1613.0999755859375,1613.0999755859375,1613.0999755859375,1613.0999755859375,1613.0999755859375,1
2023-05-11,1562.0,1562.0,1562.0,1562.0,1562.0,1
2023-05-12,1521.800048828125,1521.800048828125,1521.800048828125,1521.800048828125,1521.800048828125,1
2023-05-15,1538.300048828125,1538.300048828125,1538.300048828125,1538.300048828125,1538.300048828125,1
2023-05-16,1507.5999755859375,1507.5999755859375,1507.5999755859375,1507.5999755859375,1507.5999755859375,1
2023-05-17,1492.9000244140625,1492.9000244140625,1492.9000244140625,1492.9000244140625,1492.9000244140625,1
2023-05-18,1458.199951171875,1458.199951171875,1458.199951171875,1458.199951171875,1458.199951171875,1
2023-05-19,1531.800048828125,1531.800048828125,1531.800048828125,1531.800048828125,1531.800048828125,1
2023-05-22,1500.199951171875,1500.199951171875,1500.199951171875,1500.199951171875,1500.199951171875,1
2023-05-23,1454.699951171875,1454.699951171875,1454.699951171875,1454.699951171875,1454.699951171875,1
2023-05-24,1406.0999755859375,1406.0999755859375,1406.0999755859375,1406.0999755859375,1406.0999755859375,1
2023-05-25,1424.0,1424.0,1404.0,1423.5999755859375,1423.5999755859375,2
2023-05-26,1431.5,1431.5,1431.5,1431.5,1431.5,3330
2023-05-30,1423.0,1430.0,1371.5,1378.5999755859375,1378.5999755859375,747
2023-05-31,1394.0,1394.0,1340.0,1340.9000244140625,1340.9000244140625,16
2023-06-01,1356.0,1384.0,1346.5,1375.9000244140625,1375.9000244140625,23
2023-06-02,1386.800048828125,1386.800048828125,1386.800048828125,1386.800048828125,1386.800048828125,0
2023-06-05,1391.0,1396.5,1389.0,1395.5,1395.5,6
2023-06-06,1403.5,1403.5,1396.5999755859375,1396.5999755859375,1396.5999755859375,3
2023-06-07,1394.0,1400.0,1372.699951171875,1372.699951171875,1372.699951171875,35
2023-06-08,1379.0,1379.0,1343.0999755859375,1343.0999755859375,1343.0999755859375,7
2023-06-09,1338.0,1338.0,1289.5,1289.5999755859375,1289.5999755859375,7
2023-06-12,1325.9000244140625,1325.9000244140625,1325.9000244140625,1325.9000244140625,1325.9000244140625,0
2023-06-13,1344.0999755859375,1344.0999755859375,1344.0999755859375,1344.0999755859375,1344.0999755859375,0
2023-06-14,1387.9000244140625,1387.9000244140625,1387.9000244140625,1387.9000244140625,1387.9000244140625,0
2023-06-15,1383.0,1383.0,1383.0,1383.0,1383.0,0
2023-06-16,1401.800048828125,1401.800048828125,1401.800048828125,1401.800048828125,1401.800048828125,0
2023-06-20,1366.5,1366.5,1361.5,1363.199951171875,1363.199951171875,3
2023-06-21,1335.5,1337.0,1333.0,1335.5,1335.5,14
2023-06-22,1261.699951171875,1261.699951171875,1261.699951171875,1261.699951171875,1261.699951171875,0
2023-06-23,1268.0999755859375,1268.0999755859375,1268.0999755859375,1268.0999755859375,1268.0999755859375,0
2023-06-26,1300.0,1308.0,1291.800048828125,1291.800048828125,1291.800048828125,2
2023-06-27,1283.199951171875,1283.199951171875,1283.199951171875,1283.199951171875,1283.199951171875,1
2023-06-28,1236.0,1236.0,1236.0,1236.0,1236.0,5
2023-06-29,1218.800048828125,1218.800048828125,1218.800048828125,1218.800048828125,1218.800048828125,5
2023-06-30,1213.4000244140625,1213.4000244140625,1213.4000244140625,1213.4000244140625,1213.4000244140625,5
2023-07-03,1218.4000244140625,1218.4000244140625,1218.4000244140625,1218.4000244140625,1218.4000244140625,5
2023-07-05,1249.300048828125,1249.300048828125,1249.300048828125,1249.300048828125,1249.300048828125,5
2023-07-06,1230.800048828125,1230.800048828125,1230.800048828125,1230.800048828125,1230.800048828125,5
2023-07-07,1236.5,1236.5,1236.5,1236.5,1236.5,5
2023-07-10,1228.0999755859375,1228.0999755859375,1228.0999755859375,1228.0999755859375,1228.0999755859375,5
2023-07-11,1239.300048828125,1239.300048828125,1239.300048828125,1239.300048828125,1239.300048828125,5
2023-07-12,1271.199951171875,1271.199951171875,1271.199951171875,1271.199951171875,1271.199951171875,5
2023-07-13,1283.199951171875,1283.199951171875,1283.199951171875,1283.199951171875,1283.199951171875,5
2023-07-14,1257.800048828125,1257.800048828125,1257.800048828125,1257.800048828125,1257.800048828125,5
2023-07-17,1276.199951171875,1276.199951171875,1276.199951171875,1276.199951171875,1276.199951171875,5
2023-07-18,1311.5999755859375,1311.5999755859375,1311.5999755859375,1311.5999755859375,1311.5999755859375,5
2023-07-19,1302.5,1302.5,1302.5,1302.5,1302.5,5
2023-07-20,1270.4000244140625,1270.4000244140625,1270.4000244140625,1270.4000244140625,1270.4000244140625,5
2023-07-21,1281.5999755859375,1281.5999755859375,1281.5999755859375,1281.5999755859375,1281.5999755859375,5
2023-07-24,1263.9000244140625,1263.9000244140625,1263.9000244140625,1263.9000244140625,1263.9000244140625,5
2023-07-25,1276.300048828125,1276.300048828125,1276.300048828125,1276.300048828125,1276.300048828125,5
2023-07-26,1251.0,1251.0,1251.0,1251.0,1251.0,5
2023-07-27,1231.699951171875,1231.699951171875,1231.699951171875,1231.699951171875,1231.699951171875,1
2023-07-28,1228.699951171875,1228.699951171875,1228.699951171875,1228.699951171875,1228.699951171875,1
2023-07-31,1264.699951171875,1264.699951171875,1264.699951171875,1264.699951171875,1264.699951171875,1
2023-08-01,1226.199951171875,1226.199951171875,1226.199951171875,1226.199951171875,1226.199951171875,1
2023-08-02,1230.9000244140625,1230.9000244140625,1230.9000244140625,1230.9000244140625,1230.9000244140625,1
2023-08-03,1246.5,1246.5,1246.5,1246.5,1246.5,1
2023-08-04,1253.699951171875,1253.699951171875,1253.699951171875,1253.699951171875,1253.699951171875,1
2023-08-07,1225.300048828125,1225.300048828125,1225.300048828125,1225.300048828125,1225.300048828125,1
2023-08-08,1207.199951171875,1207.199951171875,1207.199951171875,1207.199951171875,1207.199951171875,1
2023-08-09,1220.5999755859375,1220.5999755859375,1220.5999755859375,1220.5999755859375,1220.5999755859375,1
2023-08-10,1294.5999755859375,1294.5999755859375,1294.5999755859375,1294.5999755859375,1294.5999755859375,1
2023-08-11,1298.199951171875,1298.199951171875,1298.199951171875,1298.199951171875,1298.199951171875,1
2023-08-14,1262.0,1262.0,1262.0,1262.0,1262.0,1
2023-08-15,1227.699951171875,1227.699951171875,1227.699951171875,1227.699951171875,1227.699951171875,1
2023-08-16,1201.5,1201.5,1201.5,1201.5,1201.5,1
2023-08-17,1209.5999755859375,1209.5999755859375,1209.5999755859375,1209.5999755859375,1209.5999755859375,1
2023-08-18,1249.0999755859375,1249.0999755859375,1249.0999755859375,1249.0999755859375,1249.0999755859375,1
2023-08-21,1228.199951171875,1228.199951171875,1228.199951171875,1228.199951171875,1228.199951171875,1
2023-08-22,1253.9000244140625,1253.9000244140625,1253.9000244140625,1253.9000244140625,1253.9000244140625,1
2023-08-23,1270.5,1270.5,1270.5,1270.5,1270.5,1
2023-08-24,1233.699951171875,1233.699951171875,1233.699951171875,1233.699951171875,1233.699951171875,1
2023-08-25,1218.199951171875,1218.199951171875,1218.199951171875,1218.199951171875,1218.199951171875,1
2023-08-28,1245.4000244140625,1245.4000244140625,1245.4000244140625,1245.4000244140625,1245.4000244140625,1
2023-08-29,1232.800048828125,1232.800048828125,1232.800048828125,1232.800048828125,1232.800048828125,2836
2023-08-30,1236.5,1241.0,1203.0,1216.9000244140625,1216.9000244140625,439
2023-08-31,1228.0,1228.0,1207.800048828125,1207.800048828125,1207.800048828125,19
2023-09-01,1217.199951171875,1217.199951171875,1217.199951171875,1217.199951171875,1217.199951171875,0
2023-09-05,1204.0,1204.0,1204.0,1204.0,1204.0,0
2023-09-06,1200.4000244140625,1200.4000244140625,1200.4000244140625,1200.4000244140625,1200.4000244140625,0
2023-09-07,1198.5,1205.9000244140625,1198.5,1205.9000244140625,1205.9000244140625,5
2023-09-08,1207.0,1209.0,1183.199951171875,1183.199951171875,1183.199951171875,2
2023-09-11,1203.5,1210.0999755859375,1197.0,1210.0999755859375,1210.0999755859375,2
2023-09-12,1236.199951171875,1236.199951171875,1236.199951171875,1236.199951171875,1236.199951171875,0
2023-09-13,1252.199951171875,1252.199951171875,1252.199951171875,1252.199951171875,1252.199951171875,2
2023-09-14,1246.9000244140625,1246.9000244140625,1246.9000244140625,1246.9000244140625,1246.9000244140625,0
2023-09-15,1243.800048828125,1243.800048828125,1243.800048828125,1243.800048828125,1243.800048828125,0
2023-09-18,1221.0,1236.699951171875,1221.0,1236.699951171875,1236.699951171875,5
2023-09-19,1235.5,1257.0999755859375,1235.5,1257.0999755859375,1257.0999755859375,8
2023-09-20,1271.5999755859375,1271.5999755859375,1271.5999755859375,1271.5999755859375,1271.5999755859375,0
2023-09-21,1260.0,1260.0,1260.0,1260.0,1260.0,0
2023-09-22,1242.0,1245.199951171875,1242.0,1245.199951171875,1245.199951171875,2
2023-09-25,1223.300048828125,1223.300048828125,1223.300048828125,1223.300048828125,1223.300048828125,1
2023-09-26,1217.0,1217.0,1217.0,1217.0,1217.0,1
2023-09-27,1215.0,1215.0,1215.0,1215.0,1215.0,0
2023-09-28,1277.9000244140625,1277.9000244140625,1277.9000244140625,1277.9000244140625,1277.9000244140625,0
2023-09-29,1255.199951171875,1255.199951171875,1255.199951171875,1255.199951171875,1255.199951171875,0
2023-10-02,1205.0999755859375,1205.0999755859375,1205.0999755859375,1205.0999755859375,1205.0999755859375,0
2023-10-03,1193.4000244140625,1193.4000244140625,1193.4000244140625,1193.4000244140625,1193.4000244140625,0
2023-10-04,1172.699951171875,1172.699951171875,1172.699951171875,1172.699951171875,1172.699951171875,0
2023-10-05,1145.800048828125,1145.800048828125,1145.800048828125,1145.800048828125,1145.800048828125,0
2023-10-06,1164.199951171875,1164.199951171875,1164.199951171875,1164.199951171875,1164.199951171875,0
2023-10-09,1135.4000244140625,1135.4000244140625,1135.4000244140625,1135.4000244140625,1135.4000244140625,0
2023-10-10,1162.4000244140625,1162.4000244140625,1162.4000244140625,1162.4000244140625,1162.4000244140625,0
2023-10-11,1173.9000244140625,1173.9000244140625,1173.9000244140625,1173.9000244140625,1173.9000244140625,0
2023-10-12,1139.300048828125,1139.300048828125,1139.300048828125,1139.300048828125,1139.300048828125,0
2023-10-13,1148.699951171875,1148.699951171875,1148.699951171875,1148.699951171875,1148.699951171875,0
2023-10-16,1138.800048828125,1138.800048828125,1138.800048828125,1138.800048828125,1138.800048828125,0
2023-10-17,1149.9000244140625,1149.9000244140625,1149.9000244140625,1149.9000244140625,1149.9000244140625,0
2023-10-18,1126.5,1126.5,1126.5,1126.5,1126.5,0
2023-10-19,1121.699951171875,1121.699951171875,1121.699951171875,1121.699951171875,1121.699951171875,0
2023-10-20,1104.0,1104.0,1104.0,1104.0,1104.0,0
2023-10-23,1132.0,1132.0,1132.0,1132.0,1132.0,0
2023-10-24,1130.699951171875,1130.699951171875,1130.699951171875,1130.699951171875,1130.699951171875,4
2023-10-25,1127.0,1127.0,1127.0,1127.0,1127.0,0
2023-10-26,1146.0,1146.0,1146.0,1146.0,1146.0,0
2023-10-27,1124.199951171875,1124.199951171875,1124.199951171875,1124.199951171875,1124.199951171875,0
2023-10-30,1134.4000244140625,1134.4000244140625,1134.4000244140625,1134.4000244140625,1134.4000244140625,0
2023-10-31,1122.199951171875,1122.199951171875,1122.199951171875,1122.199951171875,1122.199951171875,0
2023-11-01,1110.300048828125,1110.300048828125,1110.300048828125,1110.300048828125,1110.300048828125,0
2023-11-02,1106.699951171875,1106.699951171875,1106.699951171875,1106.699951171875,1106.699951171875,0
2023-11-03,1124.4000244140625,1124.4000244140625,1124.4000244140625,1124.4000244140625,1124.4000244140625,0
2023-11-06,1110.4000244140625,1110.4000244140625,1110.4000244140625,1110.4000244140625,1110.4000244140625,0
2023-11-07,1058.9000244140625,1058.9000244140625,1058.9000244140625,1058.9000244140625,1058.9000244140625,0
2023-11-08,1056.5,1056.5,1056.5,1056.5,1056.5,0
2023-11-09,1005.2000122070312,1005.2000122070312,1005.2000122070312,1005.2000122070312,1005.2000122070312,0
2023-11-10,974.9000244140625,974.9000244140625,974.9000244140625,974.9000244140625,974.9000244140625,0
2023-11-13,978.4000244140625,978.4000244140625,978.4000244140625,978.4000244140625,978.4000244140625,0
2023-11-14,1022.7000122070312,1022.7000122070312,1022.7000122070312,1022.7000122070312,1022.7000122070312,0
2023-11-15,1036.4000244140625,1036.4000244140625,1036.4000244140625,1036.4000244140625,1036.4000244140625,0
2023-11-16,1047.199951171875,1047.199951171875,1047.199951171875,1047.199951171875,1047.199951171875,0
2023-11-17,1056.5,1056.5,1056.5,1056.5,1056.5,0
2023-11-20,1089.9000244140625,1089.9000244140625,1089.9000244140625,1089.9000244140625,1089.9000244140625,0
2023-11-21,1093.0999755859375,1093.0999755859375,1093.0999755859375,1093.0999755859375,1093.0999755859375,0
2023-11-22,1054.199951171875,1054.199951171875,1054.199951171875,1054.199951171875,1054.199951171875,0
2023-11-24,1072.800048828125,1072.800048828125,1072.800048828125,1072.800048828125,1072.800048828125,0
2023-11-27,1060.5,1060.5,1060.5,1060.5,1060.5,0
2023-11-28,1057.4000244140625,1057.4000244140625,1057.4000244140625,1057.4000244140625,1057.4000244140625,2310
2023-11-29,1057.0,1065.5,1016.0,1026.5999755859375,1026.5999755859375,414
2023-11-30,1021.5,1021.5,1006.0,1009.0999755859375,1009.0999755859375,18
2023-12-01,1000.0,1000.0,1000.0,1000.0,1000.0,7
2023-12-04,975.0,982.0,968.2999877929688,968.2999877929688,968.2999877929688,4
2023-12-05,959.0,962.0,930.2000122070312,930.2000122070312,930.2000122070312,5
2023-12-06,941.0999755859375,950.5,941.0999755859375,941.0999755859375,941.0999755859375,1
2023-12-07,970.5999755859375,970.5999755859375,970.5999755859375,970.5999755859375,970.5999755859375,0
2023-12-08,979.5,979.5,941.4000244140625,941.4000244140625,941.4000244140625,1
2023-12-11,955.0,955.0,955.0,955.0,955.0,2
2023-12-12,972.5,972.5,972.5,972.5,972.5,0
2023-12-13,959.5,959.5,959.5,959.5,959.5,0
2023-12-14,1111.699951171875,1111.699951171875,1111.699951171875,1111.699951171875,1111.699951171875,0
2023-12-15,1198.0999755859375,1198.0999755859375,1198.0999755859375,1198.0999755859375,1198.0999755859375,6
2023-12-18,1195.0999755859375,1195.0999755859375,1195.0999755859375,1195.0999755859375,1195.0999755859375,6
2023-12-19,1229.800048828125,1229.800048828125,1229.800048828125,1229.800048828125,1229.800048828125,6
2023-12-20,1215.4000244140625,1215.4000244140625,1215.4000244140625,1215.4000244140625,1215.4000244140625,6
2023-12-21,1216.699951171875,1216.699951171875,1216.699951171875,1216.699951171875,1216.699951171875,2
2023-12-22,1212.199951171875,1212.199951171875,1212.199951171875,1212.199951171875,1212.199951171875,1
2023-12-26,1177.9000244140625,1177.9000244140625,1177.9000244140625,1177.9000244140625,1177.9000244140625,1
2023-12-27,1144.800048828125,1144.800048828125,1144.800048828125,1144.800048828125,1144.800048828125,5
2023-12-28,1133.800048828125,1133.800048828125,1133.800048828125,1133.800048828125,1133.800048828125,0
2023-12-29,1104.0,1104.0,1104.0,1104.0,1104.0,0
2024-01-02,1079.0999755859375,1079.0999755859375,1079.0999755859375,1079.0999755859375,1079.0999755859375,0
2024-01-03,1071.5,1071.5,1065.9000244140625,1065.9000244140625,1065.9000244140625,2
2024-01-04,1033.0,1033.0,1033.0,1033.0,1033.0,2
2024-01-05,1032.300048828125,1032.300048828125,1032.300048828125,1032.300048828125,1032.300048828125,2
2024-01-08,993.9000244140625,993.9000244140625,993.9000244140625,993.9000244140625,993.9000244140625,2
2024-01-09,969.5,972.0,969.5,972.0,972.0,2
2024-01-10,987.0,990.4000244140625,984.5,990.4000244140625,990.4000244140625,4
2024-01-11,974.2999877929688,974.2999877929688,974.2999877929688,974.2999877929688,974.2999877929688,4
2024-01-12,972.4000244140625,972.4000244140625,972.4000244140625,972.4000244140625,972.4000244140625,4
2024-01-16,931.4000244140625,931.4000244140625,931.4000244140625,931.4000244140625,931.4000244140625,4
2024-01-17,913.2000122070312,913.2000122070312,913.2000122070312,913.2000122070312,913.2000122070312,4
2024-01-18,936.9000244140625,936.9000244140625,936.9000244140625,936.9000244140625,936.9000244140625,4
2024-01-19,941.7999877929688,941.7999877929688,941.7999877929688,941.7999877929688,941.7999877929688,4
2024-01-22,934.0,934.0,934.0,934.0,934.0,4
2024-01-23,939.0999755859375,939.0999755859375,939.0999755859375,939.0999755859375,939.0999755859375,4
2024-01-24,967.2999877929688,967.2999877929688,967.2999877929688,967.2999877929688,967.2999877929688,4
2024-01-25,936.4000244140625,936.4000244140625,936.4000244140625,936.4000244140625,936.4000244140625,4
2024-01-26,955.0999755859375,955.0999755859375,955.0999755859375,955.0999755859375,955.0999755859375,4
2024-01-29,974.2999877929688,974.2999877929688,974.2999877929688,974.2999877929688,974.2999877929688,8
2024-01-30,975.7999877929688,975.7999877929688,974.0,975.7999877929688,975.7999877929688,1
2024-01-31,992.9000244140625,992.9000244140625,992.9000244140625,992.9000244140625,992.9000244140625,0
2024-02-01,967.7000122070312,967.7000122070312,967.7000122070312,967.7000122070312,967.7000122070312,0
2024-02-02,945.7000122070312,945.7000122070312,945.7000122070312,945.7000122070312,945.7000122070312,0
2024-02-05,952.7999877929688,952.7999877929688,952.7999877929688,952.7999877929688,952.7999877929688,0
2024-02-06,948.0,948.0,948.0,948.0,948.0,0
2024-02-07,896.9000244140625,896.9000244140625,896.9000244140625,896.9000244140625,896.9000244140625,0
2024-02-08,865.0,888.5999755859375,865.0,888.5999755859375,888.5999755859375,22
2024-02-09,865.0,865.9000244140625,865.0,865.9000244140625,865.9000244140625,6
2024-02-12,898.0,898.0,893.5,893.5,893.5,1
2024-02-13,898.0,907.5,856.0,857.4000244140625,857.4000244140625,11
2024-02-14,930.7999877929688,930.7999877929688,930.7999877929688,930.7999877929688,930.7999877929688,11
2024-02-15,948.7000122070312,948.7000122070312,948.7000122070312,948.7000122070312,948.7000122070312,11
2024-02-16,948.7000122070312,948.7000122070312,948.7000122070312,948.7000122070312,948.7000122070312,11
2024-02-20,979.2999877929688,979.2999877929688,979.2999877929688,979.2999877929688,979.2999877929688,11
2024-02-21,946.0999755859375,946.0999755859375,946.0999755859375,946.0999755859375,946.0999755859375,11
2024-02-22,966.9000244140625,966.9000244140625,966.9000244140625,966.9000244140625,966.9000244140625,11
2024-02-23,985.2000122070312,985.2000122070312,985.2000122070312,985.2000122070312,985.2000122070312,11
2024-02-26,953.7000122070312,953.7000122070312,953.7000122070312,953.7000122070312,953.7000122070312,11
2024-02-27,939.0999755859375,939.0999755859375,939.0999755859375,939.0999755859375,939.0999755859375,2041
2024-02-28,934.5,938.0,904.5,918.0,918.0,496
2024-02-29,933.5,940.5,929.5,933.5,933.5,17
2024-03-01,941.0,952.7999877929688,941.0,952.7999877929688,952.7999877929688,5
2024-03-04,956.5,964.9000244140625,956.0,964.9000244140625,964.9000244140625,2
2024-03-05,938.5999755859375,938.5999755859375,938.5999755859375,938.5999755859375,938.5999755859375,0
2024-03-06,956.5,1037.9000244140625,956.5,1037.9000244140625,1037.9000244140625,12
2024-03-07,1031.0,1031.0,1031.0,1031.0,1031.0,15
2024-03-08,1016.0,1016.0,1016.0,1016.0,1016.0,0
2024-03-11,1032.5999755859375,1032.5999755859375,1032.5999755859375,1032.5999755859375,1032.5999755859375,0
2024-03-12,1041.0999755859375,1041.0999755859375,1041.0999755859375,1041.0999755859375,1041.0999755859375,0
2024-03-13,1055.0,1080.5,1055.0,1062.800048828125,1062.800048828125,5
2024-03-14,1080.0,1080.0,1071.800048828125,1071.800048828125,1071.800048828125,1
2024-03-15,1083.5,1083.5,1083.5,1083.5,1083.5,0
2024-03-18,1035.5999755859375,1035.5999755859375,1035.5999755859375,1035.5999755859375,1035.5999755859375,0
2024-03-19,993.9000244140625,993.9000244140625,993.9000244140625,993.9000244140625,993.9000244140625,0
2024-03-20,994.7000122070312,994.7000122070312,994.7000122070312,994.7000122070312,994.7000122070312,1
2024-03-21,1013.4000244140625,1013.4000244140625,1013.4000244140625,1013.4000244140625,1013.4000244140625,0
2024-03-22,992.7999877929688,992.7999877929688,992.7999877929688,992.7999877929688,992.7999877929688,0
2024-03-25,1007.7999877929688,1007.7999877929688,1007.7999877929688,1007.7999877929688,1007.7999877929688,0
2024-03-26,992.7000122070312,992.7000122070312,992.7000122070312,992.7000122070312,992.7000122070312,10
2024-03-27,979.0,979.0,979.0,979.0,979.0,0
2024-03-28,1009.5,1009.5,1009.5,1009.5,1009.5,0
2024-04-01,992.0,992.0,992.0,992.0,992.0,0
2024-04-02,992.2999877929688,992.2999877929688,992.2999877929688,992.2999877929688,992.2999877929688,0
2024-04-03,1009.7000122070312,1009.7000122070312,1009.7000122070312,1009.7000122070312,1009.7000122070312,0
2024-04-04,1029.300048828125,1029.300048828125,1029.300048828125,1029.300048828125,1029.300048828125,0
2024-04-05,995.4000244140625,995.4000244140625,995.4000244140625,995.4000244140625,995.4000244140625,0
2024-04-08,1038.5,1038.5,1038.5,1038.5,1038.5,0
2024-04-09,1074.0999755859375,1074.0999755859375,1074.0999755859375,1074.0999755859375,1074.0999755859375,0
2024-04-10,1051.699951171875,1051.699951171875,1051.699951171875,1051.699951171875,1051.699951171875,0
2024-04-11,1038.9000244140625,1038.9000244140625,1038.9000244140625,1038.9000244140625,1038.9000244140625,0
2024-04-12,1057.699951171875,1057.699951171875,1057.699951171875,1057.699951171875,1057.699951171875,0
2024-04-15,1042.0999755859375,1042.0999755859375,1042.0999755859375,1042.0999755859375,1042.0999755859375,0
2024-04-16,1029.4000244140625,1029.4000244140625,1029.4000244140625,1029.4000244140625,1029.4000244140625,0
2024-04-17,1029.0,1029.0,1029.0,1029.0,1029.0,0
2024-04-18,1037.5999755859375,1037.5999755859375,1037.5999755859375,1037.5999755859375,1037.5999755859375,0
2024-04-19,1025.5,1025.5,1025.5,1025.5,1025.5,0
2024-04-22,1014.7000122070312,1014.7000122070312,1014.7000122070312,1014.7000122070312,1014.7000122070312,0
2024-04-23,1025.9000244140625,1025.9000244140625,1025.9000244140625,1025.9000244140625,1025.9000244140625,0
2024-04-24,1007.4000244140625,1007.4000244140625,1007.4000244140625,1007.4000244140625,1007.4000244140625,0
2024-04-25,981.0999755859375,981.0999755859375,981.0999755859375,981.0999755859375,981.0999755859375,0
2024-04-26,957.4000244140625,957.4000244140625,957.4000244140625,957.4000244140625,957.4000244140625,1
2024-04-29,976.7000122070312,976.7000122070312,972.5,976.7000122070312,976.7000122070312,2
2024-04-30,951.9000244140625,951.9000244140625,951.9000244140625,951.9000244140625,951.9000244140625,0
2024-05-01,947.7000122070312,947.7000122070312,947.7000122070312,947.7000122070312,947.7000122070312,0
2024-05-02,938.2000122070312,938.2000122070312,938.2000122070312,938.2000122070312,938.2000122070312,0
2024-05-03,947.5,947.5,947.5,947.5,947.5,0
2024-05-06,982.2999877929688,982.2999877929688,982.2999877929688,982.2999877929688,982.2999877929688,0
2024-05-07,978.7999877929688,978.7999877929688,978.7999877929688,978.7999877929688,978.7999877929688,0
2024-05-08,955.4000244140625,955.4000244140625,955.4000244140625,955.4000244140625,955.4000244140625,0
2024-05-09,970.4000244140625,970.4000244140625,970.4000244140625,970.4000244140625,970.4000244140625,0
2024-05-10,980.7999877929688,980.7999877929688,980.7999877929688,980.7999877929688,980.7999877929688,0
2024-05-13,964.9000244140625,964.9000244140625,964.9000244140625,964.9000244140625,964.9000244140625,0
2024-05-14,981.5,981.5,981.5,981.5,981.5,0
2024-05-15,1014.0999755859375,1014.0999755859375,1014.0999755859375,1014.0999755859375,1014.0999755859375,0
2024-05-16,997.5,997.5,997.5,997.5,997.5,0
2024-05-17,1009.9000244140625,1009.9000244140625,1009.9000244140625,1009.9000244140625,1009.9000244140625,0
2024-05-20,1030.699951171875,1030.699951171875,1030.699951171875,1030.699951171875,1030.699951171875,0
2024-05-21,1029.4000244140625,1029.4000244140625,1029.4000244140625,1029.4000244140625,1029.4000244140625,0
2024-05-22,1002.9000244140625,1002.9000244140625,1002.9000244140625,1002.9000244140625,1002.9000244140625,0
2024-05-23,973.2999877929688,973.2999877929688,973.2999877929688,973.2999877929688,973.2999877929688,0
2024-05-24,969.0999755859375,969.0999755859375,969.0999755859375,969.0999755859375,969.0999755859375,0
2024-05-28,976.7000122070312,976.7000122070312,976.7000122070312,976.7000122070312,976.7000122070312,0
2024-05-29,963.0999755859375,963.0999755859375,963.0999755859375,963.0999755859375,963.0999755859375,4087
2024-05-30,955.0,957.5,929.0,944.2999877929688,944.2999877929688,394
2024-05-31,942.0,950.0,899.2000122070312,899.2000122070312,899.2000122070312,19
2024-06-03,913.0,913.0,913.0,913.0,913.0,0
2024-06-04,904.5,910.2999877929688,902.0,910.2999877929688,910.2999877929688,2
2024-06-05,909.5,924.5,909.5,924.5,924.5,1
2024-06-06,923.7999877929688,923.7999877929688,923.7999877929688,923.7999877929688,923.7999877929688,11
2024-06-07,909.5,909.5,909.5,909.5,909.5,0
2024-06-10,896.4000244140625,896.4000244140625,896.4000244140625,896.4000244140625,896.4000244140625,0
2024-06-11,876.9000244140625,876.9000244140625,876.9000244140625,876.9000244140625,876.9000244140625,0
2024-06-12,878.0,900.0,878.0,899.7999877929688,899.7999877929688,12
2024-06-13,881.5,881.5,876.5,877.4000244140625,877.4000244140625,8
2024-06-14,890.5999755859375,890.5999755859375,890.5999755859375,890.5999755859375,890.5999755859375,0
2024-06-17,876.5,883.5999755859375,876.5,883.5999755859375,883.5999755859375,2
2024-06-18,880.9000244140625,880.9000244140625,880.9000244140625,880.9000244140625,880.9000244140625,0
2024-06-20,905.0,915.5,905.0,905.4000244140625,905.4000244140625,9
2024-06-21,940.5,950.0,918.0999755859375,918.0999755859375,918.0999755859375,29
2024-06-24,981.5,981.5,976.0999755859375,976.0999755859375,976.0999755859375,1
2024-06-25,933.7000122070312,933.7000122070312,933.7000122070312,933.7000122070312,933.7000122070312,1
2024-06-26,949.5,950.0,922.7000122070312,922.7000122070312,922.7000122070312,4
2024-06-27,927.5999755859375,927.5999755859375,927.5999755859375,927.5999755859375,927.5999755859375,1
2024-06-28,977.9000244140625,977.9000244140625,977.9000244140625,977.9000244140625,977.9000244140625,1
2024-07-01,979.0,979.0,972.4000244140625,972.4000244140625,972.4000244140625,2
2024-07-02,1020.2000122070312,1020.2000122070312,1020.2000122070312,1020.2000122070312,1020.2000122070312,2
2024-07-03,1019.0,1040.5,1011.0,1034.199951171875,1034.199951171875,4
2024-07-05,1035.800048828125,1035.800048828125,1035.800048828125,1035.800048828125,1035.800048828125,4
2024-07-08,1011.5,1011.5,1011.5,1011.5,1011.5,4
2024-07-09,982.5,982.5,982.5,982.5,982.5,4
2024-07-10,987.5999755859375,987.5999755859375,987.5999755859375,987.5999755859375,987.5999755859375,4
2024-07-11,993.4000244140625,993.4000244140625,993.4000244140625,993.4000244140625,993.4000244140625,4
2024-07-12,969.0999755859375,969.0999755859375,969.0999755859375,969.0999755859375,969.0999755859375,4
2024-07-15,946.7000122070312,946.7000122070312,946.7000122070312,946.7000122070312,946.7000122070312,4
2024-07-16,953.0,953.0,953.0,953.0,953.0,4
2024-07-17,950.5,950.5,950.5,950.5,950.5,4
2024-07-18,926.2999877929688,926.2999877929688,926.2999877929688,926.2999877929688,926.2999877929688,4
2024-07-19,899.0999755859375,899.0999755859375,899.0999755859375,899.0999755859375,899.0999755859375,4
2024-07-22,889.2000122070312,889.2000122070312,889.2000122070312,889.2000122070312,889.2000122070312,4
2024-07-23,909.0999755859375,909.0999755859375,909.0999755859375,909.0999755859375,909.0999755859375,4
2024-07-24,922.0,922.0,922.0,922.0,922.0,4
2024-07-25,894.0,894.0,894.0,894.0,894.0,4
2024-07-26,884.9000244140625,884.9000244140625,884.9000244140625,884.9000244140625,884.9000244140625,4
2024-07-29,885.7999877929688,885.7999877929688,885.7999877929688,885.7999877929688,885.7999877929688,2
2024-07-30,878.0,878.0,873.5,878.0,878.0,1
2024-07-31,922.5999755859375,922.5999755859375,922.5999755859375,922.5999755859375,922.5999755859375,0
2024-08-01,891.7999877929688,891.7999877929688,891.7999877929688,891.7999877929688,891.7999877929688,0
2024-08-02,879.2000122070312,879.2000122070312,879.2000122070312,879.2000122070312,879.2000122070312,0
2024-08-05,836.0,846.0,822.7999877929688,822.7999877929688,822.7999877929688,2
2024-08-06,857.0999755859375,857.0999755859375,857.0999755859375,857.0999755859375,857.0999755859375,0
2024-08-07,883.7999877929688,883.7999877929688,883.7999877929688,883.7999877929688,883.7999877929688,0
2024-08-08,905.9000244140625,905.9000244140625,905.9000244140625,905.9000244140625,905.9000244140625,0
2024-08-09,893.5,893.5,893.5,893.5,893.5,0
2024-08-12,896.5,896.5,896.5,896.5,896.5,0
2024-08-13,921.5999755859375,921.5999755859375,921.5999755859375,921.5999755859375,921.5999755859375,0
2024-08-14,919.7999877929688,919.7999877929688,919.7999877929688,919.7999877929688,919.7999877929688,0
2024-08-15,935.5999755859375,935.5999755859375,935.5999755859375,935.5999755859375,935.5999755859375,0
2024-08-16,941.7000122070312,941.7000122070312,941.7000122070312,941.7000122070312,941.7000122070312,0
2024-08-19,918.7000122070312,918.7000122070312,918.7000122070312,918.7000122070312,918.7000122070312,0
2024-08-20,913.9000244140625,913.9000244140625,913.9000244140625,913.9000244140625,913.9000244140625,0
2024-08-21,940.5999755859375,940.5999755859375,940.5999755859375,940.5999755859375,940.5999755859375,1
2024-08-22,920.0,920.0,920.0,920.0,920.0,0
2024-08-23,942.5,942.5,942.5,942.5,942.5,0
2024-08-26,960.2000122070312,960.2000122070312,960.2000122070312,960.2000122070312,960.2000122070312,0
2024-08-27,958.5,958.5,958.5,958.5,958.5,0
2024-08-28,933.9000244140625,933.9000244140625,933.9000244140625,933.9000244140625,933.9000244140625,3097
2024-08-29,933.5,976.0,932.5,972.5,972.5,852
2024-08-30,979.0,989.0,961.0999755859375,961.0999755859375,961.0999755859375,77
2024-09-03,974.0,974.5,931.0999755859375,931.0999755859375,931.0999755859375,7
2024-09-04,927.2000122070312,927.2000122070312,927.2000122070312,927.2000122070312,927.2000122070312,0
2024-09-05,929.0,935.0,929.0,934.7000122070312,934.7000122070312,6
2024-09-06,939.0,939.0,896.2999877929688,896.2999877929688,896.2999877929688,5
2024-09-09,913.0,936.7999877929688,899.5,936.7999877929688,936.7999877929688,5
2024-09-10,960.0,960.0,960.0,960.0,960.0,0
2024-09-11,1014.0,1014.0,1010.2000122070312,1010.2000122070312,1010.2000122070312,6
2024-09-12,1016.0,1053.800048828125,1016.0,1053.800048828125,1053.800048828125,8
2024-09-13,1076.0,1076.0,1076.0,1076.0,1076.0,0
2024-09-16,1084.4000244140625,1084.4000244140625,1084.4000244140625,1084.4000244140625,1084.4000244140625,0
2024-09-17,1104.699951171875,1104.699951171875,1104.699951171875,1104.699951171875,1104.699951171875,0
2024-09-18,1087.5,1087.5,1068.300048828125,1068.300048828125,1068.300048828125,2
2024-09-19,1100.4000244140625,1100.4000244140625,1100.4000244140625,1100.4000244140625,1100.4000244140625,0
2024-09-20,1079.9000244140625,1079.9000244140625,1079.9000244140625,1079.9000244140625,1079.9000244140625,0
2024-09-23,1046.9000244140625,1046.9000244140625,1046.9000244140625,1046.9000244140625,1046.9000244140625,0
2024-09-24,1056.5,1061.9000244140625,1056.5,1061.9000244140625,1061.9000244140625,1
2024-09-25,1033.300048828125,1033.300048828125,1033.300048828125,1033.300048828125,1033.300048828125,0
2024-09-26,1060.0,1060.0,1044.300048828125,1044.300048828125,1044.300048828125,8
2024-09-27,1014.0,1014.0,1014.0,1014.0,1014.0,0
2024-09-30,998.9000244140625,998.9000244140625,998.9000244140625,998.9000244140625,998.9000244140625,0
2024-10-01,993.5999755859375,993.5999755859375,993.5999755859375,993.5999755859375,993.5999755859375,3
2024-10-02,1016.4000244140625,1016.4000244140625,1016.4000244140625,1016.4000244140625,1016.4000244140625,1
2024-10-03,997.2999877929688,997.2999877929688,997.2999877929688,997.2999877929688,997.2999877929688,0
2024-10-04,995.2000122070312,995.2000122070312,995.2000122070312,995.2000122070312,995.2000122070312,0
2024-10-07,1023.0,1023.0,1023.0,1023.0,1023.0,0
2024-10-08,1003.5999755859375,1003.5999755859375,1003.5999755859375,1003.5999755859375,1003.5999755859375,0
2024-10-09,1036.9000244140625,1036.9000244140625,1036.9000244140625,1036.9000244140625,1036.9000244140625,0
2024-10-10,1065.4000244140625,1065.4000244140625,1065.4000244140625,1065.4000244140625,1065.4000244140625,0
2024-10-11,1061.800048828125,1061.800048828125,1061.800048828125,1061.800048828125,1061.800048828125,2
2024-10-14,1023.0999755859375,1023.0999755859375,1023.0999755859375,1023.0999755859375,1023.0999755859375,0
2024-10-15,1004.2000122070312,1004.2000122070312,1004.2000122070312,1004.2000122070312,1004.2000122070312,12
2024-10-16,1019.0,1019.0,1019.0,1019.0,1019.0,12
2024-10-17,1038.300048828125,1038.300048828125,1038.300048828125,1038.300048828125,1038.300048828125,12
2024-10-18,1077.699951171875,1077.699951171875,1077.699951171875,1077.699951171875,1077.699951171875,12
2024-10-21,1048.4000244140625,1048.4000244140625,1048.4000244140625,1048.4000244140625,1048.4000244140625,12
2024-10-22,1074.199951171875,1074.199951171875,1074.199951171875,1074.199951171875,1074.199951171875,12
2024-10-23,1057.5,1057.5,1057.5,1057.5,1057.5,12
2024-10-24,1161.0,1161.0,1161.0,1161.0,1161.0,3
2024-10-25,1199.699951171875,1199.699951171875,1199.699951171875,1199.699951171875,1199.699951171875,0
2024-10-28,1222.0,1222.0,1222.0,1222.0,1222.0,0
2024-10-29,1227.0,1227.0,1227.0,1227.0,1227.0,10
2024-10-30,1151.5,1154.5,1149.0,1149.0,1149.0,5
2024-10-31,1106.5,1106.5,1106.5,1106.5,1106.5,5
2024-11-01,1103.800048828125,1103.800048828125,1103.800048828125,1103.800048828125,1103.800048828125,5
2024-11-04,1066.4000244140625,1066.4000244140625,1066.4000244140625,1066.4000244140625,1066.4000244140625,5
2024-11-05,1076.9000244140625,1076.9000244140625,1076.9000244140625,1076.9000244140625,1076.9000244140625,5
2024-11-06,1036.0999755859375,1036.0999755859375,1036.0999755859375,1036.0999755859375,1036.0999755859375,5
2024-11-07,1017.4000244140625,1017.4000244140625,1017.4000244140625,1017.4000244140625,1017.4000244140625,5
2024-11-08,988.9000244140625,988.9000244140625,988.9000244140625,988.9000244140625,988.9000244140625,5
2024-11-11,979.4000244140625,979.4000244140625,979.4000244140625,979.4000244140625,979.4000244140625,5
2024-11-12,938.2999877929688,938.2999877929688,938.2999877929688,938.2999877929688,938.2999877929688,5
2024-11-13,929.5,929.5,929.5,929.5,929.5,5
2024-11-14,923.4000244140625,923.4000244140625,923.4000244140625,923.4000244140625,923.4000244140625,5
2024-11-15,941.2999877929688,941.2999877929688,941.2999877929688,941.2999877929688,941.2999877929688,5
2024-11-18,1006.2000122070312,1006.2000122070312,1006.2000122070312,1006.2000122070312,1006.2000122070312,5
2024-11-19,1035.300048828125,1035.300048828125,1035.300048828125,1035.300048828125,1035.300048828125,5
2024-11-20,1023.9000244140625,1023.9000244140625,1023.9000244140625,1023.9000244140625,1023.9000244140625,5
2024-11-21,1042.5999755859375,1042.5999755859375,1042.5999755859375,1042.5999755859375,1042.5999755859375,1
2024-11-22,1025.0,1040.0,1017.0,1017.0,1017.0,4
2024-11-25,979.7999877929688,979.7999877929688,979.7999877929688,979.7999877929688,979.7999877929688,4
2024-11-26,987.2000122070312,987.2000122070312,987.2000122070312,987.2000122070312,987.2000122070312,3690
2024-11-27,986.5,1001.5,973.5,982.7999877929688,982.7999877929688,1146
2024-11-29,993.0,995.0,970.5,990.2000122070312,990.2000122070312,45
2024-12-02,975.0,1004.5,975.0,991.9000244140625,991.9000244140625,16
2024-12-03,1003.0,1003.0,978.0,983.7000122070312,983.7000122070312,9
2024-12-04,966.0,988.7999877929688,961.0,988.7999877929688,988.7999877929688,101
2024-12-05,970.0999755859375,971.5,970.0999755859375,970.0999755859375,970.0999755859375,1
2024-12-06,960.2999877929688,960.2999877929688,960.2999877929688,960.2999877929688,960.2999877929688,0
2024-12-09,980.5,991.5,979.0,988.5999755859375,988.5999755859375,5
2024-12-10,974.5999755859375,974.5999755859375,974.5999755859375,974.5999755859375,974.5999755859375,5
2024-12-11,991.5,1002.7000122070312,991.5,1002.7000122070312,1002.7000122070312,2
2024-12-12,983.0,983.0,983.0,983.0,983.0,1
2024-12-13,953.0999755859375,953.0999755859375,953.0999755859375,953.0999755859375,953.0999755859375,2
2024-12-16,944.7999877929688,944.7999877929688,944.7999877929688,944.7999877929688,944.7999877929688,0
2024-12-17,932.5999755859375,932.5999755859375,932.5999755859375,932.5999755859375,932.5999755859375,0
2024-12-18,920.0,920.0,919.5999755859375,919.5999755859375,919.5999755859375,3
2024-12-19,897.0999755859375,897.0999755859375,897.0999755859375,897.0999755859375,897.0999755859375,0
2024-12-20,906.5999755859375,906.5999755859375,906.5999755859375,906.5999755859375,906.5999755859375,0
2024-12-23,915.2999877929688,915.2999877929688,915.2999877929688,915.2999877929688,915.2999877929688,0
2024-12-24,930.0,938.2999877929688,930.0,938.2999877929688,938.2999877929688,3
2024-12-26,906.4000244140625,906.4000244140625,906.4000244140625,906.4000244140625,906.4000244140625,0
2024-12-27,893.5999755859375,893.5999755859375,893.5999755859375,893.5999755859375,893.5999755859375,13
2024-12-30,893.5,894.2000122070312,893.5,894.2000122070312,894.2000122070312,9
2024-12-31,902.9000244140625,902.9000244140625,902.9000244140625,902.9000244140625,902.9000244140625,0
2025-01-02,905.2000122070312,905.2000122070312,905.2000122070312,905.2000122070312,905.2000122070312,0
2025-01-03,915.5999755859375,915.5999755859375,915.5999755859375,915.5999755859375,915.5999755859375,0
2025-01-06,909.5999755859375,909.5999755859375,909.5999755859375,909.5999755859375,909.5999755859375,0
2025-01-07,921.2999877929688,921.2999877929688,921.2999877929688,921.2999877929688,921.2999877929688,0
2025-01-08,921.5,921.5,921.5,921.5,921.5,0
2025-01-09,923.9000244140625,923.9000244140625,923.9000244140625,923.9000244140625,923.9000244140625,6
2025-01-10,961.7000122070312,961.7000122070312,961.7000122070312,961.7000122070312,961.7000122070312,6
2025-01-13,934.7999877929688,934.7999877929688,934.7999877929688,934.7999877929688,934.7999877929688,6
2025-01-14,940.7000122070312,940.7000122070312,940.7000122070312,940.7000122070312,940.7000122070312,6
2025-01-15,965.5,965.5,965.5,965.5,965.5,6
2025-01-16,950.2999877929688,950.2999877929688,950.2999877929688,950.2999877929688,950.2999877929688,6
2025-01-17,960.5,960.5,960.5,960.5,960.5,6
2025-01-21,972.5,972.5,972.5,972.5,972.5,6
2025-01-22,998.4000244140625,998.4000244140625,998.4000244140625,998.4000244140625,998.4000244140625,6
2025-01-23,1010.2000122070312,1010.2000122070312,1010.2000122070312,1010.2000122070312,1010.2000122070312,6
2025-01-24,1001.2000122070312,1001.2000122070312,1001.2000122070312,1001.2000122070312,1001.2000122070312,6
2025-01-27,963.5999755859375,963.5999755859375,963.5999755859375,963.5999755859375,963.5999755859375,6
2025-01-28,954.5999755859375,954.5999755859375,954.5999755859375,954.5999755859375,954.5999755859375,6
2025-01-29,966.5999755859375,966.5999755859375,966.5999755859375,966.5999755859375,966.5999755859375,1
2025-01-30,975.5,1004.5999755859375,975.5,1004.5999755859375,1004.5999755859375,1
2025-01-31,1066.9000244140625,1066.9000244140625,1066.9000244140625,1066.9000244140625,1066.9000244140625,7
2025-02-03,1039.199951171875,1039.199951171875,1039.199951171875,1039.199951171875,1039.199951171875,0
2025-02-04,1027.0,1030.0,1009.7000122070312,1009.7000122070312,1009.7000122070312,9
2025-02-05,1014.4000244140625,1014.4000244140625,1014.4000244140625,1014.4000244140625,1014.4000244140625,0
2025-02-06,989.2999877929688,989.2999877929688,989.2999877929688,989.2999877929688,989.2999877929688,0
2025-02-07,977.7999877929688,977.7999877929688,977.7999877929688,977.7999877929688,977.7999877929688,0
2025-02-10,998.7000122070312,998.7000122070312,998.7000122070312,998.7000122070312,998.7000122070312,0
2025-02-11,987.5999755859375,987.5999755859375,987.5999755859375,987.5999755859375,987.5999755859375,0
2025-02-12,982.5999755859375,982.5999755859375,982.5999755859375,982.5999755859375,982.5999755859375,0
2025-02-13,1015.2999877929688,1015.2999877929688,1015.2999877929688,1015.2999877929688,1015.2999877929688,22
2025-02-14,1005.0,1005.0,1005.0,1005.0,1005.0,1
2025-02-18,1008.7000122070312,1008.7000122070312,1008.7000122070312,1008.7000122070312,1008.7000122070312,0
2025-02-19,1009.0,1009.0,987.2999877929688,987.2999877929688,987.2999877929688,2
2025-02-20,1004.9000244140625,1004.9000244140625,1004.9000244140625,1004.9000244140625,1004.9000244140625,2
2025-02-21,988.0999755859375,988.0999755859375,988.0999755859375,988.0999755859375,988.0999755859375,5
2025-02-24,940.5999755859375,940.5999755859375,940.5999755859375,940.5999755859375,940.5999755859375,0
2025-02-25,920.5,920.5,920.5,920.5,920.5,0
2025-02-26,920.5,920.5,920.5,920.5,920.5,2981
2025-02-27,923.5,925.0,899.0,901.2999877929688,901.2999877929688,471
2025-02-28,900.0,900.0,890.0,899.7000122070312,899.7000122070312,9
2025-03-03,951.2000122070312,951.2000122070312,951.2000122070312,951.2000122070312,951.2000122070312,2
2025-03-04,946.2999877929688,946.2999877929688,946.2999877929688,946.2999877929688,946.2999877929688,0
2025-03-05,939.4000244140625,939.4000244140625,939.4000244140625,939.4000244140625,939.4000244140625,0
2025-03-06,942.0,942.0,942.0,942.0,942.0,0
2025-03-07,952.0,952.0,945.7999877929688,945.7999877929688,945.7999877929688,1
2025-03-10,959.0,959.0,939.7999877929688,939.7999877929688,939.7999877929688,1
2025-03-11,938.2000122070312,938.2000122070312,938.2000122070312,938.2000122070312,938.2000122070312,0
2025-03-12,943.2000122070312,943.2000122070312,943.2000122070312,943.2000122070312,943.2000122070312,0
2025-03-13,953.0,953.0,953.0,953.0,953.0,0
2025-03-14,959.0,980.0,959.0,962.2999877929688,962.2999877929688,6
2025-03-17,963.5999755859375,963.5999755859375,963.5999755859375,963.5999755859375,963.5999755859375,0
2025-03-18,966.2000122070312,966.2000122070312,966.2000122070312,966.2000122070312,966.2000122070312,0
2025-03-19,949.2000122070312,949.2000122070312,949.2000122070312,949.2000122070312,949.2000122070312,0
2025-03-20,946.0,946.0,939.0999755859375,939.0999755859375,939.0999755859375,3
2025-03-21,951.2000122070312,951.2000122070312,951.2000122070312,951.2000122070312,951.2000122070312,0
2025-03-24,948.0,949.5,947.7000122070312,947.7000122070312,947.7000122070312,3
2025-03-25,961.5,961.5,948.5,953.7999877929688,953.7999877929688,2
2025-03-26,962.5,962.5,962.5,962.5,962.5,2
2025-03-27,969.0,974.0,969.0,973.7999877929688,973.7999877929688,13
2025-03-28,965.0,974.2999877929688,965.0,974.2999877929688,974.2999877929688,3
2025-03-31,991.2000122070312,991.2000122070312,991.2000122070312,991.2000122070312,991.2000122070312,3
2025-04-01,991.2999877929688,991.2999877929688,991.2999877929688,991.2999877929688,991.2999877929688,3
2025-04-02,974.5,974.5,974.5,974.5,974.5,3
2025-04-03,919.0999755859375,919.0999755859375,919.0999755859375,919.0999755859375,919.0999755859375,3
2025-04-04,896.2000122070312,896.2000122070312,896.2000122070312,896.2000122070312,896.2000122070312,3
2025-04-07,876.5999755859375,876.5999755859375,876.5999755859375,876.5999755859375,876.5999755859375,3
2025-04-08,877.9000244140625,877.9000244140625,877.9000244140625,877.9000244140625,877.9000244140625,3
2025-04-09,878.0999755859375,878.0999755859375,878.0999755859375,878.0999755859375,878.0999755859375,3
2025-04-10,888.9000244140625,888.9000244140625,888.9000244140625,888.9000244140625,888.9000244140625,3
2025-04-11,896.7999877929688,896.7999877929688,896.7999877929688,896.7999877929688,896.7999877929688,3
2025-04-14,946.5999755859375,946.5999755859375,946.5999755859375,946.5999755859375,946.5999755859375,3
2025-04-15,968.2000122070312,968.2000122070312,968.2000122070312,968.2000122070312,968.2000122070312,3
2025-04-16,969.7999877929688,969.7999877929688,969.7999877929688,969.7999877929688,969.7999877929688,3
2025-04-17,955.4000244140625,955.4000244140625,955.4000244140625,955.4000244140625,955.4000244140625,3
2025-04-21,925.7000122070312,925.7000122070312,925.7000122070312,925.7000122070312,925.7000122070312,3
2025-04-22,928.7999877929688,928.7999877929688,928.7999877929688,928.7999877929688,928.7999877929688,3
2025-04-23,937.7000122070312,937.7000122070312,937.7000122070312,937.7000122070312,937.7000122070312,3
2025-04-24,947.9000244140625,947.9000244140625,947.9000244140625,947.9000244140625,947.9000244140625,3
2025-04-25,931.0,931.0,931.0,931.0,931.0,3
2025-04-28,954.0,965.5,943.4000244140625,943.4000244140625,943.4000244140625,8
2025-04-29,932.5,932.5,932.5,932.5,932.5,0
2025-04-30,930.2000122070312,930.2000122070312,930.2000122070312,930.2000122070312,930.2000122070312,0
2025-05-01,939.7000122070312,939.7000122070312,939.7000122070312,939.7000122070312,939.7000122070312,0
2025-05-02,946.9000244140625,946.9000244140625,946.9000244140625,946.9000244140625,946.9000244140625,0
2025-05-05,938.5,938.5,938.5,938.5,938.5,0
2025-05-06,976.2999877929688,976.2999877929688,976.2999877929688,976.2999877929688,976.2999877929688,0
2025-05-07,978.2999877929688,978.2999877929688,978.2999877929688,978.2999877929688,978.2999877929688,0
2025-05-08,979.4000244140625,979.4000244140625,979.4000244140625,979.4000244140625,979.4000244140625,0
2025-05-09,978.0,978.0,978.0,978.0,978.0,0
2025-05-12,938.0,938.0,938.0,938.0,938.0,0
2025-05-13,952.2000122070312,952.2000122070312,952.2000122070312,952.2000122070312,952.2000122070312,0
2025-05-14,950.2999877929688,950.2999877929688,950.2999877929688,950.2999877929688,950.2999877929688,0
2025-05-15,964.2000122070312,964.2000122070312,964.2000122070312,964.2000122070312,964.2000122070312,0
2025-05-16,956.7999877929688,956.7999877929688,956.7999877929688,956.7999877929688,956.7999877929688,0
2025-05-19,979.2000122070312,979.2000122070312,979.2000122070312,979.2000122070312,979.2000122070312,0
2025-05-20,1021.5999755859375,1021.5999755859375,1021.5999755859375,1021.5999755859375,1021.5999755859375,0
2025-05-21,1046.5999755859375,1046.5999755859375,1046.5999755859375,1046.5999755859375,1046.5999755859375,0
2025-05-22,1024.0,1024.0,1024.0,1024.0,1024.0,0
2025-05-23,1001.5,1001.5,1001.5,1001.5,1001.5,0
2025-05-27,977.2999877929688,977.2999877929688,977.2999877929688,977.2999877929688,977.2999877929688,0
2025-05-28,962.2000122070312,962.2000122070312,962.2000122070312,962.2000122070312,962.2000122070312,3532
2025-05-29,962.0,977.0,958.0,967.2999877929688,967.2999877929688,550
2025-05-30,960.0,961.2999877929688,957.0,961.2999877929688,961.2999877929688,6
2025-06-02,977.0,996.0,977.0,988.5999755859375,988.5999755859375,10
2025-06-03,1015.0,1015.0,1015.0,1015.0,1015.0,0
2025-06-04,1010.0,1014.0,1000.2999877929688,1000.2999877929688,1000.2999877929688,27
2025-06-05,1038.5,1038.5,1002.5,1006.5,1006.5,41
2025-06-06,1060.5999755859375,1060.5999755859375,1060.5999755859375,1060.5999755859375,1060.5999755859375,0
2025-06-09,1079.5,1106.0,1079.5,1084.4000244140625,1084.4000244140625,20
2025-06-10,1074.0,1074.5,1068.0,1068.0,1068.0,7
2025-06-11,1087.0999755859375,1087.0999755859375,1087.0999755859375,1087.0999755859375,1087.0999755859375,1
2025-06-12,1062.0999755859375,1062.0999755859375,1062.0999755859375,1062.0999755859375,1062.0999755859375,12
2025-06-13,1039.5999755859375,1039.5999755859375,1039.5999755859375,1039.5999755859375,1039.5999755859375,0
2025-06-16,1055.5,1055.5,1032.0,1036.699951171875,1036.699951171875,10
2025-06-17,1062.300048828125,1062.300048828125,1062.300048828125,1062.300048828125,1062.300048828125,0
2025-06-18,1057.0,1067.0,1057.0,1061.800048828125,1061.800048828125,0
2025-06-20,1046.0,1052.800048828125,1046.0,1052.800048828125,1052.800048828125,1
2025-06-23,1088.5999755859375,1096.0,1088.5999755859375,1088.5999755859375,1088.5999755859375,4
2025-06-24,1067.0,1067.0,1067.0,1067.0,1067.0,0
2025-06-25,1065.4000244140625,1065.4000244140625,1065.4000244140625,1065.4000244140625,1065.4000244140625,0
2025-06-26,1137.300048828125,1137.300048828125,1137.300048828125,1137.300048828125,1137.300048828125,82
2025-06-27,1145.5999755859375,1145.5999755859375,1145.5999755859375,1145.5999755859375,1145.5999755859375,2
2025-06-30,1102.0999755859375,1102.0999755859375,1102.0999755859375,1102.0999755859375,1102.0999755859375,0
2025-07-01,1105.5,1105.5,1105.5,1105.5,1105.5,0
2025-07-02,1157.0,1157.0,1157.0,1157.0,1157.0,0
2025-07-03,1136.5,1136.5,1136.5,1136.5,1136.5,0
2025-07-07,1103.699951171875,1103.699951171875,1103.699951171875,1103.699951171875,1103.699951171875,0
2025-07-08,1110.9000244140625,1110.9000244140625,1110.9000244140625,1110.9000244140625,1110.9000244140625,0
2025-07-09,1130.800048828125,1130.800048828125,1130.800048828125,1130.800048828125,1130.800048828125,0
2025-07-10,1183.5,1214.5,1183.5,1186.9000244140625,1186.9000244140625,11
2025-07-11,1273.0,1273.0,1273.0,1273.0,1273.0,0
2025-07-14,1230.5,1230.5,1230.5,1230.5,1230.5,0
2025-07-15,1239.0,1239.0,1239.0,1239.0,1239.0,0
2025-07-16,1278.0,1278.0,1278.0,1278.0,1278.0,0
2025-07-17,1282.5,1300.0,1282.5,1291.0,1291.0,8
2025-07-18,1360.0,1360.0,1291.9000244140625,1291.9000244140625,1291.9000244140625,5
2025-07-21,1291.4000244140625,1291.4000244140625,1291.4000244140625,1291.4000244140625,1291.4000244140625,0
2025-07-22,1312.9000244140625,1312.9000244140625,1312.9000244140625,1312.9000244140625,1312.9000244140625,0
2025-07-23,1315.5999755859375,1315.5999755859375,1315.5999755859375,1315.5999755859375,1315.5999755859375,0
2025-07-24,1277.0,1277.0,1277.0,1277.0,1277.0,0
2025-07-25,1243.4000244140625,1243.4000244140625,1243.4000244140625,1243.4000244140625,1243.4000244140625,0
2025-07-28,1280.5,1280.5,1280.5,1280.5,1280.5,0
2025-07-29,1268.199951171875,1268.199951171875,1268.199951171875,1268.199951171875,1268.199951171875,17
2025-07-30,1255.199951171875,1255.199951171875,1255.199951171875,1255.199951171875,1255.199951171875,24
2025-07-31,1196.0999755859375,1196.0999755859375,1196.0999755859375,1196.0999755859375,1196.0999755859375,0
2025-08-01,1207.9000244140625,1207.9000244140625,1207.9000244140625,1207.9000244140625,1207.9000244140625,0
2025-08-04,1194.800048828125,1194.800048828125,1194.800048828125,1194.800048828125,1194.800048828125,0
2025-08-05,1193.5,1193.5,1193.5,1193.5,1193.5,0
2025-08-06,1137.4000244140625,1137.4000244140625,1137.4000244140625,1137.4000244140625,1137.4000244140625,0
2025-08-07,1160.9000244140625,1160.9000244140625,1160.9000244140625,1160.9000244140625,1160.9000244140625,0
2025-08-08,1133.199951171875,1133.199951171875,1133.199951171875,1133.199951171875,1133.199951171875,0
2025-08-11,1149.4000244140625,1149.4000244140625,1149.4000244140625,1149.4000244140625,1149.4000244140625,0
2025-08-12,1131.199951171875,1131.199951171875,1131.199951171875,1131.199951171875,1131.199951171875,0
2025-08-13,1121.0999755859375,1121.0999755859375,1121.0999755859375,1121.0999755859375,1121.0999755859375,0
2025-08-14,1144.5,1144.5,1144.5,1144.5,1144.5,0
2025-08-15,1107.5999755859375,1107.5999755859375,1107.5999755859375,1107.5999755859375,1107.5999755859375,0
2025-08-18,1121.4000244140625,1121.4000244140625,1121.4000244140625,1121.4000244140625,1121.4000244140625,0
2025-08-19,1101.800048828125,1101.800048828125,1101.800048828125,1101.800048828125,1101.800048828125,0
2025-08-20,1111.199951171875,1111.199951171875,1111.199951171875,1111.199951171875,1111.199951171875,0
2025-08-21,1105.5,1105.5,1105.5,1105.5,1105.5,0
2025-08-22,1123.5,1123.5,1123.5,1123.5,1123.5,0
2025-08-25,1087.5,1087.5,1087.5,1087.5,1087.5,0
2025-08-26,1084.199951171875,1084.199951171875,1084.199951171875,1084.199951171875,1084.199951171875,0
2025-08-27,1082.0,1082.0,1082.0,1082.0,1082.0,4021
2025-08-28,1093.0,1115.0,1089.5,1104.5999755859375,1104.5999755859375,880
2025-08-29,1086.0,1105.199951171875,1084.5,1105.199951171875,1105.199951171875,0
2025-09-02,1130.0,1156.0,1124.5,1136.4000244140625,1136.4000244140625,11
2025-09-03,1136.0,1168.5,1136.0,1168.5,1168.5,28
2025-09-04,1125.5,1125.5,1125.5,1125.5,1125.5,0
2025-09-05,1135.0,1135.5,1111.5999755859375,1111.5999755859375,1111.5999755859375,4
2025-09-08,1121.5,1139.4000244140625,1121.5,1139.4000244140625,1139.4000244140625,2
2025-09-09,1124.699951171875,1124.699951171875,1124.699951171875,1124.699951171875,1124.699951171875,0
2025-09-10,1195.5,1196.5,1194.300048828125,1194.300048828125,1194.300048828125,18
2025-09-11,1198.5,1219.5999755859375,1198.5,1219.5999755859375,1219.5999755859375,28
2025-09-12,1212.5,1244.0,1212.5,1229.300048828125,1229.300048828125,49
2025-09-15,1204.0,1204.0,1204.0,1204.0,1204.0,1
2025-09-16,1179.9000244140625,1179.9000244140625,1179.9000244140625,1179.9000244140625,1179.9000244140625,0
2025-09-17,1154.4000244140625,1154.4000244140625,1154.4000244140625,1154.4000244140625,1154.4000244140625,9
2025-09-18,1168.0,1168.0,1168.0,1168.0,1168.0,14
2025-09-19,1150.800048828125,1150.800048828125,1150.800048828125,1150.800048828125,1150.800048828125,0
2025-09-22,1155.0,1193.699951171875,1155.0,1193.699951171875,1193.699951171875,1
2025-09-23,1232.300048828125,1232.300048828125,1232.300048828125,1232.300048828125,1232.300048828125,0
2025-09-24,1221.4000244140625,1221.4000244140625,1221.4000244140625,1221.4000244140625,1221.4000244140625,3
2025-09-25,1264.4000244140625,1264.4000244140625,1264.4000244140625,1264.4000244140625,1264.4000244140625,2
2025-09-26,1291.4000244140625,1291.4000244140625,1291.4000244140625,1291.4000244140625,1291.4000244140625,66
2025-09-29,1298.0,1301.5,1265.699951171875,1265.699951171875,1265.699951171875,100
2025-09-30,1263.5,1263.5,1263.5,1263.5,1263.5,15
2025-10-01,1250.5,1250.5,1250.5,1250.5,1250.5,29
2025-10-02,1239.800048828125,1239.800048828125,1239.800048828125,1239.800048828125,1239.800048828125,5
2025-10-03,1278.5,1278.5,1272.5,1273.0,1273.0,37
2025-10-06,1287.5,1326.800048828125,1280.0,1326.800048828125,1326.800048828125,29
2025-10-07,1329.0,1375.0,1323.0,1347.5999755859375,1347.5999755859375,45
2025-10-08,1413.0,1465.0,1399.0,1454.199951171875,1454.199951171875,29
2025-10-09,1430.5,1430.5,1430.5,1430.5,1430.5,0
2025-10-10,1485.5,1493.0,1447.5999755859375,1447.5999755859375,1447.5999755859375,31
2025-10-13,1509.4000244140625,1509.4000244140625,1509.4000244140625,1509.4000244140625,1509.4000244140625,31
2025-10-14,1569.4000244140625,1569.4000244140625,1559.0,1569.4000244140625,1569.4000244140625,38
2025-10-15,1569.0999755859375,1569.0999755859375,1569.0999755859375,1569.0999755859375,1569.0999755859375,0
2025-10-16,1655.0,1655.0,1655.0,1655.0,1655.0,6
2025-10-17,1499.199951171875,1499.199951171875,1499.199951171875,1499.199951171875,1499.199951171875,2
2025-10-20,1514.800048828125,1514.800048828125,1514.800048828125,1514.800048828125,1514.800048828125,0
2025-10-21,1412.5999755859375,1412.5999755859375,1412.5999755859375,1412.5999755859375,1412.5999755859375,0
2025-10-22,1439.699951171875,1439.699951171875,1439.699951171875,1439.699951171875,1439.699951171875,10
2025-10-23,1470.9000244140625,1470.9000244140625,1470.9000244140625,1470.9000244140625,1470.9000244140625,0
2025-10-24,1463.5999755859375,1463.5999755859375,1463.5999755859375,1463.5999755859375,1463.5999755859375,0
2025-10-27,1415.9000244140625,1415.9000244140625,1415.9000244140625,1415.9000244140625,1415.9000244140625,0
2025-10-28,1402.699951171875,1402.699951171875,1402.699951171875,1402.699951171875,1402.699951171875,0
2025-10-29,1429.5,1429.5,1429.5,1429.5,1429.5,9
2025-10-30,1452.5,1461.5,1452.5,1461.5,1461.5,22
2025-10-31,1473.0,1473.0,1444.699951171875,1444.699951171875,1444.699951171875,17
2025-11-03,1446.9000244140625,1446.9000244140625,1446.9000244140625,1446.9000244140625,1446.9000244140625,0
2025-11-04,1412.9000244140625,1412.9000244140625,1412.9000244140625,1412.9000244140625,1412.9000244140625,0
2025-11-05,1442.4000244140625,1442.4000244140625,1442.4000244140625,1442.4000244140625,1442.4000244140625,11
2025-11-06,1388.0999755859375,1388.0999755859375,1388.0999755859375,1388.0999755859375,1388.0999755859375,0
2025-11-07,1397.300048828125,1397.300048828125,1397.300048828125,1397.300048828125,1397.300048828125,1
2025-11-10,1443.0999755859375,1443.0999755859375,1443.0999755859375,1443.0999755859375,1443.0999755859375,1
2025-11-11,1467.5999755859375,1467.5999755859375,1467.5999755859375,1467.5999755859375,1467.5999755859375,0
2025-11-12,1499.9000244140625,1499.9000244140625,1499.9000244140625,1499.9000244140625,1499.9000244140625,0
2025-11-13,1497.0,1517.0,1470.4000244140625,1470.4000244140625,1470.4000244140625,23
2025-11-14,1416.5,1425.5,1416.0,1420.699951171875,1420.699951171875,10
2025-11-17,1413.9000244140625,1413.9000244140625,1413.9000244140625,1413.9000244140625,1413.9000244140625,0
2025-11-18,1419.4000244140625,1419.4000244140625,1419.4000244140625,1419.4000244140625,1419.4000244140625,0
2025-11-19,1402.0999755859375,1402.0999755859375,1402.0999755859375,1402.0999755859375,1402.0999755859375,3
2025-11-20,1382.4000244140625,1382.4000244140625,1382.4000244140625,1382.4000244140625,1382.4000244140625,5
2025-11-21,1383.5999755859375,1383.5999755859375,1383.5999755859375,1383.5999755859375,1383.5999755859375,1
2025-11-24,1387.5,1403.0999755859375,1387.5,1403.0999755859375,1403.0999755859375,5
2025-11-25,1402.199951171875,1402.199951171875,1402.199951171875,1402.199951171875,1402.199951171875,3953
2025-11-26,1400.0,1431.0,1399.0,1422.5,1422.5,1097
2025-11-28,1427.0,1468.5999755859375,1418.5,1468.5999755859375,1468.5999755859375,74
2025-12-01,1478.5,1478.5,1444.800048828125,1444.800048828125,1444.800048828125,68
2025-12-02,1470.9000244140625,1470.9000244140625,1470.9000244140625,1470.9000244140625,1470.9000244140625,24
2025-12-03,1470.5,1476.800048828125,1470.5,1476.800048828125,1476.800048828125,32
2025-12-04,1449.5,1451.9000244140625,1449.5,1451.9000244140625,1451.9000244140625,19
2025-12-05,1472.0,1479.0,1469.0,1472.4000244140625,1472.4000244140625,29
2025-12-08,1495.5,1500.0,1483.5999755859375,1483.5999755859375,1483.5999755859375,26
2025-12-09,1511.4000244140625,1511.4000244140625,1511.4000244140625,1511.4000244140625,1511.4000244140625,0
2025-12-10,1458.300048828125,1458.300048828125,1458.300048828125,1458.300048828125,1458.300048828125,1
2025-12-11,1494.0,1512.699951171875,1494.0,1512.699951171875,1512.699951171875,1
2025-12-12,1555.5,1555.5,1514.199951171875,1514.199951171875,1514.199951171875,10
2025-12-15,1592.800048828125,1592.800048828125,1592.800048828125,1592.800048828125,1592.800048828125,1
2025-12-16,1626.5999755859375,1626.5999755859375,1626.5999755859375,1626.5999755859375,1626.5999755859375,0
2025-12-17,1655.5,1684.199951171875,1646.0,1684.199951171875,1684.199951171875,29
2025-12-18,1728.5,1747.5,1723.0,1737.9000244140625,1737.9000244140625,32
2025-12-19,1749.0,1749.0,1725.0,1749.0,1749.0,11
2025-12-22,1815.0,1818.0,1793.4000244140625,1793.4000244140625,1793.4000244140625,13
2025-12-23,1855.0,1925.5,1855.0,1918.5999755859375,1918.5999755859375,25
2025-12-24,1766.300048828125,1766.300048828125,1766.300048828125,1766.300048828125,1766.300048828125,0
2025-12-26,1984.699951171875,1984.699951171875,1984.699951171875,1984.699951171875,1984.699951171875,0
2025-12-29,1648.300048828125,1648.300048828125,1648.300048828125,1648.300048828125,1648.300048828125,65
2025-12-30,1650.5,1706.699951171875,1650.5,1706.699951171875,1706.699951171875,33
2025-12-31,1629.199951171875,1629.199951171875,1629.199951171875,1629.199951171875,1629.199951171875,0
2026-01-02,1668.0,1668.0,1668.0,1668.0,1668.0,0
2026-01-05,1700.0,1768.5,1680.0,1742.199951171875,1742.199951171875,21
2026-01-06,1865.5999755859375,1865.5999755859375,1865.5999755859375,1865.5999755859375,1865.5999755859375,0
2026-01-07,1767.199951171875,1767.199951171875,1767.199951171875,1767.199951171875,1767.199951171875,0
2026-01-08,1781.0999755859375,1781.0999755859375,1781.0999755859375,1781.0999755859375,1781.0999755859375,0
2026-01-09,1853.0,1853.0,1853.0,1853.0,1853.0,0
2026-01-12,1921.300048828125,1921.300048828125,1921.300048828125,1921.300048828125,1921.300048828125,0
2026-01-13,1900.4000244140625,1900.4000244140625,1900.4000244140625,1900.4000244140625,1900.4000244140625,0
2026-01-14,1886.9000244140625,1886.9000244140625,1886.9000244140625,1886.9000244140625,1886.9000244140625,0
2026-01-15,1859.0,1859.0,1859.0,1859.0,1859.0,28
2026-01-16,1805.199951171875,1805.199951171875,1805.199951171875,1805.199951171875,1805.199951171875,5
2026-01-20,1890.9000244140625,1890.9000244140625,1890.9000244140625,1890.9000244140625,1890.9000244140625,28
2026-01-21,1865.199951171875,1865.199951171875,1865.199951171875,1865.199951171875,1865.199951171875,5
2026-01-22,1910.300048828125,1910.300048828125,1910.300048828125,1910.300048828125,1910.300048828125,7
2026-01-23,2010.0,2033.5,2010.0,2010.0,2010.0,16
2026-01-26,2064.5,2169.89990234375,2064.5,2169.89990234375,2169.89990234375,24
2026-01-27,1861.800048828125,1861.800048828125,1861.800048828125,1861.800048828125,1861.800048828125,0
2026-01-28,2025.4000244140625,2025.4000244140625,2025.4000244140625,2025.4000244140625,2025.4000244140625,34
2026-01-29,2150.0,2150.0,2000.5999755859375,2000.5999755859375,2000.5999755859375,11
2026-01-30,1826.0,1832.0,1688.300048828125,1688.300048828125,1688.300048828125,15
2026-02-02,1643.5,1689.9000244140625,1625.0,1689.9000244140625,1689.9000244140625,40
2026-02-03,1746.0999755859375,1746.0999755859375,1746.0999755859375,1746.0999755859375,1746.0999755859375,0
2026-02-04,1726.199951171875,1726.199951171875,1726.199951171875,1726.199951171875,1726.199951171875,0
2026-02-05,1688.9000244140625,1688.9000244140625,1688.9000244140625,1688.9000244140625,1688.9000244140625,0
2026-02-06,1549.5,1732.699951171875,1549.5,1732.699951171875,1732.699951171875,19
2026-02-09,1737.0999755859375,1737.0999755859375,1737.0999755859375,1737.0999755859375,1737.0999755859375,0
2026-02-10,1722.699951171875,1722.699951171875,1722.699951171875,1722.699951171875,1722.699951171875,0
2026-02-11,1735.300048828125,1735.300048828125,1735.300048828125,1735.300048828125,1735.300048828125,0
2026-02-12,1650.300048828125,1650.300048828125,1650.300048828125,1650.300048828125,1650.300048828125,0
2026-02-13,1697.5,1732.0,1697.5,1697.5,1697.5,14
2026-02-17,1675.199951171875,1675.199951171875,1675.199951171875,1675.199951171875,1675.199951171875,7
2026-02-18,1751.300048828125,1751.300048828125,1751.300048828125,1751.300048828125,1751.300048828125,0
2026-02-19,1690.4000244140625,1690.4000244140625,1690.4000244140625,1690.4000244140625,1690.4000244140625,0
2026-02-20,1774.199951171875,1774.199951171875,1774.199951171875,1774.199951171875,1774.199951171875,2
2026-02-23,1772.199951171875,1772.199951171875,1772.199951171875,1772.199951171875,1772.199951171875,2
2026-02-24,1813.5,1813.5,1813.5,1813.5,1813.5,0
2026-02-25,1834.0999755859375,1834.0999755859375,1834.0999755859375,1834.0999755859375,1834.0999755859375,3403
2026-02-26,1809.0,1812.0,1727.5,1748.5999755859375,1748.5999755859375,825
2026-02-27,1774.5,1842.0,1774.5,1792.199951171875,1792.199951171875,41
2026-03-02,1766.5,1767.5,1757.0,1762.5999755859375,1762.5999755859375,25
2026-03-03,1650.5,1650.5,1627.0,1635.0,1635.0,22
2026-03-04,1667.800048828125,1667.800048828125,1667.800048828125,1667.800048828125,1667.800048828125,18
2026-03-05,1660.0,1660.0,1620.199951171875,1620.199951171875,1620.199951171875,175
2026-03-06,1631.699951171875,1631.699951171875,1631.699951171875,1631.699951171875,1631.699951171875,2
2026-03-09,1591.5,1662.199951171875,1564.0,1662.199951171875,1662.199951171875,52
2026-03-10,1668.699951171875,1668.699951171875,1668.699951171875,1668.699951171875,1668.699951171875,0
2026-03-11,1624.4000244140625,1624.4000244140625,1614.5,1624.4000244140625,1624.4000244140625,16
2026-03-12,1621.9000244140625,1621.9000244140625,1621.9000244140625,1621.9000244140625,1621.9000244140625,2
2026-03-13,1554.0999755859375,1554.0999755859375,1554.0999755859375,1554.0999755859375,1554.0999755859375,0
2026-03-16,1584.5,1584.5,1584.5,1584.5,1584.5,0
2026-03-17,1614.0,1614.0,1614.0,1614.0,1614.0,2
2026-03-18,1517.0999755859375,1517.0999755859375,1517.0999755859375,1517.0999755859375,1517.0999755859375,0
2026-03-19,1434.5999755859375,1435.0,1434.5999755859375,1434.5999755859375,1434.5999755859375,9
2026-03-20,1392.5,1424.800048828125,1387.0,1424.800048828125,1424.800048828125,2
2026-03-23,1371.0,1411.300048828125,1371.0,1411.300048828125,1411.300048828125,4
2026-03-24,1416.0,1422.0,1405.5,1411.199951171875,1411.199951171875,8
2026-03-25,1416.0,1416.0,1416.0,1416.0,1416.0,2
2026-03-26,1341.300048828125,1341.300048828125,1341.300048828125,1341.300048828125,1341.300048828125,0
2026-03-27,1390.9000244140625,1390.9000244140625,1390.9000244140625,1390.9000244140625,1390.9000244140625,22
2026-03-30,1413.5,1418.0,1402.5,1418.0,1418.0,43
2026-03-31,1471.199951171875,1471.199951171875,1471.199951171875,1471.199951171875,1471.199951171875,0
2026-04-01,1478.4000244140625,1478.4000244140625,1478.4000244140625,1478.4000244140625,1478.4000244140625,4
2026-04-02,1491.4000244140625,1491.4000244140625,1491.4000244140625,1491.4000244140625,1491.4000244140625,0
2026-04-06,1476.199951171875,1476.199951171875,1476.199951171875,1476.199951171875,1476.199951171875,0
2026-04-07,1442.0,1442.0,1442.0,1442.0,1442.0,0
2026-04-08,1586.9000244140625,1586.9000244140625,1586.9000244140625,1586.9000244140625,1586.9000244140625,0
2026-04-09,1553.0,1553.0,1553.0,1553.0,1553.0,0
2026-04-10,1528.0999755859375,1528.0999755859375,1528.0999755859375,1528.0999755859375,1528.0999755859375,3
2026-04-13,1526.5,1569.800048828125,1525.0,1569.800048828125,1569.800048828125,30
2026-04-14,1587.0,1587.0,1579.4000244140625,1579.4000244140625,1579.4000244140625,3
2026-04-15,1578.0999755859375,1578.0999755859375,1578.0999755859375,1578.0999755859375,1578.0999755859375,1
2026-04-16,1570.5,1570.5,1570.5,1570.5,1570.5,12
2026-04-17,1590.4000244140625,1590.4000244140625,1590.4000244140625,1590.4000244140625,1590.4000244140625,1
2026-04-20,1559.5999755859375,1559.5999755859375,1559.5999755859375,1559.5999755859375,1559.5999755859375,3
2026-04-21,1531.699951171875,1531.699951171875,1531.699951171875,1531.699951171875,1531.699951171875,0
2026-04-22,1547.0999755859375,1547.0999755859375,1547.0999755859375,1547.0999755859375,1547.0999755859375,0
2026-04-23,1484.5999755859375,1484.5999755859375,1484.5999755859375,1484.5999755859375,1484.5999755859375,3
2026-04-24,1501.5,1501.5,1501.5,1501.5,1501.5,1
2026-04-27,1477.699951171875,1477.699951171875,1477.699951171875,1477.699951171875,1477.699951171875,4
2026-04-28,1461.0999755859375,1461.0999755859375,1461.0999755859375,1461.0999755859375,1461.0999755859375,4
2026-04-29,1461.800048828125,1461.800048828125,1461.800048828125,1461.800048828125,1461.800048828125,14
2026-04-30,1526.4000244140625,1526.4000244140625,1526.4000244140625,1526.4000244140625,1526.4000244140625,0
2026-05-01,1539.199951171875,1539.199951171875,1539.199951171875,1539.199951171875,1539.199951171875,0
2026-05-04,1494.0,1494.0,1474.699951171875,1474.699951171875,1474.699951171875,1
2026-05-05,1505.0,1507.0999755859375,1505.0,1507.0999755859375,1507.0999755859375,1
2026-05-06,1546.0,1546.0,1546.0,1546.0,1546.0,0
2026-05-07,1517.800048828125,1517.800048828125,1491.0,1517.800048828125,1517.800048828125,4
2026-05-08,1482.5999755859375,1482.5999755859375,1482.5999755859375,1482.5999755859375,1482.5999755859375,2
2026-05-11,1513.800048828125,1513.800048828125,1513.800048828125,1513.800048828125,1513.800048828125,1
2026-05-12,1485.699951171875,1485.699951171875,1485.699951171875,1485.699951171875,1485.699951171875,0
2026-05-13,1531.0,1531.0,1531.0,1531.0,1531.0,1
2026-05-14,1456.5999755859375,1456.5999755859375,1456.5999755859375,1456.5999755859375,1456.5999755859375,0
2026-05-15,1422.9000244140625,1422.9000244140625,1422.9000244140625,1422.9000244140625,1422.9000244140625,2
2026-05-18,1417.800048828125,1417.800048828125,1417.800048828125,1417.800048828125,1417.800048828125,1
2026-05-19,1360.199951171875,1360.199951171875,1360.199951171875,1360.199951171875,1360.199951171875,0
2026-05-20,1373.800048828125,1373.800048828125,1373.800048828125,1373.800048828125,1373.800048828125,0
2026-05-21,1383.4000244140625,1383.4000244140625,1383.4000244140625,1383.4000244140625,1383.4000244140625,0
2026-05-22,1358.0,1358.0,1358.0,1358.0,1358.0,0
2026-05-26,1388.0,1393.0,1385.800048828125,1385.800048828125,1385.800048828125,21
2026-05-27,1395.5999755859375,1395.5999755859375,1395.5999755859375,1395.5999755859375,1395.5999755859375,2734
2026-05-28,1391.0,1402.0,1337.5,1377.5999755859375,1377.5999755859375,378
2026-05-29,1380.0,1380.0,1341.5,1361.0,1361.0,43
2026-06-01,1353.5,1368.5,1339.0,1360.5,1360.5,26
2026-06-02,1386.5,1386.5,1368.5,1373.0999755859375,1373.0999755859375,14
2026-06-03,1372.0,1372.0,1314.0,1317.0999755859375,1317.0999755859375,133
2026-06-04,1318.800048828125,1318.800048828125,1318.800048828125,1318.800048828125,1318.800048828125,1
2026-06-05,1286.0,1287.0,1234.5,1247.0999755859375,1247.0999755859375,31
2026-06-08,1202.5,1210.0,1200.9000244140625,1200.9000244140625,1200.9000244140625,21
2026-06-09,1213.5999755859375,1213.5999755859375,1213.5999755859375,1213.5999755859375,1213.5999755859375,0
2026-06-10,1230.800048828125,1230.800048828125,1230.800048828125,1230.800048828125,1230.800048828125,3
2026-06-11,1234.5999755859375,1234.5999755859375,1234.5999755859375,1234.5999755859375,1234.5999755859375,1
2026-06-12,1276.199951171875,1276.199951171875,1276.199951171875,1276.199951171875,1276.199951171875,0
2026-06-15,1346.800048828125,1346.800048828125,1346.800048828125,1346.800048828125,1346.800048828125,0
2026-06-16,1355.9000244140625,1355.9000244140625,1355.9000244140625,1355.9000244140625,1355.9000244140625,0
2026-06-17,1349.0999755859375,1349.0999755859375,1349.0999755859375,1349.0999755859375,1349.0999755859375,0
2026-06-18,1274.5,1274.5,1274.5,1274.5,1274.5,0
2026-06-22,1257.0999755859375,1257.0999755859375,1257.0999755859375,1257.0999755859375,1257.0999755859375,0
2026-06-23,1230.699951171875,1230.699951171875,1230.699951171875,1230.699951171875,1230.699951171875,0
2026-06-24,1161.300048828125,1161.300048828125,1161.300048828125,1161.300048828125,1161.300048828125,2
2026-06-25,1179.0,1194.0,1173.0,1180.199951171875,1180.199951171875,43
2026-06-26,1209.0,1209.0,1209.0,1209.0,1209.0,23
2026-06-29,1202.0,1210.4000244140625,1200.0,1210.4000244140625,1210.4000244140625,10
2026-06-30,1200.0,1200.0,1200.0,1200.0,1200.0,0
2026-07-01,1212.800048828125,1212.800048828125,1212.800048828125,1212.800048828125,1212.800048828125,0
2026-07-02,1261.9000244140625,1261.9000244140625,1261.9000244140625,1261.9000244140625,1261.9000244140625,0
2026-07-06,1260.4000244140625,1260.4000244140625,1260.4000244140625,1260.4000244140625,1260.4000244140625,0
2026-07-07,1270.5999755859375,1270.5999755859375,1270.5999755859375,1270.5999755859375,1270.5999755859375,0
2026-07-08,1213.4000244140625,1213.4000244140625,1213.4000244140625,1213.4000244140625,1213.4000244140625,0
2026-07-09,1243.9000244140625,1243.9000244140625,1243.9000244140625,1243.9000244140625,1243.9000244140625,0
2026-07-10,1266.300048828125,1266.300048828125,1266.300048828125,1266.300048828125,1266.300048828125,0
2026-07-13,1242.699951171875,1242.699951171875,1242.699951171875,1242.699951171875,1242.699951171875,0
2026-07-14,1298.5999755859375,1298.5999755859375,1298.5999755859375,1298.5999755859375,1298.5999755859375,0
2026-07-15,1283.199951171875,1283.199951171875,1283.199951171875,1283.199951171875,1283.199951171875,0
2026-07-16,1263.5,1263.5,1263.5,1263.5,1263.5,0
2026-07-17,1244.0,1244.0,1244.0,1244.0,1244.0,0
2026-07-20,1261.0,1261.0,1261.0,1261.0,1261.0,0
2026-07-21,1279.5,1279.5,1279.5,1279.5,1279.5,0
2026-07-22,1302.9000244140625,1302.9000244140625,1302.9000244140625,1302.9000244140625,1302.9000244140625,0
2026-07-23,1255.300048828125,1255.300048828125,1255.300048828125,1255.300048828125,1255.300048828125,0
2026-07-24,1246.699951171875,1246.699951171875,1246.699951171875,1246.699951171875,1246.699951171875,0
2026-07-27,1289.5999755859375,1289.5999755859375,1289.5999755859375,1289.5999755859375,1289.5999755859375,0
2026-07-28,1266.5,1266.5,1266.5,1266.5,1266.5,0
2026-07-29,1245.699951171875,1245.699951171875,1245.699951171875,1245.699951171875,1245.699951171875,14
2026-07-30,1244.5,1302.199951171875,1244.5,1302.199951171875,1302.199951171875,1
2026-07-31,1275.5999755859375,1275.5999755859375,1275.5999755859375,1275.5999755859375,1275.5999755859375,0
2026-08-03,1250.9000244140625,1250.9000244140625,1250.9000244140625,1250.9000244140625,1250.9000244140625,0
2026-08-04,1355.300048828125,1355.300048828125,1355.300048828125,1355.300048828125,1355.300048828125,0
2026-08-05,1364.699951171875,1364.699951171875,1364.699951171875,1364.699951171875,1364.699951171875,0
2026-08-06,1372.9000244140625,1372.9000244140625,1372.9000244140625,1372.9000244140625,1372.9000244140625,0
2026-08-07,1370.0,1378.0,1363.5,1374.0999755859375,1374.0999755859375,8
2026-08-10,1377.199951171875,1377.199951171875,1377.199951171875,1377.199951171875,1377.199951171875,0
2026-08-11,1366.0999755859375,1366.0999755859375,1366.0999755859375,1366.0999755859375,1366.0999755859375,0
2026-08-12,1370.199951171875,1370.199951171875,1370.199951171875,1370.199951171875,1370.199951171875,0
2026-08-13,1322.5999755859375,1322.5999755859375,1322.5999755859375,1322.5999755859375,1322.5999755859375,4
2026-08-14,1322.5,1322.5,1322.5,1322.5,1322.5,4
